ID,Name,Description,Media_Type,Download_URL,Path_In_Zip,size
1c2f9386c64cd28e0107d01ed02d6a9b,khw_40_40b.wav,,audio/x-wav,audio/khw_40_40b.wav,,83708
f3cbab8bbaeeecb2a3fcd7236d93ee93,khw_40_40b.mp3,,audio/mpeg,audio/khw_40_40b.mp3,,21942
10adfe9eb1ba18507a34e172bea0ba06,wbl_p_40_20.wav,,audio/x-wav,audio/wbl_p_40_20.wav,,114652
6cca267d2080bb0e3300184b6ccdbb07,wbl_p_40_20.mp3,,audio/mpeg,audio/wbl_p_40_20.mp3,,28211
130ba201f0c81df90c3de07ad031fe3d,sdg_40_40.wav,,audio/x-wav,audio/sdg_40_40.wav,,100720
93b9b100a52a5de677942cf80b8379be,sdg_40_40.mp3,,audio/mpeg,audio/sdg_40_40.mp3,,25076
fc74998365247dec0ce5d680f7bc056b,xka_40_35.mp3,,audio/mpeg,audio/xka_40_35.mp3,,34480
c4257dcfd18060d45ccc97d559227f4c,xka_40_35.wav,,audio/x-wav,audio/xka_40_35.wav,,138320
7352fabe1e8631cd05b71bb5ff09ee44,xka_40_12.mp3,,audio/mpeg,audio/xka_40_12.mp3,,37615
0a4068f482ba2c137b451df209894b4f,xka_40_12.wav,,audio/x-wav,audio/xka_40_12.wav,,153768
3e97bb00a27697ae64cddd1e752d92d5,psi_ar_40_21.wav,,audio/x-wav,audio/psi_ar_40_21.wav,,101356
629b583d7f1f68fc45c4a6ab3a0f9e20,psi_ar_40_21.mp3,,audio/mpeg,audio/psi_ar_40_21.mp3,,25076
592cacc5f711e8c8b7e06b6d2fb2e907,bkk_40_01.wav,,audio/x-wav,audio/bkk_40_01.wav,,122764
06963929c30ad07cfa9f4f39542115b5,bkk_40_01.mp3,,audio/mpeg,audio/bkk_40_01.mp3,,30301
ce739af0a58cf0aeb595f1d6b9e0e76f,gwt_p_40_25.wav,,audio/x-wav,audio/gwt_p_40_25.wav,,149440
6e9ff248a65b714ea9585c3493604c1f,gwt_p_40_25.mp3,,audio/mpeg,audio/gwt_p_40_25.mp3,,36570
c775005960404cf3e721d9a2c60955b4,khw_40_35.wav,,audio/x-wav,audio/khw_40_35.wav,,93552
456902b36bd7333c6b2d4768d5acd8de,khw_40_35.mp3,,audio/mpeg,audio/khw_40_35.mp3,,24031
bf9f328b20ffbb149301fcb09727d449,plk_40_03.wav,,audio/x-wav,audio/plk_40_03.wav,,132768
41a97cd865d2aeb5b38a3d41d72648c3,plk_40_03.mp3,,audio/mpeg,audio/plk_40_03.mp3,,32391
6fd2a1b0fcfc1c3523fc7a503640c36d,xvi_40_13.mp3,,audio/mpeg,audio/xvi_40_13.mp3,,34480
d1431a82ede46691187d116c7d81c593,xvi_40_13.wav,,audio/x-wav,audio/xvi_40_13.wav,,140744
293820dc3f961a88709d2612db89cac7,pbu_a_40_24.wav,,audio/x-wav,audio/pbu_a_40_24.wav,,121576
82b59c7d725a1134613cac653f0227bd,pbu_a_40_24.mp3,,audio/mpeg,audio/pbu_a_40_24.mp3,,30301
8d4cedebae4641f69dcd681fe9d5573a,ask_40_40.wav,,audio/x-wav,audio/ask_40_40.wav,,95540
4f5831a21fee36b319ad607a5557a320,ask_40_40.mp3,,audio/mpeg,audio/ask_40_40.mp3,,24031
51a79cbc43fe89c4f6a89b1f85b90432,phr_40_13.wav,,audio/x-wav,audio/phr_40_13.wav,,112240
4c985c2e8e681da98d033a9ba865ab8b,phr_40_13.mp3,,audio/mpeg,audio/phr_40_13.mp3,,28211
0c2f57d294d9cd9d77b2a176c47f195e,khw_40_13.wav,,audio/x-wav,audio/khw_40_13.wav,,90596
a0047a225d2570dcfaea4f19b1271aab,khw_40_13.mp3,,audio/mpeg,audio/khw_40_13.mp3,,22986
2fe57835a7a0d3053c257a037a95c603,gju_a_40_21.wav,,audio/x-wav,audio/gju_a_40_21.wav,,172176
757d027bd8b27a96ad3ff28413780867,gju_a_40_21.mp3,,audio/mpeg,audio/gju_a_40_21.mp3,,41795
e3fc366e60a53b66309443428b52f012,prn_40_08.wav,,audio/x-wav,audio/prn_40_08.wav,,120936
e223acda05e01a5c48c86aefc49a5aae,prn_40_08.mp3,,audio/mpeg,audio/prn_40_08.mp3,,30301
1632623e766e0337d694960e652b84c4,wbl_a_40_26.wav,,audio/x-wav,audio/wbl_a_40_26.wav,,101328
793915d335b06118dfd62dfee7172ba3,wbl_a_40_26.mp3,,audio/mpeg,audio/wbl_a_40_26.mp3,,25076
cc767f173dba78d1da522a6bc7008a79,prn_40_16.wav,,audio/x-wav,audio/prn_40_16.wav,,148092
a709ebf50c10c79d843a06cd16ac548e,prn_40_16.mp3,,audio/mpeg,audio/prn_40_16.mp3,,36570
596d301431184c3b54e3893183c7aa68,trw_40_34.wav,,audio/x-wav,audio/trw_40_34.wav,,97920
2c14e63469f7a68b5be15d10bf710bba,trw_40_34.mp3,,audio/mpeg,audio/trw_40_34.mp3,,25076
89fb9be0ccaf02a64c8daa4cf7b3496f,prn_40_36.wav,,audio/x-wav,audio/prn_40_36.wav,,120936
15c2b505a9f5a0fc233ec9532239a8c5,prn_40_36.mp3,,audio/mpeg,audio/prn_40_36.mp3,,30301
f6efd549e0107275491ce8aa6887101e,wbl_a_40_05.wav,,audio/x-wav,audio/wbl_a_40_05.wav,,117892
f5dfe71ab15bd49d88c8c87de446ef72,wbl_a_40_05.mp3,,audio/mpeg,audio/wbl_a_40_05.mp3,,29256
36f310a300ed1af69c65f5649b87f38e,aae_at_40_32.wav,,audio/x-wav,audio/aae_at_40_32.wav,,91052
536178a90dc3da5d0bca488dbb762dcd,aae_at_40_32.mp3,,audio/mpeg,audio/aae_at_40_32.mp3,,22986
3433cc514f80af4346159e3d5cece80b,prs_d_40_10.wav,,audio/x-wav,audio/prs_d_40_10.wav,,109640
1b24d2c2bf9bf5dc73b60968a32648a3,prs_d_40_10.mp3,,audio/mpeg,audio/prs_d_40_10.mp3,,27166
dc8143f7640411bcb1eb22128b9c8f4d,sgh_a_40_17.wav,,audio/x-wav,audio/sgh_a_40_17.wav,,148508
b4852ba23754d117253ad57c1b7f5112,sgh_a_40_17.mp3,,audio/mpeg,audio/sgh_a_40_17.mp3,,36570
eab2d048b10a38918afdac2cc6590d68,bsk_n_40_15.wav,,audio/x-wav,audio/bsk_n_40_15.wav,,146780
77c6ce55ae091c08ad721a20f508ff87,bsk_n_40_15.mp3,,audio/mpeg,audio/bsk_n_40_15.mp3,,35525
d64c8a8d5410ea7a9744cd545231b779,gwt_a_40_09.wav,,audio/x-wav,audio/gwt_a_40_09.wav,,123448
8fa48f58e1342d42ac12247b1c74ec7c,gwt_a_40_09.mp3,,audio/mpeg,audio/gwt_a_40_09.mp3,,30301
45e9067989af0187e14e0f8efeab9f47,shd_40_14.wav,,audio/x-wav,audio/shd_40_14.wav,,116420
28a3b0cedf19c26c00cb5d3a2771791d,shd_40_14.mp3,,audio/mpeg,audio/shd_40_14.mp3,,29256
6c39f2fd3dd73d3af2828bd0379da8a9,gwc_40_34.wav,,audio/x-wav,audio/gwc_40_34.wav,,112784
781056e515e546e08aad5134649c381c,gwc_40_34.mp3,,audio/mpeg,audio/gwc_40_34.mp3,,28211
2ac4a916cb59fc3906c09b37fcd7aea4,sgh_r_40_14.wav,,audio/x-wav,audio/sgh_r_40_14.wav,,133408
56d236471948e34a301e75da9b6e6ad3,sgh_r_40_14.mp3,,audio/mpeg,audio/sgh_r_40_14.mp3,,32391
5b0628b840043304ae42ce99802f6513,kir_40_31.wav,,audio/x-wav,audio/kir_40_31.wav,,227896
cf7130f20d43c7f31098b41a3a1de09a,kir_40_31.mp3,,audio/mpeg,audio/kir_40_31.mp3,,54333
09ab8f2b7f23a8049d1b11f28796e886,hno_40_03.wav,,audio/x-wav,audio/hno_40_03.wav,,167468
b22d2d7a4ca26ceb579317400fe8e34d,hno_40_03.mp3,,audio/mpeg,audio/hno_40_03.mp3,,40750
6fd3b89033cf2f9c3185dec2926bdb13,kas_p_40_12.wav,,audio/x-wav,audio/kas_p_40_12.wav,,135168
22faf998693e4252dbee978f6a1ecfdd,kas_p_40_12.mp3,,audio/mpeg,audio/kas_p_40_12.mp3,,33435
b71951ac11e3c62e4bd96db1d42d397c,kas_p_40_24.wav,,audio/x-wav,audio/kas_p_40_24.wav,,156628
e61c1841653e728ed84f388990a9fae3,kas_p_40_24.mp3,,audio/mpeg,audio/kas_p_40_24.mp3,,37615
b406c9897a39bbae25033097741b6c5a,mnj_40_30.wav,,audio/x-wav,audio/mnj_40_30.wav,,175924
440e419585a98d59492610ebe7ee7e7b,mnj_40_30.mp3,,audio/mpeg,audio/mnj_40_30.mp3,,42840
efd02b38ae01ae3bcc0d9ff3b1d6143a,kas_p_40_36.wav,,audio/x-wav,audio/kas_p_40_36.wav,,112240
305b054d9f92fa4aa98e2064b145ef72,kas_p_40_36.mp3,,audio/mpeg,audio/kas_p_40_36.mp3,,28211
1dbaa731847eb57430ac923c060b7a35,pbu_i_40_25.wav,,audio/x-wav,audio/pbu_i_40_25.wav,,94552
acb6f197534c09b60cc04a52c8f079e2,pbu_i_40_25.mp3,,audio/mpeg,audio/pbu_i_40_25.mp3,,24031
e3fefcf2c2caa5c3ba8b7bac808856c8,xvi_40_19.mp3,,audio/mpeg,audio/xvi_40_19.mp3,,34480
1ade81e2fe22678e28149f3a5ef4aba0,xvi_40_19.wav,,audio/x-wav,audio/xvi_40_19.wav,,139156
382e147bf1c51c1fe02d4f93beeb9081,xvi_40_16.mp3,,audio/mpeg,audio/xvi_40_16.mp3,,30301
7fc82fa1269ef9ef86b85b46ddf6b534,xvi_40_16.wav,,audio/x-wav,audio/xvi_40_16.wav,,120076
76c7494f890254a5f17b9e8ffdaad5b6,gju_p_40_19.wav,,audio/x-wav,audio/gju_p_40_19.wav,,130480
b6291448be1119d3dc7d429f7da30845,gju_p_40_19.mp3,,audio/mpeg,audio/gju_p_40_19.mp3,,32391
470a376bc1f5c5410b4828088fae6870,scl_i_40_20.wav,,audio/x-wav,audio/scl_i_40_20.wav,,138600
5f68a6ec61143078599c67f1311b4f49,scl_i_40_20.mp3,,audio/mpeg,audio/scl_i_40_20.mp3,,34480
aa830d114f1a315e9a53077b91ea656f,ush_40_39.wav,,audio/x-wav,audio/ush_40_39.wav,,138732
6778c22643a00bfc71d964b55dc5ab65,ush_40_39.mp3,,audio/mpeg,audio/ush_40_39.mp3,,34480
0a251f5af8658d26e9c95501b48b012e,aee_sh_40_09.wav,,audio/x-wav,audio/aee_sh_40_09.wav,,108800
85559d68d0d05b51091561dfbdb4de9f,aee_sh_40_09.mp3,,audio/mpeg,audio/aee_sh_40_09.mp3,,27166
9acd526bf159311eaccdd43cd2108ccb,pbu_a_40_12.wav,,audio/x-wav,audio/pbu_a_40_12.wav,,106888
c87687a0c8588d451ba4794ec4dc9b7c,pbu_a_40_12.mp3,,audio/mpeg,audio/pbu_a_40_12.mp3,,27166
942a96a77029cc2932ff3d1b55014682,uzs_40_11.wav,,audio/x-wav,audio/uzs_40_11.wav,,131740
0fbf4217a5e793eb16d0be1c3e254e5f,uzs_40_11.mp3,,audio/mpeg,audio/uzs_40_11.mp3,,32391
421878357d0ffdc812e3d2aaf493a0fa,bsh_w_40_08.wav,,audio/x-wav,audio/bsh_w_40_08.wav,,92364
087aafcffcc44a5724b6525ea3e928e2,bsh_w_40_08.mp3,,audio/mpeg,audio/bsh_w_40_08.mp3,,24031
087e1780fd440542262983cd240448b9,kls_40_34.wav,,audio/x-wav,audio/kls_40_34.wav,,167492
28a5d90ab84916098b9669399708fd16,kls_40_34.mp3,,audio/mpeg,audio/kls_40_34.mp3,,40750
144a99a03bab87cbc0166dfd64356d4f,isk_40_37.wav,,audio/x-wav,audio/isk_40_37.wav,,94576
d6c52c74e291c761c3d95593f85b6e22,isk_40_37.mp3,,audio/mpeg,audio/isk_40_37.mp3,,24031
7444a8a586814e6f9cb73dbdaaf8bdb6,scl_p_40_06.wav,,audio/x-wav,audio/scl_p_40_06.wav,,163076
4e195d1c4a195e9627c32af3020ad7cf,scl_p_40_06.mp3,,audio/mpeg,audio/scl_p_40_06.mp3,,39705
f8a854f39e20ffdfa9745aa01ce4ff3f,wbl_a_40_08.wav,,audio/x-wav,audio/wbl_a_40_08.wav,,123572
cb1d49905ba5be63df2c370aac3f5fd1,wbl_a_40_08.mp3,,audio/mpeg,audio/wbl_a_40_08.mp3,,30301
1b708911e8e176e1fad43e385372ebee,ask_40_27.wav,,audio/x-wav,audio/ask_40_27.wav,,177020
8d4fd84ec2fa80025f6476ab7b25386b,ask_40_27.mp3,,audio/mpeg,audio/ask_40_27.mp3,,42840
679440cc1fe5e7cb99957850379d5ea3,glh_ag_40_12.wav,,audio/x-wav,audio/glh_ag_40_12.wav,,99148
101663a7f1de6afeb37b6849a197c32a,glh_ag_40_12.mp3,,audio/mpeg,audio/glh_ag_40_12.mp3,,25076
9b9d49883270cfd8d3972f1fa90630b7,mvy_40_25.wav,,audio/x-wav,audio/mvy_40_25.wav,,168440
a12922be5b42ae098da10e2330aa4594,mvy_40_25.mp3,,audio/mpeg,audio/mvy_40_25.mp3,,40750
5dc58a96126c447660db9df5cdc48460,aae_at_40_37.wav,,audio/x-wav,audio/aae_at_40_37.wav,,85496
a0f5d5b83ee3f1f0608cf44a3f5db385,aae_at_40_37.mp3,,audio/mpeg,audio/aae_at_40_37.mp3,,21942
ec6f2712d0635bd91d4d93e55bbaad97,wbl_p_40_37.wav,,audio/x-wav,audio/wbl_p_40_37.wav,,117176
a98e227f789961d9817fd7aef164473d,wbl_p_40_37.mp3,,audio/mpeg,audio/wbl_p_40_37.mp3,,29256
8c798e9cc0084ce69d6129b005b48d6a,gwt_a_40_19.wav,,audio/x-wav,audio/gwt_a_40_19.wav,,87620
63ce65ade5883f8a7ed873fa352eaece,gwt_a_40_19.mp3,,audio/mpeg,audio/gwt_a_40_19.mp3,,22986
a6260089f7d090cdce51607eb2649620,scl_i_40_05.wav,,audio/x-wav,audio/scl_i_40_05.wav,,168360
330f3d7c97580aeacbf1ae8884b975ff,scl_i_40_05.mp3,,audio/mpeg,audio/scl_i_40_05.mp3,,40750
2f3f936a47dab12d5b3cf7cec53113a5,kas_p_40_32.wav,,audio/x-wav,audio/kas_p_40_32.wav,,145896
34fd19f629e914a0056142c4c43d7542,kas_p_40_32.mp3,,audio/mpeg,audio/kas_p_40_32.mp3,,35525
bf1b47e1fbf9ad83da4def72a5f4a7c6,phl_40_30.wav,,audio/x-wav,audio/phl_40_30.wav,,109688
48762ae9d89cc4db74f935a4b413b660,phl_40_30.mp3,,audio/mpeg,audio/phl_40_30.mp3,,27166
2cb3892c438d3a6fd99998a25d267ccd,bsk_h_40_21.wav,,audio/x-wav,audio/bsk_h_40_21.wav,,92708
9f91a0abecad1e98280be165663a6136,bsk_h_40_21.mp3,,audio/mpeg,audio/bsk_h_40_21.mp3,,24031
c658aa7ec20f337067d3e7974a92f495,prx_40_23.wav,,audio/x-wav,audio/prx_40_23.wav,,111012
89eb4c8c6c9136af6fb2eed71b12e7fc,prx_40_23.mp3,,audio/mpeg,audio/prx_40_23.mp3,,28211
0180212004dd5226657f61c5ea7df299,kls_40_03.wav,,audio/x-wav,audio/kls_40_03.wav,,171944
2da35e4b148d61ec1ef2df18d77f3238,kls_40_03.mp3,,audio/mpeg,audio/kls_40_03.mp3,,41795
47a1dd820f31ea5b147641f83b45ab79,gwc_40_17.wav,,audio/x-wav,audio/gwc_40_17.wav,,65172
160c7b110aad06da1b75f8f73f3ae57d,gwc_40_17.mp3,,audio/mpeg,audio/gwc_40_17.mp3,,17762
b37c0bbfeffd4973ab214e7488fc5f48,plk_40_33.wav,,audio/x-wav,audio/plk_40_33.wav,,145032
2e488af653617de0c53fc860e8d5094e,plk_40_33.mp3,,audio/mpeg,audio/plk_40_33.mp3,,35525
2a81adf685528e84e10cbeba86e80480,hno_40_37.wav,,audio/x-wav,audio/hno_40_37.wav,,159804
63d5aff4add9fb1781574cb6810ba927,hno_40_37.mp3,,audio/mpeg,audio/hno_40_37.mp3,,38660
58220a731ab661e8a18433de6d555c1f,sgh_a_40_39.wav,,audio/x-wav,audio/sgh_a_40_39.wav,,145856
f6f3b5b091a15a15c1122acaa92c9d17,sgh_a_40_39.mp3,,audio/mpeg,audio/sgh_a_40_39.mp3,,35525
57a5a693f6d5762b93ee28860097534b,shd_40_36.wav,,audio/x-wav,audio/shd_40_36.wav,,117772
fb953f7ef1889b17fe36f7c48ad17a3f,shd_40_36.mp3,,audio/mpeg,audio/shd_40_36.mp3,,29256
f022068863e2419bdcd546bc0fe56eac,btv_40_22.wav,,audio/x-wav,audio/btv_40_22.wav,,128600
de1219ee7d5f40b0ce8c2985669b0068,btv_40_22.mp3,,audio/mpeg,audio/btv_40_22.mp3,,31346
7d04ad9d1b2545f5f65adf551befa630,pbu_i_40_05.wav,,audio/x-wav,audio/pbu_i_40_05.wav,,93828
98890352cd3407f2dfac6f066e66f954,pbu_i_40_05.mp3,,audio/mpeg,audio/pbu_i_40_05.mp3,,24031
eee89dcbaf88a98be1648632fe9e699d,aee_sh_40_17.wav,,audio/x-wav,audio/aee_sh_40_17.wav,,129476
0372b6c4e65e56d442d6f37d8e1feacb,aee_sh_40_17.mp3,,audio/mpeg,audio/aee_sh_40_17.mp3,,32391
4a24ae3c45564b07d267b0d3427a1dc5,hno_40_38.wav,,audio/x-wav,audio/hno_40_38.wav,,152144
4bcf6e9bc20414ddc8a2e8324732b39b,hno_40_38.mp3,,audio/mpeg,audio/hno_40_38.mp3,,37615
9b6e043c2f2aa02a59503d548f6431c1,ask_40_07.wav,,audio/x-wav,audio/ask_40_07.wav,,98168
519f4a08b587ef2d64aa6cdecc365f75,ask_40_07.mp3,,audio/mpeg,audio/ask_40_07.mp3,,25076
5416a7e645b405ffcac6c615a342f032,lbj_40_21.wav,,audio/x-wav,audio/lbj_40_21.wav,,109156
c449ed1a6d47a52d14a14f5889204e59,lbj_40_21.mp3,,audio/mpeg,audio/lbj_40_21.mp3,,27166
96545d6280c3dcad5ac0e777087e8466,psi_ar_40_32b.wav,,audio/x-wav,audio/psi_ar_40_32b.wav,,117760
eb877d4d00c448d4b0bed7bb1782e348,psi_ar_40_32b.mp3,,audio/mpeg,audio/psi_ar_40_32b.mp3,,29256
90cd0c85270b0c1636d64ddb44448b40,gju_a_40_02.wav,,audio/x-wav,audio/gju_a_40_02.wav,,122076
2e1ea7a43d291dd2aa3d10eb8ff73529,gju_a_40_02.mp3,,audio/mpeg,audio/gju_a_40_02.mp3,,30301
2ee414762dbd0b6fa40c62b0b99e5fa1,kls_40_30.wav,,audio/x-wav,audio/kls_40_30.wav,,164824
b4dbf428c2f1dd2795fc66fe98c510d5,kls_40_30.mp3,,audio/mpeg,audio/kls_40_30.mp3,,39705
2e4fb2cc49bf7cad748821ca3e1a8875,aee_sh_40_32.wav,,audio/x-wav,audio/aee_sh_40_32.wav,,103440
b8c676fea6c4ba3010a7b7551e662b39,aee_sh_40_32.mp3,,audio/mpeg,audio/aee_sh_40_32.mp3,,26121
484fd37ccda62781764dc3ec0d2849ba,glh_ag_40_40b.wav,,audio/x-wav,audio/glh_ag_40_40b.wav,,72120
4a452eee256a5a7c6894f55f05032c80,glh_ag_40_40b.mp3,,audio/mpeg,audio/glh_ag_40_40b.mp3,,18807
47eea6196d572d7d24f4e1c2dd19836e,khw_40_28.wav,,audio/x-wav,audio/khw_40_28.wav,,110280
b5ce47cffdcea69df96edcc80b2ded3a,khw_40_28.mp3,,audio/mpeg,audio/khw_40_28.mp3,,27166
162c3e2da1c21c195dc72096ec34e886,gju_a_40_26.wav,,audio/x-wav,audio/gju_a_40_26.wav,,120148
722422fb9a305cf333c50d9d2d2d43c2,gju_a_40_26.mp3,,audio/mpeg,audio/gju_a_40_26.mp3,,30301
acd7966420ebd8c7c0b620b870dc9ed0,sgy_40_14.wav,,audio/x-wav,audio/sgy_40_14.wav,,141848
e4d0eb76ea854d9a1b1c76e40aa9f95e,sgy_40_14.mp3,,audio/mpeg,audio/sgy_40_14.mp3,,34480
c3f19ed9821acb93feae419502f728b7,gwt_a_40_24.wav,,audio/x-wav,audio/gwt_a_40_24.wav,,90276
d128f1924982dbddf46035ea461dca43,gwt_a_40_24.mp3,,audio/mpeg,audio/gwt_a_40_24.mp3,,22986
5e7b6a9bcbea65997f612c96ffb421b7,psi_am_40_15.wav,,audio/x-wav,audio/psi_am_40_15.wav,,147604
4bf672255a821cc9a52ae4f57ed4d090,psi_am_40_15.mp3,,audio/mpeg,audio/psi_am_40_15.mp3,,36570
41bd1bb9fa02b8b3a71ce047adb76cc2,uzs_40_13.wav,,audio/x-wav,audio/uzs_40_13.wav,,126412
3c17ffd63b3fa18c1242dd5759d223cb,uzs_40_13.mp3,,audio/mpeg,audio/uzs_40_13.mp3,,31346
165469b4885994114043399ad239e150,lbj_40_04.wav,,audio/x-wav,audio/lbj_40_04.wav,,114940
b4160a56367ea5272334f3863912e422,lbj_40_04.mp3,,audio/mpeg,audio/lbj_40_04.mp3,,28211
eb70781b77855f4c7770ff1dde1c418c,mnj_40_15.wav,,audio/x-wav,audio/mnj_40_15.wav,,127660
19461648b3f70e16c8176c8ebdb91d1a,mnj_40_15.mp3,,audio/mpeg,audio/mnj_40_15.mp3,,31346
d431d348d5128d6d98fca997f7a1c3f8,prs_d_40_13.wav,,audio/x-wav,audio/prs_d_40_13.wav,,107680
6b9d9aea2d50b8de26c6258466a0217a,prs_d_40_13.mp3,,audio/mpeg,audio/prs_d_40_13.mp3,,27166
48f2e4c84561784b6b8db0a241b584f4,phr_40_11.wav,,audio/x-wav,audio/phr_40_11.wav,,172316
1767cd2fc59403e711ae129b6f2549e7,phr_40_11.mp3,,audio/mpeg,audio/phr_40_11.mp3,,41795
72d18940d8b18fd671752ebd10265351,kas_i_40_29.wav,,audio/x-wav,audio/kas_i_40_29.wav,,134000
ea2527256b4bf5f9253010d2a80a1813,kas_i_40_29.mp3,,audio/mpeg,audio/kas_i_40_29.mp3,,33435
2938d71dfe0fa10a2e0b12cbae7afa04,kir_40_19.wav,,audio/x-wav,audio/kir_40_19.wav,,145300
aebdf8c4fb49a87684a8e34935d7ff48,kir_40_19.mp3,,audio/mpeg,audio/kir_40_19.mp3,,35525
5894f6676a547c891d6b772b6f4fac81,btv_40_26.wav,,audio/x-wav,audio/btv_40_26.wav,,123756
246fbc6161ce02eb8240ce5015403e4a,btv_40_26.mp3,,audio/mpeg,audio/btv_40_26.mp3,,30301
b3d4d545bf9732923e0f9d3833714674,hno_40_33.wav,,audio/x-wav,audio/hno_40_33.wav,,139016
5a04b72e49910f8be333725669d0d0fd,hno_40_33.mp3,,audio/mpeg,audio/hno_40_33.mp3,,34480
9aedfcdfc7f279ea1591349f7885f5fc,kas_i_40_26.wav,,audio/x-wav,audio/kas_i_40_26.wav,,112300
d9d2ccf0940a1dc178e48963d75f45f7,kas_i_40_26.mp3,,audio/mpeg,audio/kas_i_40_26.mp3,,28211
019a137b38fb43dc8c3ad023cf06eb7c,pbu_i_40_13.wav,,audio/x-wav,audio/pbu_i_40_13.wav,,118356
821b3d07c064807451683d8213cce314,pbu_i_40_13.mp3,,audio/mpeg,audio/pbu_i_40_13.mp3,,29256
6a35f2bfa18db4fe1829f426a333e141,sgh_r_40_31.wav,,audio/x-wav,audio/sgh_r_40_31.wav,,151428
14d1e4b5c636e1dc3ef8707ab5df82dc,sgh_r_40_31.mp3,,audio/mpeg,audio/sgh_r_40_31.mp3,,36570
568ce95f4118d99da94aa4de9fa71fa4,bsh_w_40_15.wav,,audio/x-wav,audio/bsh_w_40_15.wav,,84148
f81d9af4dc83efbc74ead979e53e348b,bsh_w_40_15.mp3,,audio/mpeg,audio/bsh_w_40_15.mp3,,21942
48e51bbaf2aa174e1388b1ba6eaf853e,aee_ch_40_38.wav,,audio/x-wav,audio/aee_ch_40_38.wav,,84944
79a5b0a6e0858fc9a0edea12b029db9c,aee_ch_40_38.mp3,,audio/mpeg,audio/aee_ch_40_38.mp3,,21942
34477a72692f5eab60ba478f9e57b368,btv_40_09.wav,,audio/x-wav,audio/btv_40_09.wav,,122436
db578f81d43dab35319f759e4e550d38,btv_40_09.mp3,,audio/mpeg,audio/btv_40_09.mp3,,30301
fada5455bca65bd3f00ab3128cac9b12,bsk_n_40_40.wav,,audio/x-wav,audio/bsk_n_40_40.wav,,112412
ffe74fe703ba0ff78172fef438aee855,bsk_n_40_40.mp3,,audio/mpeg,audio/bsk_n_40_40.mp3,,28211
db7c2f7fb224ddcb7b036a503cfc973f,wbk_40_34.wav,,audio/x-wav,audio/wbk_40_34.wav,,101308
1fd6976752e049dfa956346bbe8a3e5f,wbk_40_34.mp3,,audio/mpeg,audio/wbk_40_34.mp3,,25076
6a1274203d87344d2f8c958b3a2ab3c7,prs_d_40_07.wav,,audio/x-wav,audio/prs_d_40_07.wav,,124904
c67351a79f0c19e2270be5bf4998b2e3,prs_d_40_07.mp3,,audio/mpeg,audio/prs_d_40_07.mp3,,31346
f0a38a1a6f6e85c9fa368b750f37aaf0,hno_40_14.wav,,audio/x-wav,audio/hno_40_14.wav,,131356
18fdb4f46d574dd48b4aea728ec0ceb5,hno_40_14.mp3,,audio/mpeg,audio/hno_40_14.mp3,,32391
00abc5d08cec887ccabc19d5d6a5586d,shd_40_40.wav,,audio/x-wav,audio/shd_40_40.wav,,92820
7d963c68fec4d27a850a9228b92d6083,shd_40_40.mp3,,audio/mpeg,audio/shd_40_40.mp3,,24031
76cf2a0bc78c9d960f03c991c392539d,dml_40_08.wav,,audio/x-wav,audio/dml_40_08.wav,,128404
3d28424434a7bd2bdb357f1569a66cf2,dml_40_08.mp3,,audio/mpeg,audio/dml_40_08.mp3,,31346
730e4422cb1ac576724f508ee7fb045b,dml_40_38.wav,,audio/x-wav,audio/dml_40_38.wav,,99096
03caeb1bc91ba550e7e3dcd1e5baedd7,dml_40_38.mp3,,audio/mpeg,audio/dml_40_38.mp3,,25076
2700f1bb9a2b8a2ab33ad28f792454da,khw_40_15.wav,,audio/x-wav,audio/khw_40_15.wav,,141780
794f6e788bfe38567c10980d80566df5,khw_40_15.mp3,,audio/mpeg,audio/khw_40_15.mp3,,34480
6956c3587c966b723bb8e9ec4adab7a3,kls_40_23.wav,,audio/x-wav,audio/kls_40_23.wav,,144332
e701ded822272651c362996c1576a0a0,kls_40_23.mp3,,audio/mpeg,audio/kls_40_23.mp3,,35525
89973a4ccae08cc319d5ab4455ba554d,khw_40_11.wav,,audio/x-wav,audio/khw_40_11.wav,,117664
d4d3f26d343b056e0e177c14174a1e9c,khw_40_11.mp3,,audio/mpeg,audio/khw_40_11.mp3,,29256
222c10ad609a2b06535d4bb21414b06c,trw_40_32.wav,,audio/x-wav,audio/trw_40_32.wav,,119436
d80690cef1320b497effa37c40a40a7f,trw_40_32.mp3,,audio/mpeg,audio/trw_40_32.mp3,,29256
e94e618e193b2508500321c9268ebd91,sgh_a_40_37.wav,,audio/x-wav,audio/sgh_a_40_37.wav,,157344
1554131b7ea6e8277db25cfb47c02751,sgh_a_40_37.mp3,,audio/mpeg,audio/sgh_a_40_37.mp3,,38660
30d358951c79279c17b87d4ec2e93d42,scl_i_40_11.wav,,audio/x-wav,audio/scl_i_40_11.wav,,120932
b6a019e504e3051c6ad1434eb1604789,scl_i_40_11.mp3,,audio/mpeg,audio/scl_i_40_11.mp3,,30301
1f295d90c3d874c5eb371a51fc66bfb0,isk_40_02.wav,,audio/x-wav,audio/isk_40_02.wav,,117764
c51224df2ead655eb392e38f9ed56bed,isk_40_02.mp3,,audio/mpeg,audio/isk_40_02.mp3,,29256
38d6c7f79aeaf1ac63aba71168ad6bb4,prx_40_03.wav,,audio/x-wav,audio/prx_40_03.wav,,93300
ae5ac8c74d9a9e2319f93cdd79caf86b,prx_40_03.mp3,,audio/mpeg,audio/prx_40_03.mp3,,24031
62121057f82bcf369ae32e3fa3b764c1,pbu_a_40_26.wav,,audio/x-wav,audio/pbu_a_40_26.wav,,107556
eb68e012beb511e9b754ade906e5342b,pbu_a_40_26.mp3,,audio/mpeg,audio/pbu_a_40_26.mp3,,27166
af6a14b9cfe19c51d5210ca807a78f73,wbl_a_40_34.wav,,audio/x-wav,audio/wbl_a_40_34.wav,,122628
b1372f498a8f0a8ed521052ad8b0b3ea,wbl_a_40_34.mp3,,audio/mpeg,audio/wbl_a_40_34.mp3,,30301
3886f325bf87c7c24ae2a2f56dbdea46,aae_at_40_38.wav,,audio/x-wav,audio/aae_at_40_38.wav,,96912
24e5efe4461e5084f5868503c27acb8a,aae_at_40_38.mp3,,audio/mpeg,audio/aae_at_40_38.mp3,,25076
55583a5bb28f4427f39831889864882e,scl_i_40_40.wav,,audio/x-wav,audio/scl_i_40_40.wav,,77228
d25968ea3b7190be72a289ebbdac285b,scl_i_40_40.mp3,,audio/mpeg,audio/scl_i_40_40.mp3,,19852
d191aae18f5cc6375b76e348e72be92e,aae_at_40_33.wav,,audio/x-wav,audio/aae_at_40_33.wav,,79944
0a2551957630c1cca7b4eb3cab6deed0,aae_at_40_33.mp3,,audio/mpeg,audio/aae_at_40_33.mp3,,20897
8ace1307c4a9c43034c02d1e45672941,psh_ai_40_27.wav,,audio/x-wav,audio/psh_ai_40_27.wav,,109248
a99997f45d39541d740f2a96b7cebc50,psh_ai_40_27.mp3,,audio/mpeg,audio/psh_ai_40_27.mp3,,27166
448f6e120c5fe557c01e8b7f04ad30b1,bkk_40_09.wav,,audio/x-wav,audio/bkk_40_09.wav,,141448
5a73a39b6c1a4a21524a0c766a626904,bkk_40_09.mp3,,audio/mpeg,audio/bkk_40_09.mp3,,34480
44b205b3e1accbacacabfa1f14fa9ab8,ush_40_06.wav,,audio/x-wav,audio/ush_40_06.wav,,122848
977d86d377e1b4753ee8ef43a604185e,ush_40_06.mp3,,audio/mpeg,audio/ush_40_06.mp3,,30301
f9d36fb708c980df1c1200b1f012abde,kas_p_40_04.wav,,audio/x-wav,audio/kas_p_40_04.wav,,123456
aa46417877bfef82ab26b173999c755a,kas_p_40_04.mp3,,audio/mpeg,audio/kas_p_40_04.mp3,,30301
8f31ba8ec1654c42420659159caa93bb,glh_sn_40_01.wav,,audio/x-wav,audio/glh_sn_40_01.wav,,83804
7e31a3e18a02f67d311f77c9d30795d9,glh_sn_40_01.mp3,,audio/mpeg,audio/glh_sn_40_01.mp3,,21942
c8ca06ec7a2731bbb48819c3cde31f12,mvy_40_13.wav,,audio/x-wav,audio/mvy_40_13.wav,,167132
1ac216de83f5623e94c60d1a02ce83f7,mvy_40_13.mp3,,audio/mpeg,audio/mvy_40_13.mp3,,40750
a6d8aeb99d3f4a32185be6487de97538,sgy_40_24.wav,,audio/x-wav,audio/sgy_40_24.wav,,137400
b6cc4c7731ce270d778ea15af88753b0,sgy_40_24.mp3,,audio/mpeg,audio/sgy_40_24.mp3,,33435
57cce4036b08ee23ae3653ccd730af9e,trw_40_06.wav,,audio/x-wav,audio/trw_40_06.wav,,100072
97043c4d5c491c753f61c7f60c9eb9ef,trw_40_06.mp3,,audio/mpeg,audio/trw_40_06.mp3,,25076
bab3871e6422fa5e01dd9bbc3689b8ac,hno_40_08.wav,,audio/x-wav,audio/hno_40_08.wav,,123696
c1dcad201f8c38255c8e2d535a7725fb,hno_40_08.mp3,,audio/mpeg,audio/hno_40_08.mp3,,30301
949679fea00cd83032598d29a892ce4a,sgh_a_40_27.wav,,audio/x-wav,audio/sgh_a_40_27.wav,,133484
14cae28bb4c66f3b5dc44555122cd194,sgh_a_40_27.mp3,,audio/mpeg,audio/sgh_a_40_27.mp3,,32391
cd7277743f61ee835798ee1527b9d2f0,gju_p_40_21.wav,,audio/x-wav,audio/gju_p_40_21.wav,,144824
b5a380b4287d481c055ccbef916edaa4,gju_p_40_21.mp3,,audio/mpeg,audio/gju_p_40_21.mp3,,35525
e5f0bbfad629b8aa4cb5ad754d618d39,aee_sh_40_33.wav,,audio/x-wav,audio/aee_sh_40_33.wav,,117220
f20652a71c6c2361732738c8d8e66990,aee_sh_40_33.mp3,,audio/mpeg,audio/aee_sh_40_33.mp3,,29256
2c1a27dc558fde53123f747b0b175820,scl_p_40_24.wav,,audio/x-wav,audio/scl_p_40_24.wav,,159796
bad9737b0f639a3078fbeba8fe7e5d0a,scl_p_40_24.mp3,,audio/mpeg,audio/scl_p_40_24.mp3,,38660
57f8465bd6dafe14b3979508424d4bc8,psi_ar_40_33.wav,,audio/x-wav,audio/psi_ar_40_33.wav,,112936
bc5e4618cf2cd6d092611c142f7361c6,psi_ar_40_33.mp3,,audio/mpeg,audio/psi_ar_40_33.mp3,,28211
1ab686eddabffa99d01baa9ca00c9ae7,mvy_40_20.wav,,audio/x-wav,audio/mvy_40_20.wav,,154916
cceb17ab876a69b105588f979e110fa7,mvy_40_20.mp3,,audio/mpeg,audio/mvy_40_20.mp3,,37615
67e470679bf13d9632cdf30526c23fe9,glh_ag_40_23b.wav,,audio/x-wav,audio/glh_ag_40_23b.wav,,147796
0b7d21d03806a27d4909f127fe881af8,glh_ag_40_23b.mp3,,audio/mpeg,audio/glh_ag_40_23b.mp3,,36570
45557b7a4b6c07f9de3bbbbad60f7571,glh_sn_40_36.wav,,audio/x-wav,audio/glh_sn_40_36.wav,,129872
031082d7ad12bb5c675cf69321024806,glh_sn_40_36.mp3,,audio/mpeg,audio/glh_sn_40_36.mp3,,32391
ee52c84db8afa9d0cf6cb53bdeb286ce,scl_i_40_27.wav,,audio/x-wav,audio/scl_i_40_27.wav,,97688
7476181fed90560b0ce1b54d4231a388,scl_i_40_27.mp3,,audio/mpeg,audio/scl_i_40_27.mp3,,25076
526f62e5e9895cc86e6a0605d2ebf63c,bft_40_03.wav,,audio/x-wav,audio/bft_40_03.wav,,139444
fb8c580a8c1107aac250167f51911c09,bft_40_03.mp3,,audio/mpeg,audio/bft_40_03.mp3,,34480
10bdbabae49e77872777ade4018e1f9f,phl_40_23.wav,,audio/x-wav,audio/phl_40_23.wav,,118188
11020d2b56d4ac6d3f8902e20b88a00a,phl_40_23.mp3,,audio/mpeg,audio/phl_40_23.mp3,,29256
734b9efff61afb9198c4ae389a62f136,ask_40_26.wav,,audio/x-wav,audio/ask_40_26.wav,,95540
03b127727cdae5402f4bdcc35a7c277c,ask_40_26.mp3,,audio/mpeg,audio/ask_40_26.mp3,,24031
b7b0019fc8b6fb66fd71c6385ab5a8a5,glh_sn_40_14.wav,,audio/x-wav,audio/glh_sn_40_14.wav,,166864
7fb1128f9ec662b95758a5acc6d9daf0,glh_sn_40_14.mp3,,audio/mpeg,audio/glh_sn_40_14.mp3,,40750
11d49d3690587520f3a43ce02adef7ae,bsk_n_40_36b.wav,,audio/x-wav,audio/bsk_n_40_36b.wav,,110232
6a7409a0a83366fd7da7bda87b53ac6c,bsk_n_40_36b.mp3,,audio/mpeg,audio/bsk_n_40_36b.mp3,,27166
691aebba8946654e9aef31cd3c626b81,xvi_40_18.mp3,,audio/mpeg,audio/xvi_40_18.mp3,,25076
0395fd4a56a97a89944107f2ff4daf5e,xvi_40_18.wav,,audio/x-wav,audio/xvi_40_18.wav,,97816
4218cf9bb5d7f8c0c7d4cf78911cebc2,bsh_e_40_35.wav,,audio/x-wav,audio/bsh_e_40_35.wav,,115100
3923fbb4e9c22d683cf89426c11456e3,bsh_e_40_35.mp3,,audio/mpeg,audio/bsh_e_40_35.mp3,,28211
996059881fab86c8d8e631d5af31179d,plk_40_38.wav,,audio/x-wav,audio/plk_40_38.wav,,117876
5c5c628a103bb7528b4cc0e8de68e221,plk_40_38.mp3,,audio/mpeg,audio/plk_40_38.mp3,,29256
2a0b108cd121039058eefb46068a4eff,bsk_n_40_19a.wav,,audio/x-wav,audio/bsk_n_40_19a.wav,,125508
1252a03dd80fddcf534d7197fb58050e,bsk_n_40_19a.mp3,,audio/mpeg,audio/bsk_n_40_19a.mp3,,31346
bfe05980e0fdf56e33d8fa839b651e69,bsh_w_40_39.wav,,audio/x-wav,audio/bsh_w_40_39.wav,,120884
d9b8cd9e1463afb842d36fd9aea80f3e,bsh_w_40_39.mp3,,audio/mpeg,audio/bsh_w_40_39.mp3,,30301
1fa6af2d7c86633204f473bc59b889d1,bsh_w_40_14.wav,,audio/x-wav,audio/bsh_w_40_14.wav,,199664
733bf97fbec2aab12f8f58d57cb4b9f7,bsh_w_40_14.mp3,,audio/mpeg,audio/bsh_w_40_14.mp3,,48064
447215d4bf4cb42b58854d8fddb21657,psi_ar_40_01.wav,,audio/x-wav,audio/psi_ar_40_01.wav,,114864
e92144fba4e03edd4bf1d7892b5c88b9,psi_ar_40_01.mp3,,audio/mpeg,audio/psi_ar_40_01.mp3,,28211
5622d2ff72f3a21d6e6c37ab79a0097f,sgh_a_40_08.wav,,audio/x-wav,audio/sgh_a_40_08.wav,,150272
c3f44f2ebd74cfa76d7ac6017dc665e2,sgh_a_40_08.mp3,,audio/mpeg,audio/sgh_a_40_08.mp3,,36570
9d4877d1654df5eadad2cff4d15c87b2,prx_40_11.wav,,audio/x-wav,audio/prx_40_11.wav,,80316
eaa6ee75ac08b57112be0984d13fa744,prx_40_11.mp3,,audio/mpeg,audio/prx_40_11.mp3,,20897
adbb90efcae1a9e6083f6523ac215381,psi_ar_40_34b.wav,,audio/x-wav,audio/psi_ar_40_34b.wav,,131268
99052d6b797d4e7d475270032f5cbdeb,psi_ar_40_34b.mp3,,audio/mpeg,audio/psi_ar_40_34b.mp3,,32391
6f7bd9f48658737ecccc124bdc8970a9,bkk_40_13.wav,,audio/x-wav,audio/bkk_40_13.wav,,113672
0bc700ba74890c278feaeddbef0ebec3,bkk_40_13.mp3,,audio/mpeg,audio/bkk_40_13.mp3,,28211
23587db7ea1e6d6a768b8d5edbf1574c,pbu_p_40_24.wav,,audio/x-wav,audio/pbu_p_40_24.wav,,126844
7b76ea6561c29b4285d8ddb7c3b98d65,pbu_p_40_24.mp3,,audio/mpeg,audio/pbu_p_40_24.mp3,,31346
ed14bb847a4ac66d5b5b7c18676482bd,gju_a_40_09.wav,,audio/x-wav,audio/gju_a_40_09.wav,,108588
6c2089c112dcf3f1ea250f9fe4ba14cc,gju_a_40_09.mp3,,audio/mpeg,audio/gju_a_40_09.mp3,,27166
115471cc51291abaea91bc7f706301b5,glh_ag_40_09.wav,,audio/x-wav,audio/glh_ag_40_09.wav,,120772
fbb0230fe9ff705675438bb81bc68769,glh_ag_40_09.mp3,,audio/mpeg,audio/glh_ag_40_09.mp3,,30301
c842b3de66e75ca704964175edce4b8a,glh_ag_40_20.wav,,audio/x-wav,audio/glh_ag_40_20.wav,,123920
0c76e9c0d24cfd179296d6aa294b850c,glh_ag_40_20.mp3,,audio/mpeg,audio/glh_ag_40_20.mp3,,30301
ac4fac7730b2e8d45e0d8477b846b296,bsh_w_40_37.wav,,audio/x-wav,audio/bsh_w_40_37.wav,,141180
d7d8678f0ec828cedb84fa69475a08f1,bsh_w_40_37.mp3,,audio/mpeg,audio/bsh_w_40_37.mp3,,34480
e5e7eeaa085f6457201a3607ae19e256,bkk_40_36.wav,,audio/x-wav,audio/bkk_40_36.wav,,128824
f91131e69dd3b1e5c142e442f0dbb0f9,bkk_40_36.mp3,,audio/mpeg,audio/bkk_40_36.mp3,,31346
259894e2855e00e8a987e61e0f8def3f,shd_40_13.wav,,audio/x-wav,audio/shd_40_13.wav,,114388
f73982a91cb46fe93305ba116d4ff6a8,shd_40_13.mp3,,audio/mpeg,audio/shd_40_13.mp3,,28211
ef1b9b6bd34bff7cd748a120f1fdd796,kas_p_40_27.wav,,audio/x-wav,audio/kas_p_40_27.wav,,127848
66f91f84a0003d14446f3911eeb743c2,kas_p_40_27.mp3,,audio/mpeg,audio/kas_p_40_27.mp3,,31346
2acdf4abcec154d4af08e8a51952d8d2,glh_ag_40_16.wav,,audio/x-wav,audio/glh_ag_40_16.wav,,105456
35b0e5c3edbb1e4f6b055844e1ba1eb6,glh_ag_40_16.mp3,,audio/mpeg,audio/glh_ag_40_16.mp3,,26121
2b27b675f271ee405acd81914f9b47d7,ydg_40_05.mp3,,audio/mpeg,audio/ydg_40_05.mp3,,30301
fdd249864ddc8d457253a48f48ec7974,ydg_40_05.wav,,audio/x-wav,audio/ydg_40_05.wav,,122196
61d9202996b4dbc3382deda2375f97b8,ydg_40_16.mp3,,audio/mpeg,audio/ydg_40_16.mp3,,28211
1a4cd85e79a63144e5793867f8aa637c,ydg_40_16.wav,,audio/x-wav,audio/ydg_40_16.wav,,114716
698f3558cd78da8f5366f1f72b1908ef,xka_40_27.mp3,,audio/mpeg,audio/xka_40_27.mp3,,31346
ba1fd9a3b757e6cd62b83f7ef0be7c73,xka_40_27.wav,,audio/x-wav,audio/xka_40_27.wav,,126552
a153ea1a586077908c5343e30101db7b,ush_40_02.wav,,audio/x-wav,audio/ush_40_02.wav,,105128
2bd8cbb1a92cf832f69baf71e218aa96,ush_40_02.mp3,,audio/mpeg,audio/ush_40_02.mp3,,26121
186bbed9f7acd44b5a31db9fd9ca2af5,wbk_40_38.wav,,audio/x-wav,audio/wbk_40_38.wav,,88364
81615e05a8dac16d9b9facc25a7835b1,wbk_40_38.mp3,,audio/mpeg,audio/wbk_40_38.mp3,,22986
721163265c0037f43a338a25e33408c5,scl_i_40_07.wav,,audio/x-wav,audio/scl_i_40_07.wav,,131160
bb2ea438c36be4849a7d057850a2f38b,scl_i_40_07.mp3,,audio/mpeg,audio/scl_i_40_07.mp3,,32391
a4a2fcfb25e6fee9428e69dd8ee98cc8,glh_sn_40_10.wav,,audio/x-wav,audio/glh_sn_40_10.wav,,140340
f727ded1ce2743c198dd2b6b1a01ff73,glh_sn_40_10.mp3,,audio/mpeg,audio/glh_sn_40_10.mp3,,34480
1fc36670d6278e0396fb12a33ea0ef40,glh_sn_40_12.wav,,audio/x-wav,audio/glh_sn_40_12.wav,,90084
8425aba55eb29fc30063166bcbd81ffc,glh_sn_40_12.mp3,,audio/mpeg,audio/glh_sn_40_12.mp3,,22986
bc778900a84e37592abd90eb83f76627,kas_i_40_30.wav,,audio/x-wav,audio/kas_i_40_30.wav,,126516
531e283fbf2fb42d7f9f50387d614b9d,kas_i_40_30.mp3,,audio/mpeg,audio/kas_i_40_30.mp3,,31346
64e93ba42c25404f123219705c5b9fe8,mnj_40_37.wav,,audio/x-wav,audio/mnj_40_37.wav,,113756
b27253f3d48116a9fbefc3b7834d3b61,mnj_40_37.mp3,,audio/mpeg,audio/mnj_40_37.mp3,,28211
545c8430d08c383e0cad2c70cc08c4b5,phl_40_38.wav,,audio/x-wav,audio/phl_40_38.wav,,121588
bfc88293e372cc5f6931a65cbada5eb5,phl_40_38.mp3,,audio/mpeg,audio/phl_40_38.mp3,,30301
cc13e853096bfea449315de4b77aee2b,phl_40_27.wav,,audio/x-wav,audio/phl_40_27.wav,,95240
a7ee7c4d5d8fcb2e4248f316bdf1e100,phl_40_27.mp3,,audio/mpeg,audio/phl_40_27.mp3,,24031
ec2ec5895f4c00a4cf697defdb22d958,psh_ai_40_25.wav,,audio/x-wav,audio/psh_ai_40_25.wav,,128464
77c8120a227c0a77bc5354ecfb47cab0,psh_ai_40_25.mp3,,audio/mpeg,audio/psh_ai_40_25.mp3,,31346
c654209f1e73f55127dfb34ce11c622f,isk_40_13.wav,,audio/x-wav,audio/isk_40_13.wav,,107656
cd5779f80cce1d57064687b8e041d863,isk_40_13.mp3,,audio/mpeg,audio/isk_40_13.mp3,,27166
feaaa1a6a63d03d83d036c9341fd87fa,psh_ai_40_23.wav,,audio/x-wav,audio/psh_ai_40_23.wav,,119364
0fe97b648fe0590de228a5e28a848452,psh_ai_40_23.mp3,,audio/mpeg,audio/psh_ai_40_23.mp3,,29256
6c38d4faff1923707de2a04352099218,xka_40_40.mp3,,audio/mpeg,audio/xka_40_40.mp3,,31346
6b39b001add3843c6a0fa2f7fc4b2408,xka_40_40.wav,,audio/x-wav,audio/xka_40_40.wav,,126552
71ab69cd6ad67fb25b8dece953fa203e,shd_40_29.wav,,audio/x-wav,audio/shd_40_29.wav,,125888
fa0b33c547f45e22326d6613455c275d,shd_40_29.mp3,,audio/mpeg,audio/shd_40_29.mp3,,31346
4dc1a1466d9ce1c054a109ab58745c70,gju_p_40_13.wav,,audio/x-wav,audio/gju_p_40_13.wav,,84728
1f4b940b0104ebd3fe3bf6936fb741a6,gju_p_40_13.mp3,,audio/mpeg,audio/gju_p_40_13.mp3,,21942
005f7fd69be878e844ded2f987bccfed,pbu_i_40_39.wav,,audio/x-wav,audio/pbu_i_40_39.wav,,107536
ce3312aa2222372dfcb2e088fac411f5,pbu_i_40_39.mp3,,audio/mpeg,audio/pbu_i_40_39.mp3,,27166
b005ab26ec21cc2eceaae64ee5e71e56,bft_40_22b.wav,,audio/x-wav,audio/bft_40_22b.wav,,123440
b7dcfa1b8884890cf754238c46692be8,bft_40_22b.mp3,,audio/mpeg,audio/bft_40_22b.mp3,,30301
8346d529b75a9401f43a388ba2eff37f,bkk_40_30b.wav,,audio/x-wav,audio/bkk_40_30b.wav,,100720
a50617f85c051152f7a7684d94577d40,bkk_40_30b.mp3,,audio/mpeg,audio/bkk_40_30b.mp3,,25076
4cc3ff835bbbd79aaa8dee92fdfb07e0,psi_ar_40_04b.wav,,audio/x-wav,audio/psi_ar_40_04b.wav,,94600
f821716cb5dc3f477d66e63a169f476f,psi_ar_40_04b.mp3,,audio/mpeg,audio/psi_ar_40_04b.mp3,,24031
64acbddcc24f927ec98a531c3c28c566,bsh_e_40_28.wav,,audio/x-wav,audio/bsh_e_40_28.wav,,110100
b233e0a5f19a4684a25e20dde01e141e,bsh_e_40_28.mp3,,audio/mpeg,audio/bsh_e_40_28.mp3,,27166
5864b35c22c22a446e48430cd35d34e0,gju_a_40_16.wav,,audio/x-wav,audio/gju_a_40_16.wav,,138776
1e18659e2a4cf057b16fd04d4ca8d04f,gju_a_40_16.mp3,,audio/mpeg,audio/gju_a_40_16.mp3,,34480
afd5ec27ec9869cf02058093cb8dae26,bkk_40_32.wav,,audio/x-wav,audio/bkk_40_32.wav,,144984
c28fb2d8f336549e14a24643e08f0682,bkk_40_32.mp3,,audio/mpeg,audio/bkk_40_32.mp3,,35525
0c37726a60fe64c5c6aac3ef248c8751,xvi_40_22.mp3,,audio/mpeg,audio/xvi_40_22.mp3,,26121
0a234134983d930392aa1a60c90347fb,xvi_40_22.wav,,audio/x-wav,audio/xvi_40_22.wav,,103384
b69fe80e4df40c85dadef704d95b0189,psi_ar_40_20.wav,,audio/x-wav,audio/psi_ar_40_20.wav,,111004
ed475f9d0545242e0b074fe6adcf1ec6,psi_ar_40_20.mp3,,audio/mpeg,audio/psi_ar_40_20.mp3,,28211
7fb09656ec674178830e6c4522ed7889,aae_at_40_31.wav,,audio/x-wav,audio/aae_at_40_31.wav,,100920
b711e6629f24d593553034370caf3e6d,aae_at_40_31.mp3,,audio/mpeg,audio/aae_at_40_31.mp3,,25076
4142bfc627256adecef3ae39863b0162,phr_40_40b.wav,,audio/x-wav,audio/phr_40_40b.wav,,150228
28a1d0b130316eb40787fb01296ecde9,phr_40_40b.mp3,,audio/mpeg,audio/phr_40_40b.mp3,,36570
a8869b965add690904b823b8eec62847,prn_40_18.wav,,audio/x-wav,audio/prn_40_18.wav,,95532
22ce60da4f7ae518d9eb897841b0894f,prn_40_18.mp3,,audio/mpeg,audio/prn_40_18.mp3,,24031
50b5f9171f209e34cffbfa438d22a506,psi_am_40_11.wav,,audio/x-wav,audio/psi_am_40_11.wav,,134544
e532b65c360c04c0806397ae2ae135df,psi_am_40_11.mp3,,audio/mpeg,audio/psi_am_40_11.mp3,,33435
b36b53005ca840c4a51ef5e73b1a6b15,ush_40_15.wav,,audio/x-wav,audio/ush_40_15.wav,,141788
2501619a043dd149012bbb4e1c9bc1f9,ush_40_15.mp3,,audio/mpeg,audio/ush_40_15.mp3,,34480
3286561a6981b748d532fe09c39e2753,gwc_40_06.wav,,audio/x-wav,audio/gwc_40_06.wav,,103260
719ed02f34f168f92d47808599c685d1,gwc_40_06.mp3,,audio/mpeg,audio/gwc_40_06.mp3,,26121
14e06ee28dbd447e988e9654a120ac84,aee_kg_40_31.wav,,audio/x-wav,audio/aee_kg_40_31.wav,,114176
1706174dd299d66ecea820c552738714,aee_kg_40_31.mp3,,audio/mpeg,audio/aee_kg_40_31.mp3,,28211
c590d4b5d4c95a555dced9c9e5034c74,kas_i_40_23.wav,,audio/x-wav,audio/kas_i_40_23.wav,,116788
7125e8b4b79c14ec9dacf0afad5e7a0b,kas_i_40_23.mp3,,audio/mpeg,audio/kas_i_40_23.mp3,,29256
75f7459c75077169833c8d9e0f6d7ddc,trw_40_29.wav,,audio/x-wav,audio/trw_40_29.wav,,113520
d229701bce914933c4c57d70aebbf714,trw_40_29.mp3,,audio/mpeg,audio/trw_40_29.mp3,,28211
5394d92e67e1fe659bb8add794b45fef,pbu_a_40_38.wav,,audio/x-wav,audio/pbu_a_40_38.wav,,108892
958823f4849f5f4b5e6dbf063b181cc3,pbu_a_40_38.mp3,,audio/mpeg,audio/pbu_a_40_38.mp3,,27166
a4d730a0323ecebdbd343e567707da04,bsk_n_40_21.wav,,audio/x-wav,audio/bsk_n_40_21.wav,,120048
9ba1cf01426e0faa488cff4cfef4ab09,bsk_n_40_21.mp3,,audio/mpeg,audio/bsk_n_40_21.mp3,,30301
6452f7497f6c32233b4bc3d60daa16b9,phl_40_06.wav,,audio/x-wav,audio/phl_40_06.wav,,118188
535dc9f294c8c70980d51ca79fa3bf83,phl_40_06.mp3,,audio/mpeg,audio/phl_40_06.mp3,,29256
9aa67c88b7da774906cf9136790e485c,uzs_40_02.wav,,audio/x-wav,audio/uzs_40_02.wav,,175132
3017678fdfdc2fc9b54159f4640faef8,uzs_40_02.mp3,,audio/mpeg,audio/uzs_40_02.mp3,,41795
dd4d18392bc1f26911e2e613988734e8,psi_ar_40_25.wav,,audio/x-wav,audio/psi_ar_40_25.wav,,125480
255be330ec2b69e94b067acd3670bdbd,psi_ar_40_25.mp3,,audio/mpeg,audio/psi_ar_40_25.mp3,,31346
8f2a12cd963603a893e74f9cbd4f6bc3,gwt_p_40_28.wav,,audio/x-wav,audio/gwt_p_40_28.wav,,143136
eb99acdc336467b8db1dc9422c688c19,gwt_p_40_28.mp3,,audio/mpeg,audio/gwt_p_40_28.mp3,,35525
8ca6e21ae7fb26978775ff59ab2291b8,pbu_p_40_32.wav,,audio/x-wav,audio/pbu_p_40_32.wav,,126020
d98c23c3e6a4d2858f91a45d882ce80e,pbu_p_40_32.mp3,,audio/mpeg,audio/pbu_p_40_32.mp3,,31346
2aca4d0ebb33be9fba95cf47afffcd98,kls_40_40a.wav,,audio/x-wav,audio/kls_40_40a.wav,,109596
d934966f9b7d871a5a1b0f55ab7b47b4,kls_40_40a.mp3,,audio/mpeg,audio/kls_40_40a.mp3,,27166
aa01c07f2919df385b9141ebefa10bea,bsk_h_40_15.wav,,audio/x-wav,audio/bsk_h_40_15.wav,,154196
c2fdd18beab022afe14c6ee1c849dd94,bsk_h_40_15.mp3,,audio/mpeg,audio/bsk_h_40_15.mp3,,37615
a2805a5c340eb0a02e79481215b0fb8f,kir_40_32.wav,,audio/x-wav,audio/kir_40_32.wav,,131060
e72514cc3c5ec5db6ca35253b0674168,kir_40_32.mp3,,audio/mpeg,audio/kir_40_32.mp3,,32391
ef80604616eaa1deed7ab57d90552a1a,kas_p_40_09.wav,,audio/x-wav,audio/kas_p_40_09.wav,,124436
16cf16f9eb63d24b058631d29ee7a3b7,kas_p_40_09.mp3,,audio/mpeg,audio/kas_p_40_09.mp3,,30301
6641d5b5f944dbc21ad3145a66d33f3f,prs_d_40_01.wav,,audio/x-wav,audio/prs_d_40_01.wav,,106504
cbd7ff9db9e2abde4a13f710a39ecdcd,prs_d_40_01.mp3,,audio/mpeg,audio/prs_d_40_01.mp3,,27166
bb41419613dffb892c4c2a474a23a662,gwt_p_40_36.wav,,audio/x-wav,audio/gwt_p_40_36.wav,,131976
7a5dacf777bc1a3cd84c50ddc9d399ff,gwt_p_40_36.mp3,,audio/mpeg,audio/gwt_p_40_36.mp3,,32391
b11bcd8924d13a3ecd10a872dad85260,pbu_a_40_09.wav,,audio/x-wav,audio/pbu_a_40_09.wav,,121580
1e5964e4f9fb55ac6c5ee10641fb4eaf,pbu_a_40_09.mp3,,audio/mpeg,audio/pbu_a_40_09.mp3,,30301
620ba37c1b7e93d2139e119731fec2cc,xka_40_10.mp3,,audio/mpeg,audio/xka_40_10.mp3,,35525
965c78b1196b71b5bc89c609a1d0b333,xka_40_10.wav,,audio/x-wav,audio/xka_40_10.wav,,145676
3b2f253176a89839f474776c724565f1,pbu_p_40_01.wav,,audio/x-wav,audio/pbu_p_40_01.wav,,107908
c174b658bcf0c99dd15372964ab77107,pbu_p_40_01.mp3,,audio/mpeg,audio/pbu_p_40_01.mp3,,27166
9916bc525a8272ef1f2502e71e56d0f3,bsk_n_40_31.wav,,audio/x-wav,audio/bsk_n_40_31.wav,,147324
3aa07d1a8db8449215bff9689966fb9c,bsk_n_40_31.mp3,,audio/mpeg,audio/bsk_n_40_31.mp3,,35525
89151dc2204d6652eb33d383117beeea,gwt_a_40_04.wav,,audio/x-wav,audio/gwt_a_40_04.wav,,89832
af99b4775ae838e297f880e00ad17ce3,gwt_a_40_04.mp3,,audio/mpeg,audio/gwt_a_40_04.mp3,,22986
4a61acecd317cc98312467f66423b2b3,bsk_h_40_12.wav,,audio/x-wav,audio/bsk_h_40_12.wav,,97832
dd0996d2a7b436f5d79b9758807fb4fd,bsk_h_40_12.mp3,,audio/mpeg,audio/bsk_h_40_12.mp3,,25076
45dcb3e151548b8f7c83696e25fd4e05,gju_a_40_03.wav,,audio/x-wav,audio/gju_a_40_03.wav,,137492
e152fd9f735325d63f2235d16883cb9e,gju_a_40_03.mp3,,audio/mpeg,audio/gju_a_40_03.mp3,,33435
15f8ffe4f22661c7077fa6dfb599e7cf,wbk_40_08.wav,,audio/x-wav,audio/wbk_40_08.wav,,74488
326eae3eed59044377605652f642a862,wbk_40_08.mp3,,audio/mpeg,audio/wbk_40_08.mp3,,19852
d2ecc0ba69035465eb8c897c95901670,bkk_40_06.wav,,audio/x-wav,audio/bkk_40_06.wav,,143468
84bf6bdf065f8a5041cc2617ca4e2c3d,bkk_40_06.mp3,,audio/mpeg,audio/bkk_40_06.mp3,,35525
2a231f28feb84acad1a59d571459cfe8,bsh_w_40_01.wav,,audio/x-wav,audio/bsh_w_40_01.wav,,109764
3743e64fccc720ab9cc27cf0a7c5afae,bsh_w_40_01.mp3,,audio/mpeg,audio/bsh_w_40_01.mp3,,27166
26655ff2d863372d9832593026b17b9f,mnj_40_40.wav,,audio/x-wav,audio/mnj_40_40.wav,,126844
1f8e3406ed228977b5abb7fdf11588a1,mnj_40_40.mp3,,audio/mpeg,audio/mnj_40_40.mp3,,31346
699fc3105f0877981b1d1685fa1b1ffd,xka_40_32.mp3,,audio/mpeg,audio/xka_40_32.mp3,,38660
97c94dca763636b330fd2aa52b3fbb9b,xka_40_32.wav,,audio/x-wav,audio/xka_40_32.wav,,161120
5d084e021268000fcceb833656087745,wbl_a_40_03.wav,,audio/x-wav,audio/wbl_a_40_03.wav,,114580
1640476cc35f92459e11f2492a16e456,wbl_a_40_03.mp3,,audio/mpeg,audio/wbl_a_40_03.mp3,,28211
3c88e24efbcae4ea0397efd2ac7b4b34,isk_40_12.wav,,audio/x-wav,audio/isk_40_12.wav,,117168
2d4f717401952c0dfa9fda9091e23ea8,isk_40_12.mp3,,audio/mpeg,audio/isk_40_12.mp3,,29256
259ccae0586489704c5cc70c89509e70,phl_40_02.wav,,audio/x-wav,audio/phl_40_02.wav,,133488
9770be45753c3e46d7e7a43f163458e4,phl_40_02.mp3,,audio/mpeg,audio/phl_40_02.mp3,,32391
1dcf65c02aeeb1328cd58c837d03a13b,bsh_e_40_20.wav,,audio/x-wav,audio/bsh_e_40_20.wav,,125108
0bce22bef77a538a1ec384fd8fdb5f54,bsh_e_40_20.mp3,,audio/mpeg,audio/bsh_e_40_20.mp3,,31346
61b97a8a67f3117211699ea9ea7463bd,scl_i_40_13.wav,,audio/x-wav,audio/scl_i_40_13.wav,,113492
ffdbfa45587e823d75e4983bb5d9fa6e,scl_i_40_13.mp3,,audio/mpeg,audio/scl_i_40_13.mp3,,28211
3a6fb27ecaf15ecc9bbd9029639443b4,prc_40_27.wav,,audio/x-wav,audio/prc_40_27.wav,,80572
c1e93473e1496e32c738aaa49c5c645b,prc_40_27.mp3,,audio/mpeg,audio/prc_40_27.mp3,,20897
941c4eaf0537726a19b60fb49aa954bf,sgh_r_40_19.wav,,audio/x-wav,audio/sgh_r_40_19.wav,,137612
1eb7302b8b2567853440f7fe2b905919,sgh_r_40_19.mp3,,audio/mpeg,audio/sgh_r_40_19.mp3,,33435
caead1dd1c4879d56f4143597b947682,lbj_40_08.wav,,audio/x-wav,audio/lbj_40_08.wav,,131472
a3e385a028b4f3a09c29c3364ab68b93,lbj_40_08.mp3,,audio/mpeg,audio/lbj_40_08.mp3,,32391
757a7cdea1b5483fe20be51d6a7a79f5,lbj_40_37.wav,,audio/x-wav,audio/lbj_40_37.wav,,100064
e64022e2986404bda5f17a20e5b3dca8,lbj_40_37.mp3,,audio/mpeg,audio/lbj_40_37.mp3,,25076
0b8bcb2e7785970226fa13ce821a0ca0,isk_40_06.wav,,audio/x-wav,audio/isk_40_06.wav,,93388
b2d46ec978bf540ce2da2709ada28b27,isk_40_06.mp3,,audio/mpeg,audio/isk_40_06.mp3,,24031
5f9600469698b280b9c5e8617cc37b9c,wbl_a_40_30.wav,,audio/x-wav,audio/wbl_a_40_30.wav,,93752
18e30d9662fd05dd67c966b111239a36,wbl_a_40_30.mp3,,audio/mpeg,audio/wbl_a_40_30.mp3,,24031
1ee3bf5a8e3c4f75a9b6cc95aa86aabb,glh_ag_40_39.wav,,audio/x-wav,audio/glh_ag_40_39.wav,,122120
6f067989a1520591e221268d82e30460,glh_ag_40_39.mp3,,audio/mpeg,audio/glh_ag_40_39.mp3,,30301
c16d4455fc2dfaa09b9b2a7dd0b53c3f,psi_am_40_37.wav,,audio/x-wav,audio/psi_am_40_37.wav,,108428
12e0d34c9287d0025ca34b7c16b7aaaa,psi_am_40_37.mp3,,audio/mpeg,audio/psi_am_40_37.mp3,,27166
875928810a1908dc020e47a408a2ef6c,pbu_p_40_27.wav,,audio/x-wav,audio/pbu_p_40_27.wav,,130140
74ed2a82c3ce016be91f81ed0c775f75,pbu_p_40_27.mp3,,audio/mpeg,audio/pbu_p_40_27.mp3,,32391
72b98293d4201f5a11bd6c04c75e48a9,bsk_n_40_06.wav,,audio/x-wav,audio/bsk_n_40_06.wav,,115140
9ac05935fd311cd013bf3929f1579619,bsk_n_40_06.mp3,,audio/mpeg,audio/bsk_n_40_06.mp3,,28211
b32749ad3a42706bfe3eab4615768298,plk_40_19.wav,,audio/x-wav,audio/plk_40_19.wav,,119628
96ba993772e1376ca685449f9e43add4,plk_40_19.mp3,,audio/mpeg,audio/plk_40_19.mp3,,29256
42bd2957b023144be78f4baa2f0721e2,pbu_i_40_35.wav,,audio/x-wav,audio/pbu_i_40_35.wav,,116192
1c284c27e63b7947547b321a650f0cac,pbu_i_40_35.mp3,,audio/mpeg,audio/pbu_i_40_35.mp3,,29256
0e3e1883997276f8f5af175abf1d6808,xvi_40_21.mp3,,audio/mpeg,audio/xvi_40_21.mp3,,28211
2ac1403813308a3225ccdabbefee28e7,xvi_40_21.wav,,audio/x-wav,audio/xvi_40_21.wav,,112924
39fba4898198ef48013efe2ef6fe2bc2,isk_40_01.wav,,audio/x-wav,audio/isk_40_01.wav,,99332
31c9c71b23cb67ca157c071d289f9271,isk_40_01.mp3,,audio/mpeg,audio/isk_40_01.mp3,,25076
7202e50d44ed21d046f5caa5b150be7a,glh_sn_40_18.wav,,audio/x-wav,audio/glh_sn_40_18.wav,,80312
a8b9865ec67412cba1b8b8023dcb8d86,glh_sn_40_18.mp3,,audio/mpeg,audio/glh_sn_40_18.mp3,,20897
73f5d5c80f09d9911045d463718bc7b1,gju_p_40_22.wav,,audio/x-wav,audio/gju_p_40_22.wav,,148236
817300fb773a92cf8337de1221989f98,gju_p_40_22.mp3,,audio/mpeg,audio/gju_p_40_22.mp3,,36570
c9e9d7e8a255caa1a56d11db416064e5,aee_sh_40_35.wav,,audio/x-wav,audio/aee_sh_40_35.wav,,124116
0abcfa126e348f5a2a05d002e27b7506,aee_sh_40_35.mp3,,audio/mpeg,audio/aee_sh_40_35.mp3,,30301
b387dffafa006a1d9f11344784436244,phr_40_22.wav,,audio/x-wav,audio/phr_40_22.wav,,146696
608fb1f54137ed4ddddb87cd934f81a4,phr_40_22.mp3,,audio/mpeg,audio/phr_40_22.mp3,,35525
dcbff39b1869a385fbff13aa550f7818,ask_40_33.wav,,audio/x-wav,audio/ask_40_33.wav,,130588
90f0d8bdd49f32cd61362b699d51b2a5,ask_40_33.mp3,,audio/mpeg,audio/ask_40_33.mp3,,32391
50ca9d1bab9800f35da092db5945271b,ush_40_27.wav,,audio/x-wav,audio/ush_40_27.wav,,123456
b86bda7f614f31aa0d7a047a7639a611,ush_40_27.mp3,,audio/mpeg,audio/ush_40_27.mp3,,30301
8b28f216c73f32c1945fef867bbb451e,psi_ar_40_30.wav,,audio/x-wav,audio/psi_ar_40_30.wav,,70480
861aa442191a4aef329fd8a796f53a70,psi_ar_40_30.mp3,,audio/mpeg,audio/psi_ar_40_30.mp3,,18807
8ad2fd51fd32d10bd87c8e7364c01044,psh_ai_40_12.wav,,audio/x-wav,audio/psh_ai_40_12.wav,,123408
5d7c4a3e4621e6df32a5a76c2efdf80c,psh_ai_40_12.mp3,,audio/mpeg,audio/psh_ai_40_12.mp3,,30301
db0a0750a5722a57aa3e05de065680c1,bsk_h_40_34.wav,,audio/x-wav,audio/bsk_h_40_34.wav,,105516
6169ef9bcd3982b17418105a32792093,bsk_h_40_34.mp3,,audio/mpeg,audio/bsk_h_40_34.mp3,,26121
8cdab390089fbf86a2f96d808dad44e1,mnj_40_23.wav,,audio/x-wav,audio/mnj_40_23.wav,,132568
d74b87b069a620b18766dc1975e74133,mnj_40_23.mp3,,audio/mpeg,audio/mnj_40_23.mp3,,32391
31469f7f7b12b03b19243df7bd78ac24,ydg_40_12.mp3,,audio/mpeg,audio/ydg_40_12.mp3,,26121
826140b9692dee164935ca1333a3cb29,ydg_40_12.wav,,audio/x-wav,audio/ydg_40_12.wav,,105576
cb562e1dd54421e554fcdfb426af0081,kir_40_12.wav,,audio/x-wav,audio/kir_40_12.wav,,145300
7c35487fbe632f9699de25f3f41a6038,kir_40_12.mp3,,audio/mpeg,audio/kir_40_12.mp3,,35525
9530e29a24024843256ab0924684a02f,wbl_p_40_34.wav,,audio/x-wav,audio/wbl_p_40_34.wav,,121392
40a75993a7b4e5aa9014d6cf62a1ca71,wbl_p_40_34.mp3,,audio/mpeg,audio/wbl_p_40_34.mp3,,30301
96075c3a6c864275d4dbd82b598b4817,ush_40_40.wav,,audio/x-wav,audio/ush_40_40.wav,,80688
c7450dfedd32fd719eecb26d92bb3ae4,ush_40_40.mp3,,audio/mpeg,audio/ush_40_40.mp3,,20897
168f0a524acb69fe37deb9df00df016c,uzs_40_31.wav,,audio/x-wav,audio/uzs_40_31.wav,,165236
8011fefdcaf01ed5880f708c45cc61e3,uzs_40_31.mp3,,audio/mpeg,audio/uzs_40_31.mp3,,39705
ed9bb2f925896c748ed7202a11121114,phl_40_11.wav,,audio/x-wav,audio/phl_40_11.wav,,125836
eb1147a19fd44cce23efb7662c343c58,phl_40_11.mp3,,audio/mpeg,audio/phl_40_11.mp3,,31346
d1ee4c4915198baebc74664cd1ca7dfb,kls_40_31.wav,,audio/x-wav,audio/kls_40_31.wav,,178180
96657bbd6f76b916647b6dcf95fce67f,kls_40_31.mp3,,audio/mpeg,audio/kls_40_31.mp3,,42840
7059d12647451fbb94e7e956f00d37c4,phl_40_35.wav,,audio/x-wav,audio/phl_40_35.wav,,125836
c6207122f3ead663dcc0bfccdce8d63c,phl_40_35.mp3,,audio/mpeg,audio/phl_40_35.mp3,,31346
f3c4eb9024af3dbf55503621966db856,trw_40_11.wav,,audio/x-wav,audio/trw_40_11.wav,,119432
91dcdd4515a83b8b72df56404c65c05a,trw_40_11.mp3,,audio/mpeg,audio/trw_40_11.mp3,,29256
7a35983153386fe4423e6ed37cedcf33,bsh_e_40_14.wav,,audio/x-wav,audio/bsh_e_40_14.wav,,130104
2f0fa3aca7606975eab2f5cdc69f03c4,bsh_e_40_14.mp3,,audio/mpeg,audio/bsh_e_40_14.mp3,,32391
056b9378ad1b1878852cb4e569a8894f,isk_40_31.wav,,audio/x-wav,audio/isk_40_31.wav,,131440
c1a8559425862347503ae80b97a3331f,isk_40_31.mp3,,audio/mpeg,audio/isk_40_31.mp3,,32391
d4c18b89b158d568ec632ad51f6c2cea,mnj_40_19.wav,,audio/x-wav,audio/mnj_40_19.wav,,150568
66c52355245429d4342443032de5a459,mnj_40_19.mp3,,audio/mpeg,audio/mnj_40_19.mp3,,36570
b7b776c0188a9730d70c24769fb653a2,lbj_40_03.wav,,audio/x-wav,audio/lbj_40_03.wav,,106676
2305b07fdf242f08e0dac9e713973588,lbj_40_03.mp3,,audio/mpeg,audio/lbj_40_03.mp3,,27166
523b31a7a147325eec0e11b7e96d2252,aee_kg_40_28.wav,,audio/x-wav,audio/aee_kg_40_28.wav,,142056
ed4147c8bbd859f83dbd9b00e8918689,aee_kg_40_28.mp3,,audio/mpeg,audio/aee_kg_40_28.mp3,,34480
f76285c758e9c192bf69b85e8ec673df,ydg_40_33.mp3,,audio/mpeg,audio/ydg_40_33.mp3,,32391
de5c84722148c37233be95bcd0623f40,ydg_40_33.wav,,audio/x-wav,audio/ydg_40_33.wav,,132168
c62233bce96e3d0e14b6c9a6bcdedca1,sgh_a_40_23.wav,,audio/x-wav,audio/sgh_a_40_23.wav,,114928
24f473b75ccd57e15553c4bb80f727d0,sgh_a_40_23.mp3,,audio/mpeg,audio/sgh_a_40_23.mp3,,28211
faa1c03db1598f3881b0d403017348a8,uzs_40_19.wav,,audio/x-wav,audio/uzs_40_19.wav,,134784
c98f26d036d007ab86f0120a28cecb0f,uzs_40_19.mp3,,audio/mpeg,audio/uzs_40_19.mp3,,33435
a5a2706da2e82d6c66ea9763c24987d8,aee_sh_40_20.wav,,audio/x-wav,audio/aee_sh_40_20.wav,,134836
be715ab27f83453716f5c12e86843693,aee_sh_40_20.mp3,,audio/mpeg,audio/aee_sh_40_20.mp3,,33435
a7771f9ff832cd7ad65ffd99bfa2d983,bkk_40_07.wav,,audio/x-wav,audio/bkk_40_07.wav,,125288
a2bb2ff73b476fbc336ed6c9ca268370,bkk_40_07.mp3,,audio/mpeg,audio/bkk_40_07.mp3,,31346
c707ca4f54b307fa60397ab05e895481,sgh_a_40_22.wav,,audio/x-wav,audio/sgh_a_40_22.wav,,113156
45b62aa1af6f9b9293eea88f962d81d8,sgh_a_40_22.mp3,,audio/mpeg,audio/sgh_a_40_22.mp3,,28211
3deced0d4e5d5f6c7eef642a701a5e9a,ydg_40_13.mp3,,audio/mpeg,audio/ydg_40_13.mp3,,32391
e69b6de8ff28c33e6e75046664b8ceb0,ydg_40_13.wav,,audio/x-wav,audio/ydg_40_13.wav,,132164
393e088c4630703e79dac8e86bdca94f,gju_a_40_19.wav,,audio/x-wav,audio/gju_a_40_19.wav,,141344
8f8f5b20793e38d7b136bd7e0f04743e,gju_a_40_19.mp3,,audio/mpeg,audio/gju_a_40_19.mp3,,34480
d3fbf4a6e48dc8319c09474d75f31dac,bft_40_23a.wav,,audio/x-wav,audio/bft_40_23a.wav,,154416
8aafd5d4e7d95c43ef023d63508473a8,bft_40_23a.mp3,,audio/mpeg,audio/bft_40_23a.mp3,,37615
e6bb9479a6bacf2d0c96cb4bc3017f22,kir_40_20.wav,,audio/x-wav,audio/kir_40_20.wav,,120616
6cb60fb4febf0725a146867e931e2b0f,kir_40_20.mp3,,audio/mpeg,audio/kir_40_20.mp3,,30301
98e9a0bb237db39fce5fc077906f7bf4,btv_40_21.wav,,audio/x-wav,audio/btv_40_21.wav,,120236
8c19fc51bda0f049f309968083a1e529,btv_40_21.mp3,,audio/mpeg,audio/btv_40_21.mp3,,30301
ce262f6a89045bdbe22e3cb0d12968de,shd_40_23.wav,,audio/x-wav,audio/shd_40_23.wav,,102208
62d00716f3b74723932cdfd4418689b5,shd_40_23.mp3,,audio/mpeg,audio/shd_40_23.mp3,,26121
7cd2116f5251b5fcd5c81a76eebc24d7,uzs_40_26.wav,,audio/x-wav,audio/uzs_40_26.wav,,110428
f168dc3de05680278a1b308f72e4f780,uzs_40_26.mp3,,audio/mpeg,audio/uzs_40_26.mp3,,27166
111eb1544bccb816e6698b3fb5e4fcb7,scl_p_40_33.wav,,audio/x-wav,audio/scl_p_40_33.wav,,149400
90729bdefd04176d2db2371f2da67b7a,scl_p_40_33.mp3,,audio/mpeg,audio/scl_p_40_33.mp3,,36570
44c10bf66fca44450a77efe2666cd8f4,shd_40_11.wav,,audio/x-wav,audio/shd_40_11.wav,,135364
d8fe9c119a61eb5e880517ee93cbf29a,shd_40_11.mp3,,audio/mpeg,audio/shd_40_11.mp3,,33435
e83631e4730f83c023980b3cd1b4dff7,psh_ai_40_18.wav,,audio/x-wav,audio/psh_ai_40_18.wav,,117336
76c4fe453addf9646ba94ed90710cf69,psh_ai_40_18.mp3,,audio/mpeg,audio/psh_ai_40_18.mp3,,29256
9041a5edee5f005b1c289ba875e6a402,dml_40_04.wav,,audio/x-wav,audio/dml_40_04.wav,,115508
7061f231b01012969cd7a16b6b7efb22,dml_40_04.mp3,,audio/mpeg,audio/dml_40_04.mp3,,29256
335cdeceabd4064ed71aa0059c632c2f,phr_40_19.wav,,audio/x-wav,audio/phr_40_19.wav,,168784
1afa78fab75b780154347bed7ae11b97,phr_40_19.mp3,,audio/mpeg,audio/phr_40_19.mp3,,40750
a96b4dc4b4d521eeb1ce144e5f3626b8,aee_ch_40_32.wav,,audio/x-wav,audio/aee_ch_40_32.wav,,99684
8af28ac07131888b6dc8ad7a0a738e9b,aee_ch_40_32.mp3,,audio/mpeg,audio/aee_ch_40_32.mp3,,25076
66a0e6ded56a699dce4edc90dd89e674,sgh_a_40_20.wav,,audio/x-wav,audio/sgh_a_40_20.wav,,162648
318aa16f4455edd93f82697e131dba6e,sgh_a_40_20.mp3,,audio/mpeg,audio/sgh_a_40_20.mp3,,39705
216203d08cdab27921c4b2db2059e9c2,ask_40_36.wav,,audio/x-wav,audio/ask_40_36.wav,,110436
934d491964d51e3c785a728cbd22e70b,ask_40_36.mp3,,audio/mpeg,audio/ask_40_36.mp3,,27166
4843790a67b2c16915f3d3c38ffe20fa,prc_40_13.wav,,audio/x-wav,audio/prc_40_13.wav,,141592
760b6ff4959ad33c7d36d084b0b7fe8c,prc_40_13.mp3,,audio/mpeg,audio/prc_40_13.mp3,,34480
a84c861d0ec3091183521cd220315d95,gwt_a_40_05.wav,,audio/x-wav,audio/gwt_a_40_05.wav,,104872
564575727dc2f5bf40cd291b7c5179cb,gwt_a_40_05.mp3,,audio/mpeg,audio/gwt_a_40_05.mp3,,26121
dfbe740d594c23bbdd526bb68adb8e06,bsk_h_40_03.wav,,audio/x-wav,audio/bsk_h_40_03.wav,,111496
3a57ff746380ac062c41a83e30512c8f,bsk_h_40_03.mp3,,audio/mpeg,audio/bsk_h_40_03.mp3,,28211
8ec82665e179b414d021c378770c1c18,uzs_40_01.wav,,audio/x-wav,audio/uzs_40_01.wav,,120320
e62e99d0c0ceeb2777d4ed4a53b3036b,uzs_40_01.mp3,,audio/mpeg,audio/uzs_40_01.mp3,,30301
e6ff84c4132c585a1c40d5a26fbaeeb8,sgh_r_40_06.wav,,audio/x-wav,audio/sgh_r_40_06.wav,,86548
c845d6b05ba91a2cd2d715bf3b6c6f68,sgh_r_40_06.mp3,,audio/mpeg,audio/sgh_r_40_06.mp3,,21942
07aa3c15251419a935147031288c2636,prs_d_40_39.wav,,audio/x-wav,audio/prs_d_40_39.wav,,106896
adbf0eb27ebcbb4fb2ac6ac463460c92,prs_d_40_39.mp3,,audio/mpeg,audio/prs_d_40_39.mp3,,27166
2387646d3d201f048fe6f4e9d176aade,prs_d_40_02.wav,,audio/x-wav,audio/prs_d_40_02.wav,,161304
2d481bb62671fd07d905f133b1d97412,prs_d_40_02.mp3,,audio/mpeg,audio/prs_d_40_02.mp3,,38660
1fbe71d197c32cf61bff158d518a1445,mvy_40_36.wav,,audio/x-wav,audio/mvy_40_36.wav,,136592
15c0a0ae5f01c23e497b0b0c984d1315,mvy_40_36.mp3,,audio/mpeg,audio/mvy_40_36.mp3,,33435
5e5a530af75a5ad1eb6d699e4787cb8f,plk_40_13.wav,,audio/x-wav,audio/plk_40_13.wav,,124444
7ab586a8f10d08c4f84a867367ede9c3,plk_40_13.mp3,,audio/mpeg,audio/plk_40_13.mp3,,30301
4c530599e4735d3fbb1b9116874bdc5d,xvi_40_26.mp3,,audio/mpeg,audio/xvi_40_26.mp3,,27166
36429b0dd0bf43868aa1b02fddf6098d,xvi_40_26.wav,,audio/x-wav,audio/xvi_40_26.wav,,108948
2346345ba795de0fef423d1efecd2cbf,aee_kg_40_09.wav,,audio/x-wav,audio/aee_kg_40_09.wav,,113304
595bba8799f088613077b3e6a56d6e23,aee_kg_40_09.mp3,,audio/mpeg,audio/aee_kg_40_09.mp3,,28211
ffb78bbb846118c93bcdf14bef399c12,hno_40_28.wav,,audio/x-wav,audio/hno_40_28.wav,,135732
47ec0499b23e3a38cd99e7e8e2ba2755,hno_40_28.mp3,,audio/mpeg,audio/hno_40_28.mp3,,33435
76cfbf94fe12ee7fef7d87e1a8651fb4,kas_p_40_26.wav,,audio/x-wav,audio/kas_p_40_26.wav,,121996
368863aeb39023e44a32b308c17575c1,kas_p_40_26.mp3,,audio/mpeg,audio/kas_p_40_26.mp3,,30301
21923f0e6676f35e64fdddf18de6c263,ask_40_06.wav,,audio/x-wav,audio/ask_40_06.wav,,99924
778778c35aa8536e3f1b9a3f4197086b,ask_40_06.mp3,,audio/mpeg,audio/ask_40_06.mp3,,25076
993b37dabcaae80d7550abe90088027f,gwt_p_40_15.wav,,audio/x-wav,audio/gwt_p_40_15.wav,,146532
e086dea86fb4fc32713da85364e48c6d,gwt_p_40_15.mp3,,audio/mpeg,audio/gwt_p_40_15.mp3,,35525
b6a105f0c8d4158e6646e98c563228bf,scl_p_40_11.wav,,audio/x-wav,audio/scl_p_40_11.wav,,128612
8b3c3e11126f90217587764d7a46dc1d,scl_p_40_11.mp3,,audio/mpeg,audio/scl_p_40_11.mp3,,31346
b48efbd947da32b4ef3a317224df204a,psi_am_40_25.wav,,audio/x-wav,audio/psi_am_40_25.wav,,148912
5cc8e285c5e5e93d5308d955d0f7a026,psi_am_40_25.mp3,,audio/mpeg,audio/psi_am_40_25.mp3,,36570
67cbcb5434365142e2b62caf6e280316,uzs_40_24.wav,,audio/x-wav,audio/uzs_40_24.wav,,127932
05d0d19b6a3c74256714b1dcb24965ec,uzs_40_24.mp3,,audio/mpeg,audio/uzs_40_24.mp3,,31346
e179ffd10508a8641da3f1f2bd7e0434,aee_ch_40_17.wav,,audio/x-wav,audio/aee_ch_40_17.wav,,103808
eb4f06a1c6f15e2c779f7e5226751c92,aee_ch_40_17.mp3,,audio/mpeg,audio/aee_ch_40_17.mp3,,26121
f8c52207b91b15706de9f72b70440cc0,prs_d_40_34.wav,,audio/x-wav,audio/prs_d_40_34.wav,,107684
db06dd6ce11def144d94c94c1a2991f2,prs_d_40_34.mp3,,audio/mpeg,audio/prs_d_40_34.mp3,,27166
15184259f9dadcf8d4fba3034171cb55,gwt_a_40_20.wav,,audio/x-wav,audio/gwt_a_40_20.wav,,105756
ccc68b3be1b646dcc33354b489d84651,gwt_a_40_20.mp3,,audio/mpeg,audio/gwt_a_40_20.mp3,,26121
a735a0adbedd4c2ad77a7765f013ef39,aee_sh_40_25.wav,,audio/x-wav,audio/aee_sh_40_25.wav,,142496
a4f9901bf4c56b225d12caf0eeba3a0f,aee_sh_40_25.mp3,,audio/mpeg,audio/aee_sh_40_25.mp3,,34480
ac203de0e62fc7b6de255486beeb825b,plk_40_04.wav,,audio/x-wav,audio/plk_40_04.wav,,88088
4580b76a532373a1ed6a6eadb697ca16,plk_40_04.mp3,,audio/mpeg,audio/plk_40_04.mp3,,22986
b6803ed9a003fca629329c4a7a52d014,psi_ar_40_26.wav,,audio/x-wav,audio/psi_ar_40_26.wav,,80128
9d84fb59011ecf32a43e1582f4a7728f,psi_ar_40_26.mp3,,audio/mpeg,audio/psi_ar_40_26.mp3,,20897
a5976c998d43a489f648dd8692a9f5e8,kas_p_40_40.wav,,audio/x-wav,audio/kas_p_40_40.wav,,121504
3162fc48f926f4ef1925cafbf546ca57,kas_p_40_40.mp3,,audio/mpeg,audio/kas_p_40_40.mp3,,30301
6d2323ce660e7e0adebdaaad48e3af5b,aee_sh_40_40.wav,,audio/x-wav,audio/aee_sh_40_40.wav,,96544
517267a6a14d2d92bb7087efd1687205,aee_sh_40_40.mp3,,audio/mpeg,audio/aee_sh_40_40.mp3,,24031
2d5e9c0358c7f84285ddae7812c5eb10,psi_ar_40_40.wav,,audio/x-wav,audio/psi_ar_40_40.wav,,92672
f6d299542af358e3b7a6cfb7d57ee0c0,psi_ar_40_40.mp3,,audio/mpeg,audio/psi_ar_40_40.mp3,,24031
9d35ad88c5c41077bb497b4f7cef698c,prx_40_15.wav,,audio/x-wav,audio/prx_40_15.wav,,117500
4ab77479952a85e646f911a2a31889d3,prx_40_15.mp3,,audio/mpeg,audio/prx_40_15.mp3,,29256
a45e137f6015c0429a97f8ea9f08ce81,bsk_h_40_26.wav,,audio/x-wav,audio/bsk_h_40_26.wav,,91852
55a112c13fbc7212892dba48b246364a,bsk_h_40_26.mp3,,audio/mpeg,audio/bsk_h_40_26.mp3,,22986
326484957d8682d95961cd8cf784c7dc,kls_40_01.wav,,audio/x-wav,audio/kls_40_01.wav,,183528
33c0819e7512e8c2a672646ab4be9989,kls_40_01.mp3,,audio/mpeg,audio/kls_40_01.mp3,,43884
160e5421f3e82c84dafbb00ba3154a76,sdg_40_17.wav,,audio/x-wav,audio/sdg_40_17.wav,,141356
a1b2d246d65521be4b54e3945b7749a0,sdg_40_17.mp3,,audio/mpeg,audio/sdg_40_17.mp3,,34480
a4eaaa116a3271d6f1c7cc05c171c96b,kas_p_40_19.wav,,audio/x-wav,audio/kas_p_40_19.wav,,178092
e2f04c2aeb02fd5c06c3f0a901f45ba8,kas_p_40_19.mp3,,audio/mpeg,audio/kas_p_40_19.mp3,,42840
a46745daaca866b887675b39bdb24c5f,prs_d_40_32.wav,,audio/x-wav,audio/prs_d_40_32.wav,,151516
98404a83bb1dc5de7c83e92d89338738,prs_d_40_32.mp3,,audio/mpeg,audio/prs_d_40_32.mp3,,36570
7ddbd1b80d7bead44bbef65513c3de3b,xka_40_13.mp3,,audio/mpeg,audio/xka_40_13.mp3,,30301
a0196102ac8381bc5b5ce4cb104e50e5,xka_40_13.wav,,audio/x-wav,audio/xka_40_13.wav,,123608
8aaa71e53663d01fe01d9bb8de3bcbf9,aee_ch_40_06.wav,,audio/x-wav,audio/aee_ch_40_06.wav,,114420
a6daea3e44a24daa38c4db1561038f6d,aee_ch_40_06.mp3,,audio/mpeg,audio/aee_ch_40_06.mp3,,28211
5c8e182b5e7b46c7c10a2e29c5dc015c,sdg_40_36.wav,,audio/x-wav,audio/sdg_40_36.wav,,94252
6aa6e3b8fbf25a62e4caa21590089e69,sdg_40_36.mp3,,audio/mpeg,audio/sdg_40_36.mp3,,24031
b385c61f5c5283c29005a7972bd9b5df,bkk_40_02.wav,,audio/x-wav,audio/bkk_40_02.wav,,136400
e05c949022302b568fc80fd021e76dec,bkk_40_02.mp3,,audio/mpeg,audio/bkk_40_02.mp3,,33435
c6547a669ec18e2cb5232d9cdd5cb6c9,ask_40_17.wav,,audio/x-wav,audio/ask_40_17.wav,,169136
a54f681288a78065e489e5f91863b330,ask_40_17.mp3,,audio/mpeg,audio/ask_40_17.mp3,,40750
1defb8add8537717668de335a044727f,xvi_40_09.mp3,,audio/mpeg,audio/xvi_40_09.mp3,,30301
8c737008961578a14cd7e55168a3ce14,xvi_40_09.wav,,audio/x-wav,audio/xvi_40_09.wav,,124052
52469b02ace128b1dd946274076a96e2,isk_40_17.wav,,audio/x-wav,audio/isk_40_17.wav,,117172
864760c816a58d26484651ae4c1b74e1,isk_40_17.mp3,,audio/mpeg,audio/isk_40_17.mp3,,29256
35d29c00f4501ab024e82fd3e3728278,aee_ch_40_18.wav,,audio/x-wav,audio/aee_ch_40_18.wav,,109708
fb45d054e4cc13827d63d27cff91d4af,aee_ch_40_18.mp3,,audio/mpeg,audio/aee_ch_40_18.mp3,,27166
064f99c9f766aefbeafe19bd71059f79,isk_40_19.wav,,audio/x-wav,audio/isk_40_19.wav,,123712
d150b99b4f200bccb8067b0ff33c819a,isk_40_19.mp3,,audio/mpeg,audio/isk_40_19.mp3,,30301
0d6cd72facd790c1930990183af9b12b,khw_40_19.wav,,audio/x-wav,audio/khw_40_19.wav,,123572
0c73a545000c2fa7a043f2a5116a00a6,khw_40_19.mp3,,audio/mpeg,audio/khw_40_19.mp3,,30301
675e62c85af80903258faa1bb7d7703c,pbu_i_40_17.wav,,audio/x-wav,audio/pbu_i_40_17.wav,,154428
1fbe1af8eb9c3eb1262e7b904372d86a,pbu_i_40_17.mp3,,audio/mpeg,audio/pbu_i_40_17.mp3,,37615
7e23ec0f10043cb5fad8d579d69c99b6,mnj_40_02.wav,,audio/x-wav,audio/mnj_40_02.wav,,184108
43cc97c86c672cd6cd510cbaad76e1cf,mnj_40_02.mp3,,audio/mpeg,audio/mnj_40_02.mp3,,43884
4fe7d8f14ba33226775a5cc4d351fc95,sgh_r_40_34.wav,,audio/x-wav,audio/sgh_r_40_34.wav,,113580
6ea0d9782e2db2fcac2adb8baba0c30f,sgh_r_40_34.mp3,,audio/mpeg,audio/sgh_r_40_34.mp3,,28211
59882f42d80d5d6585b15599c62e9019,aae_at_40_19.wav,,audio/x-wav,audio/aae_at_40_19.wav,,85188
90f704b1a76400121a0f42e3a798922f,aae_at_40_19.mp3,,audio/mpeg,audio/aae_at_40_19.mp3,,21942
b7d3fd6a6855cc555383d956d53328ae,wbl_p_40_09.wav,,audio/x-wav,audio/wbl_p_40_09.wav,,128132
49d4d09aafa87af022519093deb52019,wbl_p_40_09.mp3,,audio/mpeg,audio/wbl_p_40_09.mp3,,31346
c6117305594fa8045e29ab80b3654f74,uzs_40_27.wav,,audio/x-wav,audio/uzs_40_27.wav,,107376
a13ce72c41c5ce9febde476c35a5f8d2,uzs_40_27.mp3,,audio/mpeg,audio/uzs_40_27.mp3,,27166
554e6fbd5489dc1fdab5286cfad7a97d,aae_at_40_08.wav,,audio/x-wav,audio/aae_at_40_08.wav,,69764
e975550a6dabf0d036c9edd9b1eafe12,aae_at_40_08.mp3,,audio/mpeg,audio/aae_at_40_08.mp3,,18807
27fa25d98b6fb53a024fe362cee39bb3,pbu_i_40_20.wav,,audio/x-wav,audio/pbu_i_40_20.wav,,183284
01d0b1d78e0ccc59342542535e471b6a,pbu_i_40_20.mp3,,audio/mpeg,audio/pbu_i_40_20.mp3,,43884
37b82019785b3b6a788aab4320ee0cda,uzs_40_07.wav,,audio/x-wav,audio/uzs_40_07.wav,,149248
7f4c699e210fe8af0242b998ddae6acb,uzs_40_07.mp3,,audio/mpeg,audio/uzs_40_07.mp3,,36570
c694d767dd9ef9d06ebd849e2d1967c5,glh_sn_40_17.wav,,audio/x-wav,audio/glh_sn_40_17.wav,,85896
8d385f8acad5bd90192df51eb0592b85,glh_sn_40_17.mp3,,audio/mpeg,audio/glh_sn_40_17.mp3,,21942
a3a5dfc6f8bd3c715c8b1be803bbc1d4,gwc_40_16.wav,,audio/x-wav,audio/gwc_40_16.wav,,99452
cf571c0eb7e99ae96e84fe4e665aa674,gwc_40_16.mp3,,audio/mpeg,audio/gwc_40_16.mp3,,25076
30283705aa0805e74cd7e1ee87f03303,kas_p_40_23.wav,,audio/x-wav,audio/kas_p_40_23.wav,,139068
ee1e523a8b13623ca5a19a1b7cddd39f,kas_p_40_23.mp3,,audio/mpeg,audio/kas_p_40_23.mp3,,34480
2a3a3081dbfe19865652bdf47da82ad1,mvy_40_07.wav,,audio/x-wav,audio/mvy_40_07.wav,,105184
3d445833533e9c39f0abe733897db868,mvy_40_07.mp3,,audio/mpeg,audio/mvy_40_07.mp3,,26121
5fb06d4df4507131b4efafa49efa6d2e,aee_ch_40_31.wav,,audio/x-wav,audio/aee_ch_40_31.wav,,114424
1ba71f7b0974e1b925297c4f8b3fb536,aee_ch_40_31.mp3,,audio/mpeg,audio/aee_ch_40_31.mp3,,28211
0eb44f54de96096d7f716623b594296b,bsk_n_40_38.wav,,audio/x-wav,audio/bsk_n_40_38.wav,,111324
d891e5ce08fb703cf8d2e99df00bcc1f,bsk_n_40_38.mp3,,audio/mpeg,audio/bsk_n_40_38.mp3,,28211
039e110123b9f107bd7644aad6c42ea9,ask_40_28.wav,,audio/x-wav,audio/ask_40_28.wav,,95544
ea4986b057a255c64da4d552ebc2a80f,ask_40_28.mp3,,audio/mpeg,audio/ask_40_28.mp3,,24031
8022c404363ab7552ddbd7e28f6707e4,pbu_i_40_14.wav,,audio/x-wav,audio/pbu_i_40_14.wav,,134228
450b2536de8b6ed77567e17569bdff94,pbu_i_40_14.mp3,,audio/mpeg,audio/pbu_i_40_14.mp3,,33435
3ca7a18b65d260dae07529ff9badc1c4,bsk_n_40_29a.wav,,audio/x-wav,audio/bsk_n_40_29a.wav,,121140
9e8b720aa9b31eeb6235f1392c1f2ed6,bsk_n_40_29a.mp3,,audio/mpeg,audio/bsk_n_40_29a.mp3,,30301
26a5c497bfa8842bdfca0ae4bd0193a7,prc_40_32.wav,,audio/x-wav,audio/prc_40_32.wav,,104644
43d71664219f407a413328e830b515da,prc_40_32.mp3,,audio/mpeg,audio/prc_40_32.mp3,,26121
0c622df1ac8d05039d60f411d73b7689,prn_40_13.wav,,audio/x-wav,audio/prn_40_13.wav,,119184
018ed54ced6eb2bb224c743abf731d40,prn_40_13.mp3,,audio/mpeg,audio/prn_40_13.mp3,,29256
8a591792155d199d58dc33bfb206b642,sgh_r_40_34b.wav,,audio/x-wav,audio/sgh_r_40_34b.wav,,131004
ddd5916d7580ffc455991c2d2a20b216,sgh_r_40_34b.mp3,,audio/mpeg,audio/sgh_r_40_34b.mp3,,32391
4d7740f9ae71bc6974546b27e307b05c,pbu_a_40_18.wav,,audio/x-wav,audio/pbu_a_40_18.wav,,91528
b136714097243c8b2727eb071aac9412,pbu_a_40_18.mp3,,audio/mpeg,audio/pbu_a_40_18.mp3,,22986
08dadf0a5d4a5dba479528b17d0bbbff,phl_40_36.wav,,audio/x-wav,audio/phl_40_36.wav,,105436
984be622479b8b63e731551bf20b58a6,phl_40_36.mp3,,audio/mpeg,audio/phl_40_36.mp3,,26121
bfdf9d9b7e4240aa7bbf1310f7468d9c,kas_i_40_40b.wav,,audio/x-wav,audio/kas_i_40_40b.wav,,95836
fceb012e3f7553ee0b0f1f084a95b213,kas_i_40_40b.mp3,,audio/mpeg,audio/kas_i_40_40b.mp3,,24031
f1018aea75beeeb2976c1ec0f382a6b4,wbl_a_40_01.wav,,audio/x-wav,audio/wbl_a_40_01.wav,,126884
6c2fe9d19b735a51eea870b42fad3465,wbl_a_40_01.mp3,,audio/mpeg,audio/wbl_a_40_01.mp3,,31346
a9382548e2398cfc9e7d4b055196f4d8,uzs_40_37.wav,,audio/x-wav,audio/uzs_40_37.wav,,157620
d02d2ed4f3ac2763861c3cf43f12f79a,uzs_40_37.mp3,,audio/mpeg,audio/uzs_40_37.mp3,,38660
0cc9a1562601c535558601c64574d255,lbj_40_22.wav,,audio/x-wav,audio/lbj_40_22.wav,,107504
5998b93b7052eb6512c915a810e1ad54,lbj_40_22.mp3,,audio/mpeg,audio/lbj_40_22.mp3,,27166
3d6526d9bccf6bd1aba405b906a94ca1,prs_d_40_36.wav,,audio/x-wav,audio/prs_d_40_36.wav,,142516
e03878c3b96cc8c2bd232756769cf9ea,prs_d_40_36.mp3,,audio/mpeg,audio/prs_d_40_36.mp3,,34480
c808f10f4a77c7b365a6461fd86d7d76,bsk_n_40_14.wav,,audio/x-wav,audio/bsk_n_40_14.wav,,143504
93f5f3ffe66e43c634b6f907651487ca,bsk_n_40_14.mp3,,audio/mpeg,audio/bsk_n_40_14.mp3,,35525
9cdd27a8b0134c80624ed0be757c1179,khw_40_22.wav,,audio/x-wav,audio/khw_40_22.wav,,120616
e6e5b52081fe3145d7d2d6c7f2336064,khw_40_22.mp3,,audio/mpeg,audio/khw_40_22.mp3,,30301
966a41b6c9fa8df30b0b8bad0a19dacf,mnj_40_38.wav,,audio/x-wav,audio/mnj_40_38.wav,,171016
5b129d1111c46f7112d09140e5e3a962,mnj_40_38.mp3,,audio/mpeg,audio/mnj_40_38.mp3,,41795
b04133293318646305ea0f3c32c3249d,ush_40_32.wav,,audio/x-wav,audio/ush_40_32.wav,,125288
2afae6db2ce3da3afc8e3402f4b2b771,ush_40_32.mp3,,audio/mpeg,audio/ush_40_32.mp3,,31346
3f4dc6bff721d81c381c5e0a11a6600d,gwc_40_33.wav,,audio/x-wav,audio/gwc_40_33.wav,,126872
0e528403cefc8af43f51faa5bfedeb8f,gwc_40_33.mp3,,audio/mpeg,audio/gwc_40_33.mp3,,31346
d5340fb46d89cdc408db0a6592707e94,hno_40_30.wav,,audio/x-wav,audio/hno_40_30.wav,,164184
0dfefc8892d0957204cc3b9420e51ff4,hno_40_30.mp3,,audio/mpeg,audio/hno_40_30.mp3,,39705
24ffc04b4bb4088ddd80f58c3e046d04,gwc_40_21.wav,,audio/x-wav,audio/gwc_40_21.wav,,97548
11170aef4ea05dfcb8558342d930c46c,gwc_40_21.mp3,,audio/mpeg,audio/gwc_40_21.mp3,,25076
c440fc747b29eadedaabf92038985423,psh_ai_40_19.wav,,audio/x-wav,audio/psh_ai_40_19.wav,,102172
98f4385a8aa4c638177d255c38e3b20d,psh_ai_40_19.mp3,,audio/mpeg,audio/psh_ai_40_19.mp3,,26121
003562c6229496345b7565162047a54a,psh_ai_40_21.wav,,audio/x-wav,audio/psh_ai_40_21.wav,,138572
01a039bef1ea1159a0823041f4ee23b1,psh_ai_40_21.mp3,,audio/mpeg,audio/psh_ai_40_21.mp3,,34480
a8fa88ced4ff0fdbdef0f169034347db,btv_40_12.wav,,audio/x-wav,audio/btv_40_12.wav,,137404
8602e0f55b1bf9d6aeb02304206c67d6,btv_40_12.mp3,,audio/mpeg,audio/btv_40_12.mp3,,33435
79b635b21f4c0232dfb96af73ccc936e,prc_40_08.wav,,audio/x-wav,audio/prc_40_08.wav,,129552
42b14a25bb15fe19587b000d94492b55,prc_40_08.mp3,,audio/mpeg,audio/prc_40_08.mp3,,32391
f4ef11015efb395219f20f36cc7841fa,aee_kg_40_36.wav,,audio/x-wav,audio/aee_kg_40_36.wav,,89780
0799c8ec89489a6cbe7e93190fbfff15,aee_kg_40_36.mp3,,audio/mpeg,audio/aee_kg_40_36.mp3,,22986
e922f18957bf8a48eef1edf54773aa7f,gju_a_40_06.wav,,audio/x-wav,audio/gju_a_40_06.wav,,115012
70f7630c58bb5b3a62ee78bdd5d4f36f,gju_a_40_06.mp3,,audio/mpeg,audio/gju_a_40_06.mp3,,28211
707febf18613625c81b0891ae4106ecb,scl_i_40_17.wav,,audio/x-wav,audio/scl_i_40_17.wav,,82808
ca3d74ee14861ff37b1d3306729a6831,scl_i_40_17.mp3,,audio/mpeg,audio/scl_i_40_17.mp3,,20897
af618b45b842bf499f08f62b208c926e,aae_at_40_17.wav,,audio/x-wav,audio/aae_at_40_17.wav,,116652
386b09317b008d82e97c231d2dd60125,aae_at_40_17.mp3,,audio/mpeg,audio/aae_at_40_17.mp3,,29256
ab26d40407ad4bd913b5ef54f6fce7ed,phr_40_18.wav,,audio/x-wav,audio/phr_40_18.wav,,134328
3b664135a5aa84d040ad26c124762c5d,phr_40_18.mp3,,audio/mpeg,audio/phr_40_18.mp3,,33435
8d490d92494ef85ba15cb3f801871ad1,gwt_a_40_12.wav,,audio/x-wav,audio/gwt_a_40_12.wav,,87180
8e9b79a217a991e8cbbaf91dd4231b44,gwt_a_40_12.mp3,,audio/mpeg,audio/gwt_a_40_12.mp3,,21942
201d986b609e743f9f30cd53b1c5fd2d,lbj_40_32.wav,,audio/x-wav,audio/lbj_40_32.wav,,102544
e90d3271f4efdbfee9b02c818af055e6,lbj_40_32.mp3,,audio/mpeg,audio/lbj_40_32.mp3,,26121
8e40bb98b8179ede6e465ee573ae5361,prx_40_21.wav,,audio/x-wav,audio/prx_40_21.wav,,78544
5fbd571c69569688e1997242b172ebd6,prx_40_21.mp3,,audio/mpeg,audio/prx_40_21.mp3,,20897
e16e74eb5cc177dcbf517973de63127d,lbj_40_19.wav,,audio/x-wav,audio/lbj_40_19.wav,,119904
f4d91386f4b2855b11152e3a9e6b1ed9,lbj_40_19.mp3,,audio/mpeg,audio/lbj_40_19.mp3,,30301
7d681b1407f521b988f1ca1c03eb377c,ush_40_09.wav,,audio/x-wav,audio/ush_40_09.wav,,130176
4027639d8c274e58feb70457d2e3bbe5,ush_40_09.mp3,,audio/mpeg,audio/ush_40_09.mp3,,32391
9e6a387e7ab2e19ed9f184e434d23080,glh_sn_40_40.wav,,audio/x-wav,audio/glh_sn_40_40.wav,,78216
02a3746382f85317405a8e3436cafbde,glh_sn_40_40.mp3,,audio/mpeg,audio/glh_sn_40_40.mp3,,19852
22ea185868342f46e77cf99df05db86a,hno_40_26.wav,,audio/x-wav,audio/hno_40_26.wav,,123696
8fc0f80f0e0111491924c8f398a92f72,hno_40_26.mp3,,audio/mpeg,audio/hno_40_26.mp3,,30301
989329d94fdbe638d14b3313ebfc75fc,scl_p_40_22.wav,,audio/x-wav,audio/scl_p_40_22.wav,,153780
d2b5afa530932df1cc21d6b25285a2eb,scl_p_40_22.mp3,,audio/mpeg,audio/scl_p_40_22.mp3,,37615
a9c52a1a96ad83e4199d32d03a71db94,lbj_40_13.wav,,audio/x-wav,audio/lbj_40_13.wav,,126516
80ce0cb9ca70e21b757618b77ae3dc68,lbj_40_13.mp3,,audio/mpeg,audio/lbj_40_13.mp3,,31346
aad8a14c0502d670aa909efa6236ee09,bft_40_21.wav,,audio/x-wav,audio/bft_40_21.wav,,124476
67827913a1c5fadd2e55f68dc238fe78,bft_40_21.mp3,,audio/mpeg,audio/bft_40_21.mp3,,31346
f807541f57fd95e963fd594e84cea633,ydg_40_02.mp3,,audio/mpeg,audio/ydg_40_02.mp3,,34480
a1bf6c051ca376f4ae51e917b87ae605,ydg_40_02.wav,,audio/x-wav,audio/ydg_40_02.wav,,141304
40224fe7b1824063d6d1257d5a79605c,kas_i_40_38.wav,,audio/x-wav,audio/kas_i_40_38.wav,,118284
fb2584d1a4466199fa8886de66fcecba,kas_i_40_38.mp3,,audio/mpeg,audio/kas_i_40_38.mp3,,29256
0f68ab6fdc17e52ebc94a43438d69d2c,psi_ar_40_12b.wav,,audio/x-wav,audio/psi_ar_40_12b.wav,,116796
c84d6626be6b663356489d5cd9293910,psi_ar_40_12b.mp3,,audio/mpeg,audio/psi_ar_40_12b.mp3,,29256
97ad7e1ffec9c86ac75a32f2dfbe3bb8,hno_40_40b.wav,,audio/x-wav,audio/hno_40_40b.wav,,131356
29254f95288eed839e2a953f5a500371,hno_40_40b.mp3,,audio/mpeg,audio/hno_40_40b.mp3,,32391
6c605af1530a67ef1a933da93ffb4dec,sdg_40_31.wav,,audio/x-wav,audio/sdg_40_31.wav,,134888
9daae394d37c4538f8d21e7e909ccb2f,sdg_40_31.mp3,,audio/mpeg,audio/sdg_40_31.mp3,,33435
68e5a6884a8d38acc4bc9aacd79121dc,trw_40_35.wav,,audio/x-wav,audio/trw_40_35.wav,,84476
442ac840c5f9556c56113c3692ec8656,trw_40_35.mp3,,audio/mpeg,audio/trw_40_35.mp3,,21942
891edbece8b5243c0a167871e98fb1cc,btv_40_15.wav,,audio/x-wav,audio/btv_40_15.wav,,143568
64661391d920fe5a56801ee918e47523,btv_40_15.mp3,,audio/mpeg,audio/btv_40_15.mp3,,35525
9d840ac868bd982a00339ecf6ed6d3bc,hno_40_24.wav,,audio/x-wav,audio/hno_40_24.wav,,117128
f1e8d893942669046e843aa1cb8ede6d,hno_40_24.mp3,,audio/mpeg,audio/hno_40_24.mp3,,29256
45860b9e182966f99431cefb1093143c,wbl_a_40_21.wav,,audio/x-wav,audio/wbl_a_40_21.wav,,109844
5efbfde729dcd17b836a2ce94065b6b6,wbl_a_40_21.mp3,,audio/mpeg,audio/wbl_a_40_21.mp3,,27166
181c838445b66f6ffc0fb672c7131634,sdg_40_38.wav,,audio/x-wav,audio/sdg_40_38.wav,,115496
1e7fd844f72c8382e14a71af5a3439c2,sdg_40_38.mp3,,audio/mpeg,audio/sdg_40_38.mp3,,29256
1519c68de008481d95ecb3c321a76048,psi_ar_40_11.wav,,audio/x-wav,audio/psi_ar_40_11.wav,,114864
4f8120ee83095321caf10683ce6f08f5,psi_ar_40_11.mp3,,audio/mpeg,audio/psi_ar_40_11.mp3,,28211
7a632debae287dead94e0a7c5cb6e500,bsh_e_40_37.wav,,audio/x-wav,audio/bsh_e_40_37.wav,,132108
f2b8cd2aa8bdaf9ed0c4a8efd31d1266,bsh_e_40_37.mp3,,audio/mpeg,audio/bsh_e_40_37.mp3,,32391
dc464c8bd47c9774b5392406a995318e,xka_40_06.mp3,,audio/mpeg,audio/xka_40_06.mp3,,31346
47f05017b5e4307342932f8835c88f3e,xka_40_06.wav,,audio/x-wav,audio/xka_40_06.wav,,126552
b44d625411402c09313a3dbf0a3da411,gju_a_40_15.wav,,audio/x-wav,audio/gju_a_40_15.wav,,150336
c52f9228369d4fa11d13eccc134e97ee,gju_a_40_15.mp3,,audio/mpeg,audio/gju_a_40_15.mp3,,36570
f62837756b20027ad6d4cb8769e41bd2,sgy_40_28.wav,,audio/x-wav,audio/sgy_40_28.wav,,137396
eedece1422b8e28ebcb2eadbf02af554,sgy_40_28.mp3,,audio/mpeg,audio/sgy_40_28.mp3,,33435
9a9890d4d014cdd55c1a32ddf3d33831,ydg_40_30.mp3,,audio/mpeg,audio/ydg_40_30.mp3,,28211
b660fa8f5af358d0c3ae502613ca041e,ydg_40_30.wav,,audio/x-wav,audio/ydg_40_30.wav,,113884
033fb2415a4104abcc204e8eb157e1e3,lbj_40_23.wav,,audio/x-wav,audio/lbj_40_23.wav,,113288
5053f59a5b911780e7b71bc7fe4086ef,lbj_40_23.mp3,,audio/mpeg,audio/lbj_40_23.mp3,,28211
5a15eb2eb4225c56e67a5472c325614f,xka_40_38.mp3,,audio/mpeg,audio/xka_40_38.mp3,,34480
02945f97d8c7203c51c2b7ab71d9e448,xka_40_38.wav,,audio/x-wav,audio/xka_40_38.wav,,139056
70e471493a50cb96f0338d573ef19afe,pbu_i_40_30.wav,,audio/x-wav,audio/pbu_i_40_30.wav,,115472
ac5ef4b89c3992ba5a93706e2d784724,pbu_i_40_30.mp3,,audio/mpeg,audio/pbu_i_40_30.mp3,,29256
6545d2b27a3a1240ffad26366bb9827b,uzs_40_38.wav,,audio/x-wav,audio/uzs_40_38.wav,,154576
6811440d0de32b2da2876936c270b3c4,uzs_40_38.mp3,,audio/mpeg,audio/uzs_40_38.mp3,,37615
9ea85c1e0e78feec81813d050e65d955,ydg_40_23.mp3,,audio/mpeg,audio/ydg_40_23.mp3,,28211
3e1aea98574c04c0c7503e4a5f5822fa,ydg_40_23.wav,,audio/x-wav,audio/ydg_40_23.wav,,113884
69d4a7bbcf2c79f98155eac6dce44393,kir_40_16.wav,,audio/x-wav,audio/kir_40_16.wav,,180428
a13b43ab4e46ec362154d893a35a5e8b,kir_40_16.mp3,,audio/mpeg,audio/kir_40_16.mp3,,43884
aa1795de60ee4e4db63b246b4a1de6ad,phr_40_17.wav,,audio/x-wav,audio/phr_40_17.wav,,147580
111dd8dd123f61b79dfcc1484e0590db,phr_40_17.mp3,,audio/mpeg,audio/phr_40_17.mp3,,36570
ff2b85c21256fad451e5f92c917457d1,gwt_a_40_35.wav,,audio/x-wav,audio/gwt_a_40_35.wav,,93372
eb85d3e835119379f6565e9ee936834e,gwt_a_40_35.mp3,,audio/mpeg,audio/gwt_a_40_35.mp3,,24031
3f2027475182f079982f55da18aaab2a,ydg_40_07.mp3,,audio/mpeg,audio/ydg_40_07.mp3,,36570
019ce677f3c4b6044496f377c48e17cb,ydg_40_07.wav,,audio/x-wav,audio/ydg_40_07.wav,,152108
9d01b7cc74dff22b5ae309e5f64a916b,dml_40_33.wav,,audio/x-wav,audio/dml_40_33.wav,,140708
777547df8b26bc4dce5d8a268caf5045,dml_40_33.mp3,,audio/mpeg,audio/dml_40_33.mp3,,34480
373b87f57085c8e7dfe5ca01aaccd590,aee_sh_40_36.wav,,audio/x-wav,audio/aee_sh_40_36.wav,,119524
661ca52cef7f383e9f9ce7e8075ce421,aee_sh_40_36.mp3,,audio/mpeg,audio/aee_sh_40_36.mp3,,29256
2e3b9c7ff963fdb2755c7860a546eddf,gju_p_40_24.wav,,audio/x-wav,audio/gju_p_40_24.wav,,137996
905bc932cefed050043ca7cfed95f226,gju_p_40_24.mp3,,audio/mpeg,audio/gju_p_40_24.mp3,,33435
b0a70c45609af251ee87109568b30c66,aee_kg_40_37.wav,,audio/x-wav,audio/aee_kg_40_37.wav,,93264
9fdf904fae131e84ba7b03e4d0de2a22,aee_kg_40_37.mp3,,audio/mpeg,audio/aee_kg_40_37.mp3,,24031
fdd36ccbda77db7a21c8613c6c2cca6d,sdg_40_01.wav,,audio/x-wav,audio/sdg_40_01.wav,,134888
3c5b09c2b79e4ab00b09eadae0442167,sdg_40_01.mp3,,audio/mpeg,audio/sdg_40_01.mp3,,33435
a487f1111de27a14e4e08c025d8f0b70,bsh_w_40_07.wav,,audio/x-wav,audio/bsh_w_40_07.wav,,124748
2087e2f56940e4ef79563eca8285cce8,bsh_w_40_07.mp3,,audio/mpeg,audio/bsh_w_40_07.mp3,,31346
4cefc0d9b90d85a5230e900773fd74af,bsk_n_40_07.wav,,audio/x-wav,audio/bsk_n_40_07.wav,,156600
c159873d8bdd18401112c734f4861a19,bsk_n_40_07.mp3,,audio/mpeg,audio/bsk_n_40_07.mp3,,37615
c5a7fb1f6de6e912391751991652b260,plk_40_40b.wav,,audio/x-wav,audio/plk_40_40b.wav,,118752
27a87fbb7b4ce5dee761e11332816134,plk_40_40b.mp3,,audio/mpeg,audio/plk_40_40b.mp3,,29256
e41a8ff3d0d92825649ec13c1544fe13,prs_d_40_30.wav,,audio/x-wav,audio/prs_d_40_30.wav,,144864
90eecbabe7bfbe4f615dd8b770a7cc7d,prs_d_40_30.mp3,,audio/mpeg,audio/prs_d_40_30.mp3,,35525
30a82a722456c318e400c8c20303db96,scl_p_40_23.wav,,audio/x-wav,audio/scl_p_40_23.wav,,170188
160896213bc15b8662814f7afedc3259,scl_p_40_23.mp3,,audio/mpeg,audio/scl_p_40_23.mp3,,40750
bdc43473b1231762673d65dc5cb854d5,bsk_n_40_39b.wav,,audio/x-wav,audio/bsk_n_40_39b.wav,,95504
1d993358e336e527019fdd93cb26bcbd,bsk_n_40_39b.mp3,,audio/mpeg,audio/bsk_n_40_39b.mp3,,24031
b62014875d4bad75bf1fa7b54ae36406,psi_ar_40_35b.wav,,audio/x-wav,audio/psi_ar_40_35b.wav,,132232
37ee804302ba6241bd0a32c1b949ddc5,psi_ar_40_35b.mp3,,audio/mpeg,audio/psi_ar_40_35b.mp3,,32391
78b7b8c56127e3fa3d591c9e99e7cce3,glh_sn_40_25.wav,,audio/x-wav,audio/glh_sn_40_25.wav,,113816
95b1590c1be0dbd1724a9dca5761c614,glh_sn_40_25.mp3,,audio/mpeg,audio/glh_sn_40_25.mp3,,28211
0262d4e10629c301a51298e2d8ea6cad,wbk_40_26.wav,,audio/x-wav,audio/wbk_40_26.wav,,80500
6920e52ad7018acd49002ad70855ab3c,wbk_40_26.mp3,,audio/mpeg,audio/wbk_40_26.mp3,,20897
fb7fba248ab0126fa57815a4c397c295,hno_40_10.wav,,audio/x-wav,audio/hno_40_10.wav,,114940
177e7137247e33b7b13018804b3e2065,hno_40_10.mp3,,audio/mpeg,audio/hno_40_10.mp3,,28211
b4d39d24b29d5af3c264077c0e01c3eb,phl_40_07.wav,,audio/x-wav,audio/phl_40_07.wav,,116488
60ea8530440a998233a3ba8717f2b7c4,phl_40_07.mp3,,audio/mpeg,audio/phl_40_07.mp3,,29256
3b543330aa954d1a9bb7be414be5e502,bkk_40_34.wav,,audio/x-wav,audio/bkk_40_34.wav,,105592
c6bea4ea250f075dc19c7253ec34e92a,bkk_40_34.mp3,,audio/mpeg,audio/bkk_40_34.mp3,,26121
e1be33394781c500fc973f229b9f2f83,khw_40_14.wav,,audio/x-wav,audio/khw_40_14.wav,,145224
4eab95f280f15b7c2b06be49cc6e1b29,khw_40_14.mp3,,audio/mpeg,audio/khw_40_14.mp3,,35525
f5743a47857a29effa6102536bb51233,sgh_a_40_16.wav,,audio/x-wav,audio/sgh_a_40_16.wav,,110508
59ee733d3c6ffe01644ea6fdfbc26965,sgh_a_40_16.mp3,,audio/mpeg,audio/sgh_a_40_16.mp3,,27166
0250ae71e17bd825b97ca7dd295efe65,gwt_p_40_23.wav,,audio/x-wav,audio/gwt_p_40_23.wav,,121792
e0d2ec670bbd633b68e2aa78132fae6c,gwt_p_40_23.mp3,,audio/mpeg,audio/gwt_p_40_23.mp3,,30301
7e5e7b69b63aae8c1946f62286cf999c,prn_40_38.wav,,audio/x-wav,audio/prn_40_38.wav,,111300
e8de855f92fcc94cf3fe32556515c2f1,prn_40_38.mp3,,audio/mpeg,audio/prn_40_38.mp3,,28211
636cefba7d80e3142bbd223556cfbe42,kas_p_40_06.wav,,audio/x-wav,audio/kas_p_40_06.wav,,130776
3a4356b28c911a828b274dd03a49c2fe,kas_p_40_06.mp3,,audio/mpeg,audio/kas_p_40_06.mp3,,32391
2e997d881558ad47d309b9edfbd80d2d,gwt_p_40_10.wav,,audio/x-wav,audio/gwt_p_40_10.wav,,138768
8fa0ee2ecc8df9bb82ad2fb7f7e8a0bb,gwt_p_40_10.mp3,,audio/mpeg,audio/gwt_p_40_10.mp3,,34480
1b0434633d7817018fe18b0e625cabe9,psh_ai_40_26.wav,,audio/x-wav,audio/psh_ai_40_26.wav,,101160
741acf9b60412b3f53b710be74142dd8,psh_ai_40_26.mp3,,audio/mpeg,audio/psh_ai_40_26.mp3,,25076
bb62c0824ae95498004322dfd0b59fc7,kir_40_03.wav,,audio/x-wav,audio/kir_40_03.wav,,195616
791247393dd5997b3cc021b8158fcac4,kir_40_03.mp3,,audio/mpeg,audio/kir_40_03.mp3,,47019
d6696b0c87ec0225d814d47c0389615b,prx_40_18.wav,,audio/x-wav,audio/prx_40_18.wav,,103336
e871857b460aea52a09eaba3f8d1a400,prx_40_18.mp3,,audio/mpeg,audio/prx_40_18.mp3,,26121
b4ea5e6e26306a513dab12049e71e232,khw_40_31.wav,,audio/x-wav,audio/khw_40_31.wav,,120620
4b4be933c6aa1ede9331cbbcc626145c,khw_40_31.mp3,,audio/mpeg,audio/khw_40_31.mp3,,30301
d883ee6fc877e38e23cacdca30f5a2a9,xka_40_19.mp3,,audio/mpeg,audio/xka_40_19.mp3,,39705
1c753ffb5a22df3115bd2bfd81d06ad2,xka_40_19.wav,,audio/x-wav,audio/xka_40_19.wav,,162592
5a9ab230ba9660d5601a2caa0d4662a0,scl_i_40_23.wav,,audio/x-wav,audio/scl_i_40_23.wav,,106056
3e9cf0c7c310178ced6f4c3f6980e92c,scl_i_40_23.mp3,,audio/mpeg,audio/scl_i_40_23.mp3,,27166
b9f402c631627643df13a76578071155,shd_40_31.wav,,audio/x-wav,audio/shd_40_31.wav,,131304
e8c5ac8c6abe788bc46d3e50c6914bd1,shd_40_31.mp3,,audio/mpeg,audio/shd_40_31.mp3,,32391
78c1a003ef07aa36111f557f07808760,phr_40_36.wav,,audio/x-wav,audio/phr_40_36.wav,,189984
819b12673dae0b3962787b6006b19129,phr_40_36.mp3,,audio/mpeg,audio/phr_40_36.mp3,,45974
ef0bee2118102ca7b6fda3c95e8922ef,aee_ch_40_23.wav,,audio/x-wav,audio/aee_ch_40_23.wav,,84356
add56d6be546fbe2732c598c40f64cff,aee_ch_40_23.mp3,,audio/mpeg,audio/aee_ch_40_23.mp3,,21942
9ae8fbe34136135ca4e12334b461480d,bkk_40_11.wav,,audio/x-wav,audio/bkk_40_11.wav,,133872
0071babfdd550dc8b5434085ce17a70e,bkk_40_11.mp3,,audio/mpeg,audio/bkk_40_11.mp3,,33435
8645c6b97b10c83809f912a0ea7e05e6,bsk_n_40_29b.wav,,audio/x-wav,audio/bsk_n_40_29b.wav,,184420
5404a88a34b59bd04e7845866e17f283,bsk_n_40_29b.mp3,,audio/mpeg,audio/bsk_n_40_29b.mp3,,44929
d2d29488f6d3070739adddaeb8996053,pbu_p_40_11.wav,,audio/x-wav,audio/pbu_p_40_11.wav,,140844
7f8d4dbf4de33e497e72cb4bb8e38341,pbu_p_40_11.mp3,,audio/mpeg,audio/pbu_p_40_11.mp3,,34480
ad9630b7c88434f90124b457087a2297,aee_sh_40_06.wav,,audio/x-wav,audio/aee_sh_40_06.wav,,104972
2339a841af8230f43458538e06362005,aee_sh_40_06.mp3,,audio/mpeg,audio/aee_sh_40_06.mp3,,26121
e0d85d5b616d4a08ff68168beafa6635,sgh_r_40_39.wav,,audio/x-wav,audio/sgh_r_40_39.wav,,93756
eb0a1eb8ffad86742710a740733344f8,sgh_r_40_39.mp3,,audio/mpeg,audio/sgh_r_40_39.mp3,,24031
41eec068c618e71fca22b0151a83ad19,wbk_40_27.wav,,audio/x-wav,audio/wbk_40_27.wav,,90676
7afd496444b917763e0f0a440b72250e,wbk_40_27.mp3,,audio/mpeg,audio/wbk_40_27.mp3,,22986
d2a2499ab3105ef8e7d337ced68d3a70,khw_40_10.wav,,audio/x-wav,audio/khw_40_10.wav,,106348
49b740dd5841f1968934f761c1435ca0,khw_40_10.mp3,,audio/mpeg,audio/khw_40_10.mp3,,27166
56f6d7e20ac677a99dcc620d464f7277,psh_ai_40_14.wav,,audio/x-wav,audio/psh_ai_40_14.wav,,153740
8f1d5741cdf6e1d1bfa312f235a2427b,psh_ai_40_14.mp3,,audio/mpeg,audio/psh_ai_40_14.mp3,,37615
11860794b0a644b399f1232d4eef7f8a,phl_40_15.wav,,audio/x-wav,audio/phl_40_15.wav,,116488
add939cbbe2e8a7c026b79fb09977219,phl_40_15.mp3,,audio/mpeg,audio/phl_40_15.mp3,,29256
bef77235cfeff52d3be3d65835b419d5,kls_40_24.wav,,audio/x-wav,audio/kls_40_24.wav,,182636
3ec7d258efa85f8d5f103876dbf4f38e,kls_40_24.mp3,,audio/mpeg,audio/kls_40_24.mp3,,43884
3e2889799c1a16538bbe03b3592b3675,aee_kg_40_29.wav,,audio/x-wav,audio/aee_kg_40_29.wav,,142056
a310bac239c166a3130c4624f0389b19,aee_kg_40_29.mp3,,audio/mpeg,audio/aee_kg_40_29.mp3,,34480
ce263da48c29335262151aa9c3162f0a,glh_sn_40_16.wav,,audio/x-wav,audio/glh_sn_40_16.wav,,87296
6d45069aade80410f0384c6fbe33f80a,glh_sn_40_16.mp3,,audio/mpeg,audio/glh_sn_40_16.mp3,,21942
a88fdebc4160566db3646c4fd3e4a627,aee_kg_40_19.wav,,audio/x-wav,audio/aee_kg_40_19.wav,,188244
0773c9f9dbc80f77928d36c014ea98e6,aee_kg_40_19.mp3,,audio/mpeg,audio/aee_kg_40_19.mp3,,44929
bac5b19c10b84da3d9d01d47c83ea709,scl_i_40_28.wav,,audio/x-wav,audio/scl_i_40_28.wav,,137672
0f0163b65c9e7076c7c783d0dd795d47,scl_i_40_28.mp3,,audio/mpeg,audio/scl_i_40_28.mp3,,33435
a06e440cf794efc6d15d74e2b18d6955,aee_kg_40_30.wav,,audio/x-wav,audio/aee_kg_40_30.wav,,87168
9a227ede3ca91d4e0b52e998dd0c770f,aee_kg_40_30.mp3,,audio/mpeg,audio/aee_kg_40_30.mp3,,21942
c9f9a14cf1eec66fe284df0ded867de9,prn_40_29.wav,,audio/x-wav,audio/prn_40_29.wav,,181384
7f672c16dcff3b0cb627c3b4f0dfe67f,prn_40_29.mp3,,audio/mpeg,audio/prn_40_29.mp3,,43884
ad46c453024b351e57ef1a716cead1dc,gju_a_40_35.wav,,audio/x-wav,audio/gju_a_40_35.wav,,137492
dc8ff57f301d05018436de0781513d7a,gju_a_40_35.mp3,,audio/mpeg,audio/gju_a_40_35.mp3,,33435
bace263d5b7581aa19f892bb552468c6,psi_am_40_29.wav,,audio/x-wav,audio/psi_am_40_29.wav,,155440
836380aa2868cc5ce37803a44f7f58e4,psi_am_40_29.mp3,,audio/mpeg,audio/psi_am_40_29.mp3,,37615
59403b461591cdd4d13d5da45f956ddd,kir_40_38.wav,,audio/x-wav,audio/kir_40_38.wav,,163336
3ce89b0e5256e8536153cbf0704fea2d,kir_40_38.mp3,,audio/mpeg,audio/kir_40_38.mp3,,39705
300531c7084ecb9010fb8c47e4ed332c,phr_40_31.wav,,audio/x-wav,audio/phr_40_31.wav,,141396
71d45dc153ab05e49b9953ed0053c6db,phr_40_31.mp3,,audio/mpeg,audio/phr_40_31.mp3,,34480
7810ed1f45bbff28b29a31f1cc5ca8a1,plk_40_17.wav,,audio/x-wav,audio/plk_40_17.wav,,105176
30491ce3d881404ae28ed517e2e3930a,plk_40_17.mp3,,audio/mpeg,audio/plk_40_17.mp3,,26121
6787f87f12b4afdb99489cf676551548,plk_40_37.wav,,audio/x-wav,audio/plk_40_37.wav,,128392
1178aae24e8f85aeedec958d43235962,plk_40_37.mp3,,audio/mpeg,audio/plk_40_37.mp3,,31346
c31ed20c1ebe6b395b9bb662ad519a55,phr_40_01.wav,,audio/x-wav,audio/phr_40_01.wav,,103404
bbdc8a1acab4842f2e13f1e967301dfb,phr_40_01.mp3,,audio/mpeg,audio/phr_40_01.mp3,,26121
8df3a52bd472f6be95f52bcba3813046,dml_40_15.wav,,audio/x-wav,audio/dml_40_15.wav,,127228
b0e0e128084c20be799bfd4dde18d4b7,dml_40_15.mp3,,audio/mpeg,audio/dml_40_15.mp3,,31346
184f319e56cfec32083b7c2ef5d331c0,glh_ag_40_04.wav,,audio/x-wav,audio/glh_ag_40_04.wav,,101852
abbd83d845d9f3a38919748884cfda24,glh_ag_40_04.mp3,,audio/mpeg,audio/glh_ag_40_04.mp3,,26121
0419f182e39949b2917d2d6657f9ab21,gwt_p_40_33.wav,,audio/x-wav,audio/gwt_p_40_33.wav,,121792
3031af251056717cad1769cd6fac7d8d,gwt_p_40_33.mp3,,audio/mpeg,audio/gwt_p_40_33.mp3,,30301
eb8ebb076e366dc469daf859354acb13,sgh_r_40_13.wav,,audio/x-wav,audio/sgh_r_40_13.wav,,120192
e0691227199ae90f11faf0889a4cff66,sgh_r_40_13.mp3,,audio/mpeg,audio/sgh_r_40_13.mp3,,30301
7796a1af2d32f77648d9bae72f620f03,kas_p_40_07.wav,,audio/x-wav,audio/kas_p_40_07.wav,,93700
0c49af3b58c714064d92d39d40a68174,kas_p_40_07.mp3,,audio/mpeg,audio/kas_p_40_07.mp3,,24031
8807a11ce36c55373901baca5ba1b943,pbu_p_40_22.wav,,audio/x-wav,audio/pbu_p_40_22.wav,,118612
79fca90d22e576bfa1b1c21a4379d402,pbu_p_40_22.mp3,,audio/mpeg,audio/pbu_p_40_22.mp3,,29256
f64e6540d7c87d15b60a29b7755580de,psi_ar_40_34c.wav,,audio/x-wav,audio/psi_ar_40_34c.wav,,108112
b460da7d7434730cc6ea5e9998cf358f,psi_ar_40_34c.mp3,,audio/mpeg,audio/psi_ar_40_34c.mp3,,27166
9a809f32e63dd47c65ea7e7ec5cb3378,bsh_e_40_34.wav,,audio/x-wav,audio/bsh_e_40_34.wav,,155120
9731e27b584a6490f29a3402d3903d7f,bsh_e_40_34.mp3,,audio/mpeg,audio/bsh_e_40_34.mp3,,37615
fd716928d74f057a64422daedca6638a,phl_40_37.wav,,audio/x-wav,audio/phl_40_37.wav,,139436
bd260e8d728248f7d5bc48119ebb5bdb,phl_40_37.mp3,,audio/mpeg,audio/phl_40_37.mp3,,34480
037d9dc0aecf5e6350b7087a1065e111,psi_ar_40_22b.wav,,audio/x-wav,audio/psi_ar_40_22b.wav,,111968
660708ddc98fbce4927e659b48d998ce,psi_ar_40_22b.mp3,,audio/mpeg,audio/psi_ar_40_22b.mp3,,28211
8301470d3a9249da893d4a7d02c9c070,psi_am_40_19.wav,,audio/x-wav,audio/psi_am_40_19.wav,,135852
3720eee8d2a0f548131a9f1cffd8ef49,psi_am_40_19.mp3,,audio/mpeg,audio/psi_am_40_19.mp3,,33435
6482b4f33323757fe1b0aab7c4034005,hno_40_23.wav,,audio/x-wav,audio/hno_40_23.wav,,121508
bd96a749378e685d8afc1ce30cc33b3e,hno_40_23.mp3,,audio/mpeg,audio/hno_40_23.mp3,,30301
928780628f128a6ab91f140af8c6042b,psi_am_40_35.wav,,audio/x-wav,audio/psi_am_40_35.wav,,108432
99bd5dda50f833b940f30a0236a3b695,psi_am_40_35.mp3,,audio/mpeg,audio/psi_am_40_35.mp3,,27166
13dcb784df1978126a5078372850f933,trw_40_18.wav,,audio/x-wav,audio/trw_40_18.wav,,99536
dc22721587de6323defcbdec9a8b91fa,trw_40_18.mp3,,audio/mpeg,audio/trw_40_18.mp3,,25076
5841bd8a34f6bdbd4a04f9edd58cd87d,btv_40_07.wav,,audio/x-wav,audio/btv_40_07.wav,,105704
f1eeb66d6fb512bd5876eec121c33258,btv_40_07.mp3,,audio/mpeg,audio/btv_40_07.mp3,,26121
92dc2b91a12ec1f318e496f767e09917,ydg_40_03.mp3,,audio/mpeg,audio/ydg_40_03.mp3,,33435
e44d66c51fed54dcf17949f39516bc58,ydg_40_03.wav,,audio/x-wav,audio/ydg_40_03.wav,,137984
1242f5b3be96865fec4eda26ae45eef3,bsk_n_40_09.wav,,audio/x-wav,audio/bsk_n_40_09.wav,,123868
6e0c2916c8ab793016bdb36c35370e48,bsk_n_40_09.mp3,,audio/mpeg,audio/bsk_n_40_09.mp3,,30301
daf240a834da864b6b5bbbec0d250e3d,isk_40_10.wav,,audio/x-wav,audio/isk_40_10.wav,,136196
b1fc6cd27453bd0176f8dd0f51acd21d,isk_40_10.mp3,,audio/mpeg,audio/isk_40_10.mp3,,33435
a205c1bccc4cf4b9a1b021649dca409a,plk_40_36.wav,,audio/x-wav,audio/plk_40_36.wav,,111744
85e11e7778064507e342c8a0fb0e5bb9,plk_40_36.mp3,,audio/mpeg,audio/plk_40_36.mp3,,28211
46c8612429fb65dde50cc8382a084366,bft_40_28a.wav,,audio/x-wav,audio/bft_40_28a.wav,,117248
c1688b7d0efc96038b3d3e877424afa6,bft_40_28a.mp3,,audio/mpeg,audio/bft_40_28a.mp3,,29256
929a9d2ca10eb0e9364bb1cee673ee84,lbj_40_20.wav,,audio/x-wav,audio/lbj_40_20.wav,,98408
4212ba2e27770c2da969681b5192c3ee,lbj_40_20.mp3,,audio/mpeg,audio/lbj_40_20.mp3,,25076
b01cb361b43c214854c726fa888a439f,kas_p_40_18.wav,,audio/x-wav,audio/kas_p_40_18.wav,,118580
3f0374b22ce41233c2512d778696f210,kas_p_40_18.mp3,,audio/mpeg,audio/kas_p_40_18.mp3,,29256
07f03fc9af64b4ef5ce99848b944d85a,sgh_r_40_37.wav,,audio/x-wav,audio/sgh_r_40_37.wav,,123796
6a918f3ee1fad3d825550f733b49d298,sgh_r_40_37.mp3,,audio/mpeg,audio/sgh_r_40_37.mp3,,30301
efbdde20f87b4aa4991bfbbe803859d5,mvy_40_14.wav,,audio/x-wav,audio/mvy_40_14.wav,,153172
bf1f9baf0d82a8d40c616079b2ffc291,mvy_40_14.mp3,,audio/mpeg,audio/mvy_40_14.mp3,,37615
a547224151fb67664437341651105fd2,pbu_p_40_20.wav,,audio/x-wav,audio/pbu_p_40_20.wav,,137548
497fcf0275227978186007c1bc891011,pbu_p_40_20.mp3,,audio/mpeg,audio/pbu_p_40_20.mp3,,33435
9394ada0358fcd0406cfb2dd9597c98c,phr_40_09.wav,,audio/x-wav,audio/phr_40_09.wav,,110472
da6501a76bd5c8ba0aac64ca579f3a25,phr_40_09.mp3,,audio/mpeg,audio/phr_40_09.mp3,,27166
36e9a9136a90a0d9ec38584a9f8f5cad,pbu_p_40_29.wav,,audio/x-wav,audio/pbu_p_40_29.wav,,161428
3c8e25848a7ffb7b9ee0b7e8bae00ccb,pbu_p_40_29.mp3,,audio/mpeg,audio/pbu_p_40_29.mp3,,39705
277c481e2002931ded64ecda582fde44,gju_a_40_40.wav,,audio/x-wav,audio/gju_a_40_40.wav,,104732
0d7cefa2de7cc0d8ccf22015df2468dc,gju_a_40_40.mp3,,audio/mpeg,audio/gju_a_40_40.mp3,,26121
1b677f9d4b4c9a9d43eb29d2a714356a,mnj_40_03.wav,,audio/x-wav,audio/mnj_40_03.wav,,167744
4e4e80bdce17d5f142ff66e3979fe978,mnj_40_03.mp3,,audio/mpeg,audio/mnj_40_03.mp3,,40750
ba322be5e4b52d9142f6c2d932a853e5,gju_a_40_38.wav,,audio/x-wav,audio/gju_a_40_38.wav,,148408
df307801e4e758e5df99c7a2a6c9702f,gju_a_40_38.mp3,,audio/mpeg,audio/gju_a_40_38.mp3,,36570
44bb037aa6da841e3fe21d1599c13cfe,prn_40_23.wav,,audio/x-wav,audio/prn_40_23.wav,,128820
e9738096b8904539c014101ebce2ea6f,prn_40_23.mp3,,audio/mpeg,audio/prn_40_23.mp3,,31346
6c0e6327f4538f2619fe0961aee58b25,btv_40_02.wav,,audio/x-wav,audio/btv_40_02.wav,,130360
464962786f00c88918da6fee9a9bbaf5,btv_40_02.mp3,,audio/mpeg,audio/btv_40_02.mp3,,32391
4fa66a14f8775d3a865f273fe4c7fb3d,trw_40_09.wav,,audio/x-wav,audio/trw_40_09.wav,,112980
7826cb08533069b0bad6dd13fb67a34c,trw_40_09.mp3,,audio/mpeg,audio/trw_40_09.mp3,,28211
6924162c14b0b612cb0a52d963f1ba95,ydg_40_18.mp3,,audio/mpeg,audio/ydg_40_18.mp3,,28211
2e043de1ad67bce09e99c360e17acb40,ydg_40_18.wav,,audio/x-wav,audio/ydg_40_18.wav,,111392
a58950096c5d992d15be213bbd5fd19f,scl_p_40_38.wav,,audio/x-wav,audio/scl_p_40_38.wav,,139552
61c65b5877b93d929ea2bfe597f7519e,scl_p_40_38.mp3,,audio/mpeg,audio/scl_p_40_38.mp3,,34480
d6f29f486b982c6e64e5b80e114beb31,sgh_r_40_01.wav,,audio/x-wav,audio/sgh_r_40_01.wav,,106976
7a39b19a776c18cdbedafa1aa995d428,sgh_r_40_01.mp3,,audio/mpeg,audio/sgh_r_40_01.mp3,,27166
47f8ffb242a30fbcca67a76196c35be5,ask_40_24.wav,,audio/x-wav,audio/ask_40_24.wav,,138472
609b5b1a428716e66a35ea46bdaede51,ask_40_24.mp3,,audio/mpeg,audio/ask_40_24.mp3,,34480
863cfada1646b745079dc712a3a4f850,phl_40_18.wav,,audio/x-wav,audio/phl_40_18.wav,,131788
2e2be8c1ec44d0b734e56d874b2c4afe,phl_40_18.mp3,,audio/mpeg,audio/phl_40_18.mp3,,32391
bd56d31839d5b76c922b61aae31b276c,sdg_40_22.wav,,audio/x-wav,audio/sdg_40_22.wav,,131196
82d2c5af234add3b806fc5c1ec0a8f7c,sdg_40_22.mp3,,audio/mpeg,audio/sdg_40_22.mp3,,32391
e9c9f55b618a745dc87089f0d539e73d,gju_a_40_33.wav,,audio/x-wav,audio/gju_a_40_33.wav,,136848
aeb533f692cbd48edcc5ed478cc70e24,gju_a_40_33.mp3,,audio/mpeg,audio/gju_a_40_33.mp3,,33435
9269fbdf55c3d624d2054208229a7053,gwt_p_40_31.wav,,audio/x-wav,audio/gwt_p_40_31.wav,,123248
d12c59c068f01e43f194f994e0992cd4,gwt_p_40_31.mp3,,audio/mpeg,audio/gwt_p_40_31.mp3,,30301
f1f8ace0941566cafb39f195b69183cf,kls_40_13.wav,,audio/x-wav,audio/kls_40_13.wav,,174620
29b2412d538d98af616cdc5e04856b33,kls_40_13.mp3,,audio/mpeg,audio/kls_40_13.mp3,,41795
314b535542bbeb69de9f77e83962243e,bkk_40_39.wav,,audio/x-wav,audio/bkk_40_39.wav,,116196
82b671312902a5269e3e12b6f7e9440e,bkk_40_39.mp3,,audio/mpeg,audio/bkk_40_39.mp3,,29256
c106169daec31b5dec6e2798cca7f9cf,scl_i_40_36.wav,,audio/x-wav,audio/scl_i_40_36.wav,,106988
21b29a759bbc0e5958c8b27f5697918c,scl_i_40_36.mp3,,audio/mpeg,audio/scl_i_40_36.mp3,,27166
5045d3904b3cb8346be8b21384c5c70b,glh_sn_40_07.wav,,audio/x-wav,audio/glh_sn_40_07.wav,,98464
176a4abddd50d402282d72e3436923e0,glh_sn_40_07.mp3,,audio/mpeg,audio/glh_sn_40_07.mp3,,25076
6702cff07407658ae057c2722c1f0449,sgh_a_40_11.wav,,audio/x-wav,audio/sgh_a_40_11.wav,,123760
a412ec79198c35f2b73d9719ef2bc216,sgh_a_40_11.mp3,,audio/mpeg,audio/sgh_a_40_11.mp3,,30301
594f21b3e0d77d3709fda4aaa607f10c,ask_40_23.wav,,audio/x-wav,audio/ask_40_23.wav,,177896
e2c381fbadbdd8516b05c62e5305a200,ask_40_23.mp3,,audio/mpeg,audio/ask_40_23.mp3,,42840
4120c434c6e0e499a6beaa925ed4dc73,ush_40_25.wav,,audio/x-wav,audio/ush_40_25.wav,,125900
58385c66872b3c5f29088f6e51f8d030,ush_40_25.mp3,,audio/mpeg,audio/ush_40_25.mp3,,31346
5ba481959ce2f5875bcb450296280ad6,xvi_40_39.mp3,,audio/mpeg,audio/xvi_40_39.mp3,,33435
d3d499bbc7837102ef2e8ac7c19dbfcb,xvi_40_39.wav,,audio/x-wav,audio/xvi_40_39.wav,,135180
5f7b2382387d438ba4331c2fb64d4b58,ush_40_35.wav,,audio/x-wav,audio/ush_40_35.wav,,135064
343209f5bd1fd096d3c7dee8fddce292,ush_40_35.mp3,,audio/mpeg,audio/ush_40_35.mp3,,33435
0a4fe1ff8372206a4ebe513352fe4f77,khw_40_08.wav,,audio/x-wav,audio/khw_40_08.wav,,83212
3eb1a407f02c0640c67b1af49e3902a2,khw_40_08.mp3,,audio/mpeg,audio/khw_40_08.mp3,,21942
65be6a95a2a691747db6e9ddb2b9c75c,phl_40_33.wav,,audio/x-wav,audio/phl_40_33.wav,,134336
4ac61a69547d163b6c85a3673af3f151,phl_40_33.mp3,,audio/mpeg,audio/phl_40_33.mp3,,33435
366eea029d77e1e72bfefbb429ba5764,prs_d_40_09.wav,,audio/x-wav,audio/prs_d_40_09.wav,,115116
e1801920261fd707e14cdf1af5713c70,prs_d_40_09.mp3,,audio/mpeg,audio/prs_d_40_09.mp3,,28211
717105e118501de4b1d3a115ee2e4655,aee_kg_40_27.wav,,audio/x-wav,audio/aee_kg_40_27.wav,,91524
8456bb73cf14ee22c141afdaa6d2e60b,aee_kg_40_27.mp3,,audio/mpeg,audio/aee_kg_40_27.mp3,,22986
866676266587722b69ce0a843988abfe,bsh_w_40_33.wav,,audio/x-wav,audio/bsh_w_40_33.wav,,111216
158f2024e1c0ebae99ec2567fe9cb039,bsh_w_40_33.mp3,,audio/mpeg,audio/bsh_w_40_33.mp3,,28211
58db8419a8cb8b5f2962ec3c6dedb34f,xka_40_08.mp3,,audio/mpeg,audio/xka_40_08.mp3,,33435
ae339cb03ab6aaa0907af2ce4ffd7a4d,xka_40_08.wav,,audio/x-wav,audio/xka_40_08.wav,,133908
c766deba09b3fdf7922d073d3673980c,prx_40_05.wav,,audio/x-wav,audio/prx_40_05.wav,,96844
9976cf7b0f987fac3a37caf4a789dbe7,prx_40_05.mp3,,audio/mpeg,audio/prx_40_05.mp3,,25076
a72b1e0b67acbb236c405fcd856664d6,sgh_a_40_15.wav,,audio/x-wav,audio/sgh_a_40_15.wav,,156460
0bcf57a19bdeff461299a6443f547bad,sgh_a_40_15.mp3,,audio/mpeg,audio/sgh_a_40_15.mp3,,37615
3f49e2d7a33522883c97090c753fe0f0,ask_40_01.wav,,audio/x-wav,audio/ask_40_01.wav,,107808
c14eb82ad72464e99221925d1a3827fd,ask_40_01.mp3,,audio/mpeg,audio/ask_40_01.mp3,,27166
9fc1e74516fb606b266fddf82eb3cdb5,scl_p_40_18.wav,,audio/x-wav,audio/scl_p_40_18.wav,,159792
8b21fa378841e23620f1cfe52cedea4f,scl_p_40_18.mp3,,audio/mpeg,audio/scl_p_40_18.mp3,,38660
ecdd4f42a67a4b562d2dd75370bed0ca,prn_40_09.wav,,audio/x-wav,audio/prn_40_09.wav,,127068
ab82dc2afec827c5444aac8b7def656d,prn_40_09.mp3,,audio/mpeg,audio/prn_40_09.mp3,,31346
b07bee75b5f263cf0aac3b236bc47594,kas_i_40_36.wav,,audio/x-wav,audio/kas_i_40_36.wav,,160196
584af621a949521a4c9165880f20200b,kas_i_40_36.mp3,,audio/mpeg,audio/kas_i_40_36.mp3,,38660
6c9ff8314bcac33fa3c17b5bb4df3213,xka_40_18.mp3,,audio/mpeg,audio/xka_40_18.mp3,,33435
fdb1f27af74b8093ca1a9dd9eccca870,xka_40_18.wav,,audio/x-wav,audio/xka_40_18.wav,,136112
255e6a2b853cce514920d3092328ae26,uzs_40_17.wav,,audio/x-wav,audio/uzs_40_17.wav,,108904
ff77ca848e96cb2e6c235a61b8da3a50,uzs_40_17.mp3,,audio/mpeg,audio/uzs_40_17.mp3,,27166
c8a8e624cbc2a93922b2f30764832f1d,bsh_e_40_22.wav,,audio/x-wav,audio/bsh_e_40_22.wav,,129108
51a21667a4c0b7183346dd9f989e730d,bsh_e_40_22.mp3,,audio/mpeg,audio/bsh_e_40_22.mp3,,32391
531e8cfbe1f4bf9389d7e0d366c00839,scl_p_40_35.wav,,audio/x-wav,audio/scl_p_40_35.wav,,152136
47ff733e90477a4685bf5af7eb13a695,scl_p_40_35.mp3,,audio/mpeg,audio/scl_p_40_35.mp3,,37615
60ec9ccc18539f72b702224c0dddaa22,gwt_p_40_19.wav,,audio/x-wav,audio/gwt_p_40_19.wav,,138768
65236702d7f311254199be7c0d0f5bd4,gwt_p_40_19.mp3,,audio/mpeg,audio/gwt_p_40_19.mp3,,34480
24949d11b1997fcb273188969f427159,gwt_a_40_32.wav,,audio/x-wav,audio/gwt_a_40_32.wav,,100448
9794f909c9745cecaed349b85fd9241e,gwt_a_40_32.mp3,,audio/mpeg,audio/gwt_a_40_32.mp3,,25076
d78019c7267fe85cc85ec890776ef4ad,dml_40_24.wav,,audio/x-wav,audio/dml_40_24.wav,,111992
4d22ec4171b21259cbccf83db52a9615,dml_40_24.mp3,,audio/mpeg,audio/dml_40_24.mp3,,28211
b88e961935574b35ad581bc6067a3f88,gju_a_40_05.wav,,audio/x-wav,audio/gju_a_40_05.wav,,122720
7f1fb3af46440b6b216540f0045f176e,gju_a_40_05.mp3,,audio/mpeg,audio/gju_a_40_05.mp3,,30301
f746a0d997148f4d63c3114e60262fa1,bsk_n_40_26.wav,,audio/x-wav,audio/bsk_n_40_26.wav,,108596
65de03e1f2825f26ec0753b55d8bbea9,bsk_n_40_26.mp3,,audio/mpeg,audio/bsk_n_40_26.mp3,,27166
a4ddb10ef420d64c6f83117b494fcefb,ask_40_29.wav,,audio/x-wav,audio/ask_40_29.wav,,132336
99a1b54be274dbc9873dbca1610ba667,ask_40_29.mp3,,audio/mpeg,audio/ask_40_29.mp3,,32391
0596add706df726876ff4577c50c0b73,hno_40_17.wav,,audio/x-wav,audio/hno_40_17.wav,,155428
a50e7ebcfe268c2f5fbe9a1848da6fa2,hno_40_17.mp3,,audio/mpeg,audio/hno_40_17.mp3,,37615
5b584aab4a470942f8554eb43ef82e67,pbu_i_40_06.wav,,audio/x-wav,audio/pbu_i_40_06.wav,,126292
66607a8d5d05c113c092b5b4be5be553,pbu_i_40_06.mp3,,audio/mpeg,audio/pbu_i_40_06.mp3,,31346
50528eaeec2f444d622b579af31e573a,kas_p_40_33.wav,,audio/x-wav,audio/kas_p_40_33.wav,,152728
0d0cb3a062d4992b17ad7751407ddec2,kas_p_40_33.mp3,,audio/mpeg,audio/kas_p_40_33.mp3,,37615
7f0040c7fc712eefc88456d08cdf2de7,prc_40_15.wav,,audio/x-wav,audio/prc_40_15.wav,,118756
1b5d46c092789145efa8e8232e2ec280,prc_40_15.mp3,,audio/mpeg,audio/prc_40_15.mp3,,29256
b74efd9d2efb7aae6b4fe44165a80f8b,isk_40_35.wav,,audio/x-wav,audio/isk_40_35.wav,,121928
e59b9cf6bd5d312e415364ca0137fb86,isk_40_35.mp3,,audio/mpeg,audio/isk_40_35.mp3,,30301
4f79a4d6697eab004b62783a1992166c,kir_40_14.wav,,audio/x-wav,audio/kir_40_14.wav,,204164
465ec8b72625344e71db14e4abe6df10,kir_40_14.mp3,,audio/mpeg,audio/kir_40_14.mp3,,49109
520ea6ab51ece1b75a3392d2d989cb6c,aee_ch_40_36.wav,,audio/x-wav,audio/aee_ch_40_36.wav,,116784
8f5c146ebf0c5b33ac7c484609217bb3,aee_ch_40_36.mp3,,audio/mpeg,audio/aee_ch_40_36.mp3,,29256
abe4b452e95c95cfea8958c1e1e84c9e,aee_sh_40_07.wav,,audio/x-wav,audio/aee_sh_40_07.wav,,114924
07680f9d99027fbab4e471fffda57e2f,aee_sh_40_07.mp3,,audio/mpeg,audio/aee_sh_40_07.mp3,,28211
0a0f980f4449d19eb2b85823dc6de9d0,sgh_a_40_13.wav,,audio/x-wav,audio/sgh_a_40_13.wav,,151156
37414095426893f4a4933feb1facbfb6,sgh_a_40_13.mp3,,audio/mpeg,audio/sgh_a_40_13.mp3,,36570
4329eecf7cdedadd381ae739c212627c,gwc_40_15.wav,,audio/x-wav,audio/gwc_40_15.wav,,124588
70f5b099df44b4d951229d879aa0be55,gwc_40_15.mp3,,audio/mpeg,audio/gwc_40_15.mp3,,31346
1c057b2b98d45643e0adb51b7937899c,mvy_40_01.wav,,audio/x-wav,audio/mvy_40_01.wav,,127432
5c3e3031eedfb66cb947d10af5f08f59,mvy_40_01.mp3,,audio/mpeg,audio/mvy_40_01.mp3,,31346
1d683ed199662f90c3ab708135a89662,glh_ag_40_13.wav,,audio/x-wav,audio/glh_ag_40_13.wav,,105904
7406c864f76e71d93170ac037cc1b33f,glh_ag_40_13.mp3,,audio/mpeg,audio/glh_ag_40_13.mp3,,26121
edc9322467fc117c2dfa389a757a3afe,gju_p_40_40.wav,,audio/x-wav,audio/gju_p_40_40.wav,,125020
c79b05d69ad12830623d859bb63b549c,gju_p_40_40.mp3,,audio/mpeg,audio/gju_p_40_40.mp3,,31346
6361cfeb15c839d7c72f227927ccdef4,wbk_40_04.wav,,audio/x-wav,audio/wbk_40_04.wav,,83740
b750bd24684c0cb45ca18ccfd550bf64,wbk_40_04.mp3,,audio/mpeg,audio/wbk_40_04.mp3,,21942
714236c52b2843e0693c8866ed9c67a3,sgh_a_40_02.wav,,audio/x-wav,audio/sgh_a_40_02.wav,,167064
d596150f99e5cced4486945224f01eb6,sgh_a_40_02.mp3,,audio/mpeg,audio/sgh_a_40_02.mp3,,40750
5c0d0c72b2aadf8779696e0c244e6902,bsh_e_40_02.wav,,audio/x-wav,audio/bsh_e_40_02.wav,,137112
7230bfbb3b171862df0a49bb13db33b0,bsh_e_40_02.mp3,,audio/mpeg,audio/bsh_e_40_02.mp3,,33435
6e65be48fc8c96e455d779feab0f95dd,isk_40_39.wav,,audio/x-wav,audio/isk_40_39.wav,,105876
9c39cd0674f684f471b48196dacffdff,isk_40_39.mp3,,audio/mpeg,audio/isk_40_39.mp3,,26121
59a7dedcdc8c634dbace5faf69a80101,phr_40_24.wav,,audio/x-wav,audio/phr_40_24.wav,,151116
a9af2a00d22813c505cb6b9d5b0db66e,phr_40_24.mp3,,audio/mpeg,audio/phr_40_24.mp3,,36570
384d5ed3f086e9e9b58b712d699cdb46,pbu_i_40_09.wav,,audio/x-wav,audio/pbu_i_40_09.wav,,125572
f6e7794043046ea1efe03cef18e6aea9,pbu_i_40_09.mp3,,audio/mpeg,audio/pbu_i_40_09.mp3,,31346
5a7cba3c4b89d10c5fa600cb6c61d06f,bkk_40_16.wav,,audio/x-wav,audio/bkk_40_16.wav,,107108
19b0b6f8e16eb723e5fc791b16a4d52f,bkk_40_16.mp3,,audio/mpeg,audio/bkk_40_16.mp3,,27166
1338fae67cfc07a7a0bb7b60f454cb93,bsk_h_40_13.wav,,audio/x-wav,audio/bsk_h_40_13.wav,,108936
65ec195d2a3418dabe4b12b8a9943627,bsk_h_40_13.mp3,,audio/mpeg,audio/bsk_h_40_13.mp3,,27166
d80b29220fce1ce5699a2763d5192c54,wbl_a_40_32.wav,,audio/x-wav,audio/wbl_a_40_32.wav,,121680
9540008fed840bbacdcaed4efbea10b5,wbl_a_40_32.mp3,,audio/mpeg,audio/wbl_a_40_32.mp3,,30301
47302c03e67ba8a44e99b0754c448b14,kas_i_40_20.wav,,audio/x-wav,audio/kas_i_40_20.wav,,113048
626c9de82d34074e175aaa8d27386d0b,kas_i_40_20.mp3,,audio/mpeg,audio/kas_i_40_20.mp3,,28211
b22dcd94fac99f73149d149d69263780,gju_p_40_23.wav,,audio/x-wav,audio/gju_p_40_23.wav,,134580
b1c45837429e2186f6337a385d9cbfef,gju_p_40_23.mp3,,audio/mpeg,audio/gju_p_40_23.mp3,,33435
cda4984929dd569a647c33179ac50a02,bsh_e_40_12.wav,,audio/x-wav,audio/bsh_e_40_12.wav,,157120
eea8ad1caf4d58259e3fa9432f05288b,bsh_e_40_12.mp3,,audio/mpeg,audio/bsh_e_40_12.mp3,,38660
7935dc84627cf391ac0aa8a73edafd63,ask_40_05.wav,,audio/x-wav,audio/ask_40_05.wav,,101672
c7d2641671132aeb1de5efc202c73d87,ask_40_05.mp3,,audio/mpeg,audio/ask_40_05.mp3,,26121
70df7d5d1bcd28909a0c937cee2e284c,sgy_40_37.wav,,audio/x-wav,audio/sgy_40_37.wav,,112596
aac871aca2d00c78bb00cb1ccf554805,sgy_40_37.mp3,,audio/mpeg,audio/sgy_40_37.mp3,,28211
eec387a9faac4990495d2083e852cc80,kir_40_25.wav,,audio/x-wav,audio/kir_40_25.wav,,146248
e9f4d0fad037cfd8041f31be5ece11aa,kir_40_25.mp3,,audio/mpeg,audio/kir_40_25.mp3,,35525
097d1845f60509aa50b6bc3a8c632c1a,pbu_p_40_35.wav,,audio/x-wav,audio/pbu_p_40_35.wav,,127668
0585b9d6b1aeedcd14e8481a85bc18f7,pbu_p_40_35.mp3,,audio/mpeg,audio/pbu_p_40_35.mp3,,31346
400dd1d2417d236a9304b06a4efab91b,prs_d_40_03a.wav,,audio/x-wav,audio/prs_d_40_03a.wav,,85764
87b8494a248c27b4bec641ac8f3d4512,prs_d_40_03a.mp3,,audio/mpeg,audio/prs_d_40_03a.mp3,,21942
4ee91b854b73190013cba2003e96380d,prc_40_20.wav,,audio/x-wav,audio/prc_40_20.wav,,122496
9100cf94a371bf3d27654bc524b4afa8,prc_40_20.mp3,,audio/mpeg,audio/prc_40_20.mp3,,30301
2a43e0a514c0a30fceed188ca204acc2,aee_ch_40_26.wav,,audio/x-wav,audio/aee_ch_40_26.wav,,105580
3aa9b4db5117afdc27e2761db5845784,aee_ch_40_26.mp3,,audio/mpeg,audio/aee_ch_40_26.mp3,,26121
1e266394baf611d6a15dc99249f1a329,sgy_40_20.wav,,audio/x-wav,audio/sgy_40_20.wav,,143756
ab4834cecd904ef0b5cc551f48157f68,sgy_40_20.mp3,,audio/mpeg,audio/sgy_40_20.mp3,,35525
5eac08a33c673a58f55c9513b516f79f,mvy_40_37.wav,,audio/x-wav,audio/mvy_40_37.wav,,154044
7b57a488ac1af4b63b3430d38b0d4ac0,mvy_40_37.mp3,,audio/mpeg,audio/mvy_40_37.mp3,,37615
de24423c54cac0c33eb315bfe1034481,psh_ai_40_22.wav,,audio/x-wav,audio/psh_ai_40_22.wav,,106216
e2d86b5210575cf2b4e8106c3b89ffc2,psh_ai_40_22.mp3,,audio/mpeg,audio/psh_ai_40_22.mp3,,27166
84389c3db848f1a97f976a9eb558b4a3,prn_40_15.wav,,audio/x-wav,audio/prn_40_15.wav,,131448
85ebd3d888985afae22d6a27138efeea,prn_40_15.mp3,,audio/mpeg,audio/prn_40_15.mp3,,32391
6ba689b11e4b46f108ec7ad5fbb72a7b,gwc_40_02.wav,,audio/x-wav,audio/gwc_40_02.wav,,74692
dcaf5cbb29a285490e7db215d447ca40,gwc_40_02.mp3,,audio/mpeg,audio/gwc_40_02.mp3,,19852
b5c9e141d8d82f7019e41d8f9ac337e6,gwt_p_40_14.wav,,audio/x-wav,audio/gwt_p_40_14.wav,,190668
8b7ec23800ac653ff6073b36d359a9d7,gwt_p_40_14.mp3,,audio/mpeg,audio/gwt_p_40_14.mp3,,45974
45eeeb10171f031a6a145226d561741f,psh_ai_40_36.wav,,audio/x-wav,audio/psh_ai_40_36.wav,,117336
30ff72201764f2ca3ae842c6f95adbbf,psh_ai_40_36.mp3,,audio/mpeg,audio/psh_ai_40_36.mp3,,29256
e1ebcbe706406550c1e5bd34025cfa41,xka_40_03.mp3,,audio/mpeg,audio/xka_40_03.mp3,,36570
48dd3a6c6f7437d2e285f1262934285c,xka_40_03.wav,,audio/x-wav,audio/xka_40_03.wav,,150088
910022073f22f82f34e163c218ec10fd,aee_sh_40_34.wav,,audio/x-wav,audio/aee_sh_40_34.wav,,104968
653445178c10a5b1de1e497aeb8511e6,aee_sh_40_34.mp3,,audio/mpeg,audio/aee_sh_40_34.mp3,,26121
b628b92069bb47cc0c9b756c328db564,gwt_p_40_39.wav,,audio/x-wav,audio/gwt_p_40_39.wav,,110636
75835f4226b9d74d1c3ee89096e9db5f,gwt_p_40_39.mp3,,audio/mpeg,audio/gwt_p_40_39.mp3,,27166
00ec86ea87e10b98411b25d68cc5856b,gju_p_40_08.wav,,audio/x-wav,audio/gju_p_40_08.wav,,86776
51c79188380e8c9a850928997989d4fd,gju_p_40_08.mp3,,audio/mpeg,audio/gju_p_40_08.mp3,,21942
d9c3cdd9110bd5db47ee853f9b7a5f80,dml_40_03.wav,,audio/x-wav,audio/dml_40_03.wav,,119608
63d428979ca68f73980b6f59a9f2e723,dml_40_03.mp3,,audio/mpeg,audio/dml_40_03.mp3,,29256
0f990255a55070294688b3dc500615d7,bsk_n_40_34.wav,,audio/x-wav,audio/bsk_n_40_34.wav,,140780
1f83fec33cdf8bcdf15bdd612ecc7d49,bsk_n_40_34.mp3,,audio/mpeg,audio/bsk_n_40_34.mp3,,34480
3fff078dd562b7e395eed4d7dc711cc9,sgy_40_17.wav,,audio/x-wav,audio/sgy_40_17.wav,,153928
28545ad53788d91c4802e4bb88ae58a2,sgy_40_17.mp3,,audio/mpeg,audio/sgy_40_17.mp3,,37615
dda71491624ca4b5850070c0ff62c091,mnj_40_24.wav,,audio/x-wav,audio/mnj_40_24.wav,,159564
e7f20e99a5a5b80bbe7ebd63b60718d6,mnj_40_24.mp3,,audio/mpeg,audio/mnj_40_24.mp3,,38660
b7825ace5d686003b40b08a78bfe7a04,prs_d_40_04b.wav,,audio/x-wav,audio/prs_d_40_04b.wav,,117072
c68a344f4966c9b6f59475092f8335bf,prs_d_40_04b.mp3,,audio/mpeg,audio/prs_d_40_04b.mp3,,29256
d607d8612896b139f4947aea9d6abed7,xka_40_24.mp3,,audio/mpeg,audio/xka_40_24.mp3,,34480
752a1423c12451035bcb9102b1ec152c,xka_40_24.wav,,audio/x-wav,audio/xka_40_24.wav,,141264
0c6e088f34db402e55671edde9e2c36a,aee_ch_40_05.wav,,audio/x-wav,audio/aee_ch_40_05.wav,,102632
e4b7c5506a424615e56c0f0a37696052,aee_ch_40_05.mp3,,audio/mpeg,audio/aee_ch_40_05.mp3,,26121
e6e5804f1d4685dd7e8728764adc4191,glh_sn_40_05.wav,,audio/x-wav,audio/glh_sn_40_05.wav,,108232
83ca2498ac42ee5ae4e9249c1baf9c7e,glh_sn_40_05.mp3,,audio/mpeg,audio/glh_sn_40_05.mp3,,27166
6e8d8fbae1fd79e343b0c049914ad7fe,ush_40_01.wav,,audio/x-wav,audio/ush_40_01.wav,,100852
a015ed193e9a60145f50819a861e8d8b,ush_40_01.mp3,,audio/mpeg,audio/ush_40_01.mp3,,25076
fbb65f774b8a80c9b3e463f14138673e,trw_40_31.wav,,audio/x-wav,audio/trw_40_31.wav,,80176
e4f029b636b31759a098548d7f5d110d,trw_40_31.mp3,,audio/mpeg,audio/trw_40_31.mp3,,20897
330ca2638bb2dee53031d8ea4ad98fcc,bft_40_30.wav,,audio/x-wav,audio/bft_40_30.wav,,157516
5db2af9eec6f50ea2d1bbc66b3dc5b7c,bft_40_30.mp3,,audio/mpeg,audio/bft_40_30.mp3,,38660
ebd1fb1357d2cb69166ece2141220752,gwt_p_40_22.wav,,audio/x-wav,audio/gwt_p_40_22.wav,,119852
f7a86261e811690e2734eb24f0be6bd5,gwt_p_40_22.mp3,,audio/mpeg,audio/gwt_p_40_22.mp3,,29256
9361cc688bc002b59701eea4efc9ec53,aee_sh_40_05.wav,,audio/x-wav,audio/aee_sh_40_05.wav,,121816
c5af0ec2a7efa6c7d8d71e3b935733b3,aee_sh_40_05.mp3,,audio/mpeg,audio/aee_sh_40_05.mp3,,30301
b735ce3b5f0158fe1dfd420f36f35183,gju_p_40_17.wav,,audio/x-wav,audio/gju_p_40_17.wav,,102484
21b2ccd20fe56066914bcc1a12453c1e,gju_p_40_17.mp3,,audio/mpeg,audio/gju_p_40_17.mp3,,26121
f8db474e6ca17fc06582615c95a58d75,wbk_40_16.wav,,audio/x-wav,audio/wbk_40_16.wav,,87436
3c8b533ae06b8ca1fe08a1b00741db7c,wbk_40_16.mp3,,audio/mpeg,audio/wbk_40_16.mp3,,21942
9b6385771c5287b8c10276e4a5da3b4b,mnj_40_13.wav,,audio/x-wav,audio/mnj_40_13.wav,,159564
77dfe2b02db3b85bf42dab25ac8082f9,mnj_40_13.mp3,,audio/mpeg,audio/mnj_40_13.mp3,,38660
c3e8e60c314a9ea42ebc8f6f496cefb0,gwt_a_40_25.wav,,audio/x-wav,audio/gwt_a_40_25.wav,,133180
755d80eacc55f7b94a7915b49dca455c,gwt_a_40_25.mp3,,audio/mpeg,audio/gwt_a_40_25.mp3,,32391
75df0335177b69470bb05ee0528a62d0,shd_40_27.wav,,audio/x-wav,audio/shd_40_27.wav,,140096
4d1a2d8ba51721e3a404f2e3047231eb,shd_40_27.mp3,,audio/mpeg,audio/shd_40_27.mp3,,34480
e3e128d5bedd9c62f69c9f3d0983169a,prs_d_40_16.wav,,audio/x-wav,audio/prs_d_40_16.wav,,109244
88693cbb0980f54c7f9879dbb35956a0,prs_d_40_16.mp3,,audio/mpeg,audio/prs_d_40_16.mp3,,27166
a496669f7cf0b256790fa61348e3f04c,btv_40_30.wav,,audio/x-wav,audio/btv_40_30.wav,,122876
8936115145a46cc35873a2e6c832a245,btv_40_30.mp3,,audio/mpeg,audio/btv_40_30.mp3,,30301
7e864e06a67e4c76065b8d530ded11e3,aee_kg_40_02.wav,,audio/x-wav,audio/aee_kg_40_02.wav,,106336
b1ec01eb7e6c77b173e502c9cc109c50,aee_kg_40_02.mp3,,audio/mpeg,audio/aee_kg_40_02.mp3,,27166
2901de10713df20e3fb50c4980cd1b4d,bkk_40_10.wav,,audio/x-wav,audio/bkk_40_10.wav,,120744
430b12f83a39b8d7f125052cb1b0ff20,bkk_40_10.mp3,,audio/mpeg,audio/bkk_40_10.mp3,,30301
b46f75f44bb004a3b36ec7155f986ed6,gwc_40_35.wav,,audio/x-wav,audio/gwc_40_35.wav,,111640
bdcff78d7566c7d912b2b3cfa8e0e7a5,gwc_40_35.mp3,,audio/mpeg,audio/gwc_40_35.mp3,,28211
c72aa87fb1c31df56706a14e2dafdff5,sgh_a_40_01.wav,,audio/x-wav,audio/sgh_a_40_01.wav,,125532
3ac65972ad36a225b1cdf8a1c1968620,sgh_a_40_01.mp3,,audio/mpeg,audio/sgh_a_40_01.mp3,,31346
5a2614e3b689b0a320b75af67ee24d78,ush_40_38.wav,,audio/x-wav,audio/ush_40_38.wav,,103908
497c588dc14f7d482bb57f61d7aeed88,ush_40_38.mp3,,audio/mpeg,audio/ush_40_38.mp3,,26121
b1e49100cc77d19ba04ebf7026178aae,shd_40_17.wav,,audio/x-wav,audio/shd_40_17.wav,,125216
2e169b37f556d6a58f59dbdc9ed573b9,shd_40_17.mp3,,audio/mpeg,audio/shd_40_17.mp3,,31346
8cbfe9b7b56dfeb2b4006ddabfa4386f,bsk_n_40_01.wav,,audio/x-wav,audio/bsk_n_40_01.wav,,176784
560cecd336523eb1cb74735fb85c3a68,bsk_n_40_01.mp3,,audio/mpeg,audio/bsk_n_40_01.mp3,,42840
7527f15042c4179ed034131a99e2e76e,bsh_e_40_15.wav,,audio/x-wav,audio/bsh_e_40_15.wav,,111100
332148f3141fbaf7fd1501dc812e0aaf,bsh_e_40_15.mp3,,audio/mpeg,audio/bsh_e_40_15.mp3,,28211
b8a67e9241a072e2b0346ea72d355cb3,aee_sh_40_15.wav,,audio/x-wav,audio/aee_sh_40_15.wav,,122584
3b782d7074ce3dfc6e226c9af10041b3,aee_sh_40_15.mp3,,audio/mpeg,audio/aee_sh_40_15.mp3,,30301
3ceef1f88d09af99922c87df2d8d493f,aee_ch_40_11.wav,,audio/x-wav,audio/aee_ch_40_11.wav,,93788
e0a036e2fcfdb9bff7d53cb777943136,aee_ch_40_11.mp3,,audio/mpeg,audio/aee_ch_40_11.mp3,,24031
4b330238f35664d4e1650f37b99e1d4c,scl_p_40_13.wav,,audio/x-wav,audio/scl_p_40_13.wav,,142836
b0a6b08ca2cf1940e4d8e124422f9748,scl_p_40_13.mp3,,audio/mpeg,audio/scl_p_40_13.mp3,,34480
62083843e4386e0adfaa7ed0e4b3f370,aae_at_40_23.wav,,audio/x-wav,audio/aae_at_40_23.wav,,98760
99ce4a0d277c5f8aa2869ed07d067c31,aae_at_40_23.mp3,,audio/mpeg,audio/aae_at_40_23.mp3,,25076
995874224be3b30942fd7e61ee2c9967,bsh_w_40_17.wav,,audio/x-wav,audio/bsh_w_40_17.wav,,109764
5e1a381e58ffb742ebdb3474ca1b2ad4,bsh_w_40_17.mp3,,audio/mpeg,audio/bsh_w_40_17.mp3,,27166
60b54e34c710599e52d9811ddf7922ae,aee_kg_40_35.wav,,audio/x-wav,audio/aee_kg_40_35.wav,,88036
34a5313f335b873db5ff0e1d1e0fec2a,aee_kg_40_35.mp3,,audio/mpeg,audio/aee_kg_40_35.mp3,,22986
e521e0f23280a89fb1ad6deb86dd8406,wbl_p_40_23.wav,,audio/x-wav,audio/wbl_p_40_23.wav,,139928
472aa812f93c5fb2b7a2f771cd7c2c0d,wbl_p_40_23.mp3,,audio/mpeg,audio/wbl_p_40_23.mp3,,34480
bdda297e9bab54b5f1ebe44a623b7be8,scl_p_40_10.wav,,audio/x-wav,audio/scl_p_40_10.wav,,171284
23586b934b94ecb1a148bc9d5796e274,scl_p_40_10.mp3,,audio/mpeg,audio/scl_p_40_10.mp3,,41795
2b416399f3acc5f327afbfc023c4c0ed,khw_40_39.wav,,audio/x-wav,audio/khw_40_39.wav,,95024
85928312d5f7ee683a5a728dc8fc0264,khw_40_39.mp3,,audio/mpeg,audio/khw_40_39.mp3,,24031
e6790f8856be2acb780249392f4fd327,uzs_40_03.wav,,audio/x-wav,audio/uzs_40_03.wav,,153816
8bc2adf75de3bc156b276abb60674d1c,uzs_40_03.mp3,,audio/mpeg,audio/uzs_40_03.mp3,,37615
7c22fbcc3fda455c9de1f97431a57fc1,sgy_40_39.wav,,audio/x-wav,audio/sgy_40_39.wav,,118960
95be6cf1c0326fc1e520f79436c722ec,sgy_40_39.mp3,,audio/mpeg,audio/sgy_40_39.mp3,,29256
de2409bca81e903280243eb6eab9fec7,prs_d_40_04a.wav,,audio/x-wav,audio/prs_d_40_04a.wav,,148384
983f6d0cc5ecd900ca083473f69ec2e7,prs_d_40_04a.mp3,,audio/mpeg,audio/prs_d_40_04a.mp3,,36570
11ab5e5ac18c4da4d5ba556df755445e,gju_a_40_30.wav,,audio/x-wav,audio/gju_a_40_30.wav,,127856
836deb2c61bad8b5b76c7f3003276e02,gju_a_40_30.mp3,,audio/mpeg,audio/gju_a_40_30.mp3,,31346
f1b7a9405c83895eeb4f1c70e1c618d2,psh_ai_40_30.wav,,audio/x-wav,audio/psh_ai_40_30.wav,,145652
99f0a1120a672b120fe1cc4f7b3f4165,psh_ai_40_30.mp3,,audio/mpeg,audio/psh_ai_40_30.mp3,,35525
19869ec397c0bb51309e1c2be3c23877,psi_am_40_09.wav,,audio/x-wav,audio/psi_am_40_09.wav,,108432
2b8f131487d7feb632fa2ef2c1163032,psi_am_40_09.mp3,,audio/mpeg,audio/psi_am_40_09.mp3,,27166
8e0840b99f11d8cdabd8ed45f3dced34,mvy_40_29.wav,,audio/x-wav,audio/mvy_40_29.wav,,206832
b3912527e9f587ebb53cec9507a6376b,mvy_40_29.mp3,,audio/mpeg,audio/mvy_40_29.mp3,,49109
fb6920df6d06f4aa39893e94bd7f8137,mvy_40_22.wav,,audio/x-wav,audio/mvy_40_22.wav,,174112
df1b31bf7cf026ab8122152ecfa510e2,mvy_40_22.mp3,,audio/mpeg,audio/mvy_40_22.mp3,,41795
9ab6d715b50cd79bea48b0555d6020f1,kls_40_06.wav,,audio/x-wav,audio/kls_40_06.wav,,187088
4cae371bac74356c64be87c90cba030f,kls_40_06.mp3,,audio/mpeg,audio/kls_40_06.mp3,,44929
3250e3f7bb0a661fed957e63d3114723,gwt_p_40_27.wav,,audio/x-wav,audio/gwt_p_40_27.wav,,117428
b190529c3487c502891a7652e27fd320,gwt_p_40_27.mp3,,audio/mpeg,audio/gwt_p_40_27.mp3,,29256
ed6c33978c42e860ab1aac3e2f1fd26c,xvi_40_15.mp3,,audio/mpeg,audio/xvi_40_15.mp3,,38660
d43576fb2d213b85d5cc404d977e0fd7,xvi_40_15.wav,,audio/x-wav,audio/xvi_40_15.wav,,160616
62286851970b075f63a5e642ae877a20,aae_at_40_11.wav,,audio/x-wav,audio/aae_at_40_11.wav,,65444
8ec4c971a212f54b4ed4d7099c5423f9,aae_at_40_11.mp3,,audio/mpeg,audio/aae_at_40_11.mp3,,17762
185505af3878bbccf8460cc7994063be,wbl_p_40_14.wav,,audio/x-wav,audio/wbl_p_40_14.wav,,130660
16c2080855d8382e0fd8a6d0bac700dc,wbl_p_40_14.mp3,,audio/mpeg,audio/wbl_p_40_14.mp3,,32391
edffda6503e40563db39d4df31a6b87e,gwc_40_22.wav,,audio/x-wav,audio/gwc_40_22.wav,,126112
04be93c40c9fbcb2b8f8caa2343dbdc1,gwc_40_22.mp3,,audio/mpeg,audio/gwc_40_22.mp3,,31346
05bfa1ae508be3e5adccd5551bc59202,gju_a_40_20.wav,,audio/x-wav,audio/gju_a_40_20.wav,,130424
f94df5844822baef617ba525e1a69fb8,gju_a_40_20.mp3,,audio/mpeg,audio/gju_a_40_20.mp3,,32391
1e6ebdd692ad5ead92bb9436bb8aa9f4,bsh_w_40_03.wav,,audio/x-wav,audio/bsh_w_40_03.wav,,141664
f6f7bed558b3fd202990f472a588b46b,bsh_w_40_03.mp3,,audio/mpeg,audio/bsh_w_40_03.mp3,,34480
1574bb8dd2bd38c225328a133e6522fa,bsk_n_40_16b.wav,,audio/x-wav,audio/bsk_n_40_16b.wav,,124960
12792391b80b89636aa2b05c0edbbc1b,bsk_n_40_16b.mp3,,audio/mpeg,audio/bsk_n_40_16b.mp3,,31346
9aab2b6594924130460bbe14ed4983aa,pbu_i_40_27.wav,,audio/x-wav,audio/pbu_i_40_27.wav,,114028
50a0b3eb31ae539785bb37160776a836,pbu_i_40_27.mp3,,audio/mpeg,audio/pbu_i_40_27.mp3,,28211
f9d574cfcc6feade06bb629664e21a6f,aae_at_40_13.wav,,audio/x-wav,audio/aae_at_40_13.wav,,85184
2d08c171460f6c5cc942a5b09ca73a83,aae_at_40_13.mp3,,audio/mpeg,audio/aae_at_40_13.mp3,,21942
c32bd359577d4657e0719c2cfe43ddfc,pbu_p_40_08.wav,,audio/x-wav,audio/pbu_p_40_08.wav,,113672
057e9b7d048ec753b8ab6ef633c62622,pbu_p_40_08.mp3,,audio/mpeg,audio/pbu_p_40_08.mp3,,28211
160eef698d3cd4bc921cf003eb5ae455,aee_ch_40_10.wav,,audio/x-wav,audio/aee_ch_40_10.wav,,101452
781106f9640c45e361de6429c1777592,aee_ch_40_10.mp3,,audio/mpeg,audio/aee_ch_40_10.mp3,,26121
faeb05642206aeba189d3e607748cfe5,kir_40_10.wav,,audio/x-wav,audio/kir_40_10.wav,,128212
afaa3e8b5977466874b74935eda66e82,kir_40_10.mp3,,audio/mpeg,audio/kir_40_10.mp3,,31346
a82444a39f98a80c33f5e8291b88a150,bsk_h_40_35.wav,,audio/x-wav,audio/bsk_h_40_35.wav,,94844
4bc52418f4647f985a0b91a6b7054218,bsk_h_40_35.mp3,,audio/mpeg,audio/bsk_h_40_35.mp3,,24031
df2abcbe4a662087b93569d66ae8cfe8,kls_40_11.wav,,audio/x-wav,audio/kls_40_11.wav,,179964
087f5a0e31f40968739725e20208c4a1,kls_40_11.mp3,,audio/mpeg,audio/kls_40_11.mp3,,43884
c43c97ac10648e64384a792e0d4ee9a0,prn_40_01.wav,,audio/x-wav,audio/prn_40_01.wav,,129700
1a8f885ffb2dd03a64f8b5c3a08164a9,prn_40_01.mp3,,audio/mpeg,audio/prn_40_01.mp3,,32391
64be8f063f7705cbecca3e20252ad451,gwt_p_40_05.wav,,audio/x-wav,audio/gwt_p_40_05.wav,,131008
c7557746e8d325fd13aad2c74a479a37,gwt_p_40_05.mp3,,audio/mpeg,audio/gwt_p_40_05.mp3,,32391
05024c091cdc77b1de1e3aae73a5cdc1,gwt_p_40_24b.wav,,audio/x-wav,audio/gwt_p_40_24b.wav,,108696
421a06d11b46aab4c87f79535884bcf9,gwt_p_40_24b.mp3,,audio/mpeg,audio/gwt_p_40_24b.mp3,,27166
56e2aa0a0d6b124b79652ef77d96fe5c,phr_40_02.wav,,audio/x-wav,audio/phr_40_02.wav,,120196
7b3a3fa471603e8ebdefd5f99edc634a,phr_40_02.mp3,,audio/mpeg,audio/phr_40_02.mp3,,30301
dd05d711f890473f7dd4ec5304eea2b0,wbl_p_40_22.wav,,audio/x-wav,audio/wbl_p_40_22.wav,,107068
7ae480dffa034b4cec5b8fc36b42d05d,wbl_p_40_22.mp3,,audio/mpeg,audio/wbl_p_40_22.mp3,,27166
42a1f7bfb572ebcc9d634b5a33616c42,sgh_r_40_22.wav,,audio/x-wav,audio/sgh_r_40_22.wav,,131004
414c480c64f4b6f35111914a84939415,sgh_r_40_22.mp3,,audio/mpeg,audio/sgh_r_40_22.mp3,,32391
3b8bc5c43df118ba281592d8823f8355,pbu_p_40_33.wav,,audio/x-wav,audio/pbu_p_40_33.wav,,116144
0850e9fe54fe9c16c57998f83cfe57d1,pbu_p_40_33.mp3,,audio/mpeg,audio/pbu_p_40_33.mp3,,29256
9de176cee435b1b5fe044a8dc0df9672,prs_d_40_15.wav,,audio/x-wav,audio/prs_d_40_15.wav,,118252
e2e3eb2376530a7d785c09222f4828b2,prs_d_40_15.mp3,,audio/mpeg,audio/prs_d_40_15.mp3,,29256
c5c062760040af2b23a182e5f6878d89,khw_40_27.wav,,audio/x-wav,audio/khw_40_27.wav,,88136
a8641e878e741d8135c1ab5e4f3f5204,khw_40_27.mp3,,audio/mpeg,audio/khw_40_27.mp3,,22986
e1efb4007d9726910c570422cd383906,prn_40_11.wav,,audio/x-wav,audio/prn_40_11.wav,,155104
9b518a65858a8b7fcf4f563b63871cab,prn_40_11.mp3,,audio/mpeg,audio/prn_40_11.mp3,,37615
3b1020c306925dd2d215afc22406300e,lbj_40_39.wav,,audio/x-wav,audio/lbj_40_39.wav,,124036
a2d8e06f6cf2a237acb39f09561c3451,lbj_40_39.mp3,,audio/mpeg,audio/lbj_40_39.mp3,,30301
d709b216080f261115e300e55f1cf978,ush_40_24.wav,,audio/x-wav,audio/ush_40_24.wav,,135676
b9b6e0f2fef12dfb311ea2be08b27e47,ush_40_24.mp3,,audio/mpeg,audio/ush_40_24.mp3,,33435
396b3443d0a11610ae88e15b1549cff0,aee_kg_40_32.wav,,audio/x-wav,audio/aee_kg_40_32.wav,,103720
213d28ba77d5e18b4ea3174beb2cd54a,aee_kg_40_32.mp3,,audio/mpeg,audio/aee_kg_40_32.mp3,,26121
5f28c6319d61c2ecbbfca0bd84ba0a0c,pbu_p_40_34.wav,,audio/x-wav,audio/pbu_p_40_34.wav,,113672
ab1675ea3775dec61810861616a8d109,pbu_p_40_34.mp3,,audio/mpeg,audio/pbu_p_40_34.mp3,,28211
7971c4bd908080af1a796ae72d332dae,psi_ar_40_39.wav,,audio/x-wav,audio/psi_ar_40_39.wav,,108112
7943f0ff725c353dd9374b48c15254e3,psi_ar_40_39.mp3,,audio/mpeg,audio/psi_ar_40_39.mp3,,27166
a7117c5090effb226c9cf7d717bc4b49,mvy_40_38.wav,,audio/x-wav,audio/mvy_40_38.wav,,134848
daecc479d8de7c9de31a0e9741d26745,mvy_40_38.mp3,,audio/mpeg,audio/mvy_40_38.mp3,,33435
7e654175eea1ebfdbdb2aab8753fb43e,gwt_p_40_32.wav,,audio/x-wav,audio/gwt_p_40_32.wav,,122760
2261acdb169c6b98cfee9c2bbaf0c9fa,gwt_p_40_32.mp3,,audio/mpeg,audio/gwt_p_40_32.mp3,,30301
6a370ffab01452ab77b697c55e7e7e3d,plk_40_40a.wav,,audio/x-wav,audio/plk_40_40a.wav,,109116
8c53165b2ed311a56f7f0977400017c9,plk_40_40a.mp3,,audio/mpeg,audio/plk_40_40a.mp3,,27166
310306369ab53c9275fdb2e7512d513a,gwc_40_37.wav,,audio/x-wav,audio/gwc_40_37.wav,,120400
cf922f94dbd2a6d3d79d5d9d614a8536,gwc_40_37.mp3,,audio/mpeg,audio/gwc_40_37.mp3,,30301
5e160ec61932a12932d8678cd219ab87,bsh_e_40_24.wav,,audio/x-wav,audio/bsh_e_40_24.wav,,143112
8178ab3fbc333ab2e943581f71f6dd74,bsh_e_40_24.mp3,,audio/mpeg,audio/bsh_e_40_24.mp3,,35525
5773780c56ed1000b484e63de20b6d36,gwt_a_40_14.wav,,audio/x-wav,audio/gwt_a_40_14.wav,,161048
2b656b78b61cf9b547a53f3348dd83b4,gwt_a_40_14.mp3,,audio/mpeg,audio/gwt_a_40_14.mp3,,38660
f9309d19e52d5247aa092f0346e02db7,bsk_n_40_23a.wav,,audio/x-wav,audio/bsk_n_40_23a.wav,,114048
9712db0a55cc1d7b34409a2a6f144839,bsk_n_40_23a.mp3,,audio/mpeg,audio/bsk_n_40_23a.mp3,,28211
40a67268c63d8ace83cf2a399cc7b972,wbl_a_40_09.wav,,audio/x-wav,audio/wbl_a_40_09.wav,,159068
e760f285290128a0b5dc00d06a14a51c,wbl_a_40_09.mp3,,audio/mpeg,audio/wbl_a_40_09.mp3,,38660
1acdebb07b7006550a821352c8b650e4,bsk_h_40_31.wav,,audio/x-wav,audio/bsk_h_40_31.wav,,116620
b8aed48b1597b78141c2294f54df9758,bsk_h_40_31.mp3,,audio/mpeg,audio/bsk_h_40_31.mp3,,29256
02354b5d7b19b5c830886acf0a06c9ca,pbu_a_40_07.wav,,audio/x-wav,audio/pbu_a_40_07.wav,,104216
f270696328c817f392ce49486c7616d6,pbu_a_40_07.mp3,,audio/mpeg,audio/pbu_a_40_07.mp3,,26121
d4ef44f7586e05e2f8d60a6a01652374,phl_40_22.wav,,audio/x-wav,audio/phl_40_22.wav,,114788
f1c7b09cbc5a6636029ac5535b259941,phl_40_22.mp3,,audio/mpeg,audio/phl_40_22.mp3,,28211
4f17ae6f898837abc5329019b321e726,sgy_40_08.wav,,audio/x-wav,audio/sgy_40_08.wav,,103060
b0a4360544b9effc8a2c836c86d74de2,sgy_40_08.mp3,,audio/mpeg,audio/sgy_40_08.mp3,,26121
ca606438e6e5a71a077c64f4ad868021,prs_d_40_08.wav,,audio/x-wav,audio/prs_d_40_08.wav,,122944
55f108643ced567ce3d96e4a66a13090,prs_d_40_08.mp3,,audio/mpeg,audio/prs_d_40_08.mp3,,30301
e49ed847b7832b3fab6e41a7511d67b3,wbk_40_24.wav,,audio/x-wav,audio/wbk_40_24.wav,,75876
d1837ad62a796f931743c100ccf2f36d,wbk_40_24.mp3,,audio/mpeg,audio/wbk_40_24.mp3,,19852
5b7c1bd2762d3cd4ed0e4aa57a766c8b,pbu_p_40_09.wav,,audio/x-wav,audio/pbu_p_40_09.wav,,148252
b2b84d081c73680a5158b833b4024c1e,pbu_p_40_09.mp3,,audio/mpeg,audio/pbu_p_40_09.mp3,,36570
9dda047f185b4a64284538452186aea3,scl_p_40_08.wav,,audio/x-wav,audio/scl_p_40_08.wav,,174564
f6f0993a2db1151b5b6a3c9076088e42,scl_p_40_08.mp3,,audio/mpeg,audio/scl_p_40_08.mp3,,41795
f19f8ecd558ce0f2e83d431397acf2ba,mvy_40_28.wav,,audio/x-wav,audio/mvy_40_28.wav,,175856
fbbde9ddd272933f3ad8f3cb737151ac,mvy_40_28.mp3,,audio/mpeg,audio/mvy_40_28.mp3,,42840
65547acfd109ddbfe6295ea9a807425e,glh_sn_40_20.wav,,audio/x-wav,audio/glh_sn_40_20.wav,,112420
c4e0a36c2dc0145950dc7e2c2beac5b3,glh_sn_40_20.mp3,,audio/mpeg,audio/glh_sn_40_20.mp3,,28211
11dbf44eef661be699e778115be809b8,bft_40_02.wav,,audio/x-wav,audio/bft_40_02.wav,,149772
473e6a8f02b21cda1e69b3cde936b8fe,bft_40_02.mp3,,audio/mpeg,audio/bft_40_02.mp3,,36570
61d800046ed1ddb67879dc72ed3abb48,sgh_r_40_09.wav,,audio/x-wav,audio/sgh_r_40_09.wav,,116588
ee2f21c3ebbd2afafdd595adba956239,sgh_r_40_09.mp3,,audio/mpeg,audio/sgh_r_40_09.mp3,,29256
e226d8a3866978862a3409095288b8ba,plk_40_24.wav,,audio/x-wav,audio/plk_40_24.wav,,123132
1f2fbb2981dd98a9eca58860fd74939a,plk_40_24.mp3,,audio/mpeg,audio/plk_40_24.mp3,,30301
0b717fc91d4a1022105a1dc96cb45824,psi_ar_40_34.wav,,audio/x-wav,audio/psi_ar_40_34.wav,,85916
fc77d6f7b352ea42132da75be472d29e,psi_ar_40_34.mp3,,audio/mpeg,audio/psi_ar_40_34.mp3,,21942
654483e0c7a77cb0a2d04f0a6d136a26,shd_40_19.wav,,audio/x-wav,audio/shd_40_19.wav,,145512
3ce65687f04b3d4830ae40a3bb60b568,shd_40_19.mp3,,audio/mpeg,audio/shd_40_19.mp3,,35525
f8b57f17bfbcbfa6d6436261a1a2ee26,kas_i_40_04.wav,,audio/x-wav,audio/kas_i_40_04.wav,,110052
99e7f1fbe17a5dca47ae38a2a1dcf364,kas_i_40_04.mp3,,audio/mpeg,audio/kas_i_40_04.mp3,,27166
cd4844578b1b21692782995df9632309,dml_40_16.wav,,audio/x-wav,audio/dml_40_16.wav,,119024
4c059aa368905607edfde9ae37d0888d,dml_40_16.mp3,,audio/mpeg,audio/dml_40_16.mp3,,29256
29ecff97cdfdb98335270b8515bdabac,prn_40_27.wav,,audio/x-wav,audio/prn_40_27.wav,,107796
fc6e7c2073a164b81f20053932bda886,prn_40_27.mp3,,audio/mpeg,audio/prn_40_27.mp3,,27166
16f53ae51e668fe9b1f66250c0242c5b,psi_ar_40_38.wav,,audio/x-wav,audio/psi_ar_40_38.wav,,143808
435c642551212e04fe50d1bbfa03f004,psi_ar_40_38.mp3,,audio/mpeg,audio/psi_ar_40_38.mp3,,35525
1b339bb70a0e337e18647a6bd070d7ac,mnj_40_20.wav,,audio/x-wav,audio/mnj_40_20.wav,,157112
954bca38d4aad80627c935d029d0167f,mnj_40_20.mp3,,audio/mpeg,audio/mnj_40_20.mp3,,38660
982de8c2e38e7a52c8b3d6c567be121c,glh_ag_40_05.wav,,audio/x-wav,audio/glh_ag_40_05.wav,,112660
caf5be9fcb582e70761e25cd0f684211,glh_ag_40_05.mp3,,audio/mpeg,audio/glh_ag_40_05.mp3,,28211
e0f7073f747a63bbf448bb86b5e799bb,psi_ar_40_22.wav,,audio/x-wav,audio/psi_ar_40_22.wav,,102320
09cb0b25a5e9cf39324a511b21c31491,psi_ar_40_22.mp3,,audio/mpeg,audio/psi_ar_40_22.mp3,,26121
3e3c77948f83d21113deb5e550dc7d22,glh_sn_40_15.wav,,audio/x-wav,audio/glh_sn_40_15.wav,,106140
e42f2e835f7d1910a14f073ffdcb9736,glh_sn_40_15.mp3,,audio/mpeg,audio/glh_sn_40_15.mp3,,27166
39a46d6237bef945c212f403d4c3f6a4,sgy_40_33.wav,,audio/x-wav,audio/sgy_40_33.wav,,174280
5db93dd73cb962924632232ba06e282a,sgy_40_33.mp3,,audio/mpeg,audio/sgy_40_33.mp3,,41795
0eb137053f345a32be7bd26bf2fee56c,gwt_a_40_11.wav,,audio/x-wav,audio/gwt_a_40_11.wav,,134508
aa47cbe8c305896749280d529220199f,gwt_a_40_11.mp3,,audio/mpeg,audio/gwt_a_40_11.mp3,,33435
aa1746575cd508bafad39e6745928544,bsh_e_40_21.wav,,audio/x-wav,audio/bsh_e_40_21.wav,,109096
454ec5c794de23f827470f83bbf18c7c,bsh_e_40_21.mp3,,audio/mpeg,audio/bsh_e_40_21.mp3,,27166
98e3b477895a21801dbea6b32c46e03c,kls_40_18.wav,,audio/x-wav,audio/kls_40_18.wav,,144336
52f3ed9be1a29e84929a5221f35a8e5c,kls_40_18.mp3,,audio/mpeg,audio/kls_40_18.mp3,,35525
1c8e7c4f2c55754561b6455df057b23c,gwc_40_23.wav,,audio/x-wav,audio/gwc_40_23.wav,,101736
061826219662defc68608b70647d8061,gwc_40_23.mp3,,audio/mpeg,audio/gwc_40_23.mp3,,26121
b5d4164c6da892927848a73e8954bdeb,wbl_a_40_36.wav,,audio/x-wav,audio/wbl_a_40_36.wav,,135876
cbee0e0373cb2361dd568af3362bc993,wbl_a_40_36.mp3,,audio/mpeg,audio/wbl_a_40_36.mp3,,33435
ca2dab86f6eddfa364c93c83d2857a8d,kir_40_34.wav,,audio/x-wav,audio/kir_40_34.wav,,131060
2f88f9248f83076e258514e19711ad6f,kir_40_34.mp3,,audio/mpeg,audio/kir_40_34.mp3,,32391
aeff65f359e6d342baf5289e66f6a5e3,mnj_40_05.wav,,audio/x-wav,audio/mnj_40_05.wav,,137476
be395b5bb8daa8e950b0c10b20157333,mnj_40_05.mp3,,audio/mpeg,audio/mnj_40_05.mp3,,33435
3849d80e39bcdb9912606636f83151ad,xvi_40_34.mp3,,audio/mpeg,audio/xvi_40_34.mp3,,35525
e9bac5424a79416594ec1b7803fe82d3,xvi_40_34.wav,,audio/x-wav,audio/xvi_40_34.wav,,147104
01f26de5002e31f81d0e0d39b53a7de1,bft_40_01.wav,,audio/x-wav,audio/bft_40_01.wav,,114660
16588688935ba04be1b5941f1c93cd97,bft_40_01.mp3,,audio/mpeg,audio/bft_40_01.mp3,,28211
6bde87ef362d8e902b6ce22965635f26,gwt_p_40_40.wav,,audio/x-wav,audio/gwt_p_40_40.wav,,126156
489816d2bc5783fa318e235e1fed59bd,gwt_p_40_40.mp3,,audio/mpeg,audio/gwt_p_40_40.mp3,,31346
733ed318f02888537f2b9b1bf9cecf11,gwt_p_40_40b.wav,,audio/x-wav,audio/gwt_p_40_40b.wav,,65524
b61c0fa009857273fc635abe026831f9,gwt_p_40_40b.mp3,,audio/mpeg,audio/gwt_p_40_40b.mp3,,17762
2f13bd09018f3ae2391a4df69fc1dd8e,sgh_a_40_26.wav,,audio/x-wav,audio/sgh_a_40_26.wav,,112276
7fd342e8d95afb0fbf549f2bc6ff60e7,sgh_a_40_26.mp3,,audio/mpeg,audio/sgh_a_40_26.mp3,,28211
3f3673563514275ace8d28feb86cb8c6,psi_am_40_21.wav,,audio/x-wav,audio/psi_am_40_21.wav,,120184
a934a40badee20b985854077ffaccb35,psi_am_40_21.mp3,,audio/mpeg,audio/psi_am_40_21.mp3,,30301
35eff2a640e52ade94f5b0139e40ce68,btv_40_01.wav,,audio/x-wav,audio/btv_40_01.wav,,128600
24d0a30fa5fc679f6225969803107d36,btv_40_01.mp3,,audio/mpeg,audio/btv_40_01.mp3,,31346
4413630c1825061cee5319ad2b8276d3,shd_40_22.wav,,audio/x-wav,audio/shd_40_22.wav,,159720
6d50d0ec66cf7f602ba076dc673ee58b,shd_40_22.mp3,,audio/mpeg,audio/shd_40_22.mp3,,38660
1e79a16e7a2de667418071296f1d3bfb,scl_p_40_34.wav,,audio/x-wav,audio/scl_p_40_34.wav,,172928
1491e9760b9dbfcc0c9805144f0ae6ef,scl_p_40_34.mp3,,audio/mpeg,audio/scl_p_40_34.mp3,,41795
40acacfb63064b88d4da695109647b62,kas_p_40_34.wav,,audio/x-wav,audio/kas_p_40_34.wav,,143456
73b2397ac6f6b16c91cb0765dbb6f0f2,kas_p_40_34.mp3,,audio/mpeg,audio/kas_p_40_34.mp3,,35525
81a4207ebe26c898e0bfde1c98bca295,xka_40_16.mp3,,audio/mpeg,audio/xka_40_16.mp3,,28211
2add28f1d25f7a600baecf4151189164,xka_40_16.wav,,audio/x-wav,audio/xka_40_16.wav,,114784
5c832077be543ba75d8cf57291b15e34,prx_40_29.wav,,audio/x-wav,audio/prx_40_29.wav,,102748
914e250f75bdd3981d898e6085732697,prx_40_29.mp3,,audio/mpeg,audio/prx_40_29.mp3,,26121
3afe3d020e3e39ad08ad253aeace5e08,glh_ag_40_40.wav,,audio/x-wav,audio/glh_ag_40_40.wav,,85632
57a07e9f205c66c2348fe0501059399a,glh_ag_40_40.mp3,,audio/mpeg,audio/glh_ag_40_40.mp3,,21942
e436d21b62713f62de28fcbb82804564,khw_40_09.wav,,audio/x-wav,audio/khw_40_09.wav,,98960
a5f3a10358eb1d8b96385e2b8c5a93f6,khw_40_09.mp3,,audio/mpeg,audio/khw_40_09.mp3,,25076
99e53f77fd659a3a9258587de08aeb1a,sdg_40_05.wav,,audio/x-wav,audio/sdg_40_05.wav,,160756
afa20261081bba51876cc1f396cccd95,sdg_40_05.mp3,,audio/mpeg,audio/sdg_40_05.mp3,,38660
5b039c7895093aa96bfb86b159ed9d18,isk_40_05.wav,,audio/x-wav,audio/isk_40_05.wav,,97548
51f4a588e087acd2a89d15a4abe595d6,isk_40_05.mp3,,audio/mpeg,audio/isk_40_05.mp3,,25076
977314f390f27515ffbfb293f595ffca,bsh_w_40_10.wav,,audio/x-wav,audio/bsh_w_40_10.wav,,117496
06b4433553bc182f703ed9bebb7231ac,bsh_w_40_10.mp3,,audio/mpeg,audio/bsh_w_40_10.mp3,,29256
bf09492976f2c0a12c210efe32d8329c,prn_40_17.wav,,audio/x-wav,audio/prn_40_17.wav,,128824
a51f3022080a23f7f3104aacd5b1dc30,prn_40_17.mp3,,audio/mpeg,audio/prn_40_17.mp3,,31346
2a78c822a511fbf5fa6d0e6b34556782,bsk_h_40_16.wav,,audio/x-wav,audio/bsk_h_40_16.wav,,101672
d001ac6e91ba0c453d5c1552769a7bb1,bsk_h_40_16.mp3,,audio/mpeg,audio/bsk_h_40_16.mp3,,26121
e9e6c84419260376d2322b8231121b89,trw_40_21.wav,,audio/x-wav,audio/trw_40_21.wav,,103296
a42937b30afecc4551b2cbc91d4e02ce,trw_40_21.mp3,,audio/mpeg,audio/trw_40_21.mp3,,26121
17754399bb90ccdcc6b81c8fed0a070e,psh_ai_40_37.wav,,audio/x-wav,audio/psh_ai_40_37.wav,,102168
af818bed6c03b4abcc382a6fc8ba87a9,psh_ai_40_37.mp3,,audio/mpeg,audio/psh_ai_40_37.mp3,,26121
e6fc0518bf05bcd7d4e51ee2efcc615b,bsh_e_40_18.wav,,audio/x-wav,audio/bsh_e_40_18.wav,,77080
fe3d261802d0663058d57dec565eb74f,bsh_e_40_18.mp3,,audio/mpeg,audio/bsh_e_40_18.mp3,,19852
b026d9c4661907af894b444d6087de4b,psi_am_40_04.wav,,audio/x-wav,audio/psi_am_40_04.wav,,90148
945183382aff48c4f19ef22582a9773b,psi_am_40_04.mp3,,audio/mpeg,audio/psi_am_40_04.mp3,,22986
e6306ae3f272c68c682a52c023ed0ff5,bsk_h_40_11.wav,,audio/x-wav,audio/bsk_h_40_11.wav,,104236
ef3d83a088f6e03c196c4f633d414f2f,bsk_h_40_11.mp3,,audio/mpeg,audio/bsk_h_40_11.mp3,,26121
dd9d8a24ad15e19dc06e8bd7493900f1,ask_40_20.wav,,audio/x-wav,audio/ask_40_20.wav,,126204
93d1eed96fb1e4abe7b5e7f9133e94e1,ask_40_20.mp3,,audio/mpeg,audio/ask_40_20.mp3,,31346
20b93d313a655c95e4ca1be119987e11,plk_40_18.wav,,audio/x-wav,audio/plk_40_18.wav,,123572
31977e422bed8918562161a6f372377c,plk_40_18.mp3,,audio/mpeg,audio/plk_40_18.mp3,,30301
b3b261861bbea9699c7092e228a4bbca,aee_kg_40_23.wav,,audio/x-wav,audio/aee_kg_40_23.wav,,95880
472c52705bbf5baeff2e5d82d70e4834,aee_kg_40_23.mp3,,audio/mpeg,audio/aee_kg_40_23.mp3,,24031
250ed4aa72b5ca1d2c5675e1fbaeb567,sgh_r_40_18.wav,,audio/x-wav,audio/sgh_r_40_18.wav,,102168
4d42e8cdf21a42074f442050876f5a07,sgh_r_40_18.mp3,,audio/mpeg,audio/sgh_r_40_18.mp3,,26121
67e556b74b680f561d7dced2afd457d6,pbu_i_40_01.wav,,audio/x-wav,audio/pbu_i_40_01.wav,,122688
676ad2612571fe884022c5a757e2b292,pbu_i_40_01.mp3,,audio/mpeg,audio/pbu_i_40_01.mp3,,30301
02b2d7142dd44755b81c70f8e0bc79bd,aae_at_40_14.wav,,audio/x-wav,audio/aae_at_40_14.wav,,70996
c176dd0a82491303e13789d52e109bba,aae_at_40_14.mp3,,audio/mpeg,audio/aae_at_40_14.mp3,,18807
25a1db365e045faacdf7c6f342782a16,pbu_i_40_38.wav,,audio/x-wav,audio/pbu_i_40_38.wav,,88056
22b77f1f9d1ff41b22db11f64aad7e92,pbu_i_40_38.mp3,,audio/mpeg,audio/pbu_i_40_38.mp3,,22986
b7da7bab7c253ad3d748c5069f107e7a,lbj_40_25.wav,,audio/x-wav,audio/lbj_40_25.wav,,123212
9f0cec03b58c4c6afe50025a75d1f461,lbj_40_25.mp3,,audio/mpeg,audio/lbj_40_25.mp3,,30301
876c01ed7a34690a2799d856e68606ae,xvi_40_29.mp3,,audio/mpeg,audio/xvi_40_29.mp3,,39705
ff4e59a3b9d90ef7e6354d1539e48904,xvi_40_29.wav,,audio/x-wav,audio/xvi_40_29.wav,,161412
1acfb40648716b7e67b3ef6e04d481d7,bkk_40_40.wav,,audio/x-wav,audio/bkk_40_40.wav,,101048
cf157e72c310b251b3bcde49b5ea3117,bkk_40_40.mp3,,audio/mpeg,audio/bkk_40_40.mp3,,25076
86bb28d03222138e354b06b9a4ddf59e,glh_ag_40_38.wav,,audio/x-wav,audio/glh_ag_40_38.wav,,117616
e50d0635046c9feeff0e383d954e011e,glh_ag_40_38.mp3,,audio/mpeg,audio/glh_ag_40_38.mp3,,29256
555c8fd82e91a6e33b46fa55411f8647,pbu_a_40_22.wav,,audio/x-wav,audio/pbu_a_40_22.wav,,112232
8206f8e94a02e248eed051dda7260b27,pbu_a_40_22.mp3,,audio/mpeg,audio/pbu_a_40_22.mp3,,28211
df10ee8ae69ddb581803bf8ce4402a97,mvy_40_08.wav,,audio/x-wav,audio/mvy_40_08.wav,,113908
8dc4dcab68cd4588650d0dce9d3c4ac8,mvy_40_08.mp3,,audio/mpeg,audio/mvy_40_08.mp3,,28211
da677ba46614167577fef0aae4e5d25a,glh_sn_40_21.wav,,audio/x-wav,audio/glh_sn_40_21.wav,,112420
1998537726782b841fcc6b86377aa05c,glh_sn_40_21.mp3,,audio/mpeg,audio/glh_sn_40_21.mp3,,28211
7e4ec1138d14dda37fbdac2acd333cf3,bsh_e_40_17.wav,,audio/x-wav,audio/bsh_e_40_17.wav,,96088
afd673952f5862f23990e3f0d86bce29,bsh_e_40_17.mp3,,audio/mpeg,audio/bsh_e_40_17.mp3,,24031
1f523543209b5e5ea9d27f3fe8f0cc0b,sdg_40_32.wav,,audio/x-wav,audio/sdg_40_32.wav,,116416
68c1c7ecb8882aa0f8b876e75140ca8d,sdg_40_32.mp3,,audio/mpeg,audio/sdg_40_32.mp3,,29256
f5c0a934c7253ac00de58267f67a4d75,bsh_e_40_23.wav,,audio/x-wav,audio/bsh_e_40_23.wav,,132108
a276211b07d17d4a7e68e1e008a554ff,bsh_e_40_23.mp3,,audio/mpeg,audio/bsh_e_40_23.mp3,,32391
35d3e94975ad2354d82508d5ff8dbb09,aee_ch_40_08.wav,,audio/x-wav,audio/aee_ch_40_08.wav,,97324
4f7f61a9f561d36006d48896194ac3b0,aee_ch_40_08.mp3,,audio/mpeg,audio/aee_ch_40_08.mp3,,25076
5ec4824efd389bafe89858e382ecec78,bsk_n_40_08.wav,,audio/x-wav,audio/bsk_n_40_08.wav,,163688
55d8a1bd6f9d0ccce5e94b82a0542dd6,bsk_n_40_08.mp3,,audio/mpeg,audio/bsk_n_40_08.mp3,,39705
e2c0b46742506ab288d8f6e21d9d0f44,aee_sh_40_23.wav,,audio/x-wav,audio/aee_sh_40_23.wav,,124112
3cb95e49b274072aac16f6b0a6b3c94a,aee_sh_40_23.mp3,,audio/mpeg,audio/aee_sh_40_23.mp3,,30301
54fd469fc5eb8c8b0b7e552ab5206e9a,pbu_a_40_35.wav,,audio/x-wav,audio/pbu_a_40_35.wav,,128256
5e2707ed4def30f8726226588463b4cb,pbu_a_40_35.mp3,,audio/mpeg,audio/pbu_a_40_35.mp3,,31346
e780ac61e7fe49a2a85bbf20c74f7ac5,sgy_40_04.wav,,audio/x-wav,audio/sgy_40_04.wav,,177460
69ca30baaea9a9572dbfc75881c41a78,sgy_40_04.mp3,,audio/mpeg,audio/sgy_40_04.mp3,,42840
c172fe2451fba4818b9c8323ab08a543,wbk_40_12.wav,,audio/x-wav,audio/wbk_40_12.wav,,62004
50409375e448d83b8e8ee47909beeff6,wbk_40_12.mp3,,audio/mpeg,audio/wbk_40_12.mp3,,16717
e41f7e904802bd2a34efd6bc053613c0,gwt_a_40_08.wav,,audio/x-wav,audio/gwt_a_40_08.wav,,117700
59c360f777c3718a4807c8dfc407770e,gwt_a_40_08.mp3,,audio/mpeg,audio/gwt_a_40_08.mp3,,29256
119c10cc099b5493b8ad871a088ce6b4,wbl_a_40_15.wav,,audio/x-wav,audio/wbl_a_40_15.wav,,159068
332f3f8f4e2ba247a930bbb1c7bdac96,wbl_a_40_15.mp3,,audio/mpeg,audio/wbl_a_40_15.mp3,,38660
b5aad433b9e76b576eae091288a6635e,kls_40_25.wav,,audio/x-wav,audio/kls_40_25.wav,,171056
1748aa28748e69cfeb864013fde68d88,kls_40_25.mp3,,audio/mpeg,audio/kls_40_25.mp3,,41795
8f1ffd79a630974f5c5ae9e1af029ce9,ydg_40_22.mp3,,audio/mpeg,audio/ydg_40_22.mp3,,28211
194fd7ab8096f071dd09dbf5590441e2,ydg_40_22.wav,,audio/x-wav,audio/ydg_40_22.wav,,112224
73995282769b65c704f8229250dfa2c1,aee_ch_40_01.wav,,audio/x-wav,audio/aee_ch_40_01.wav,,90840
452badeb22783f275dcc4ce4d199d630,aee_ch_40_01.mp3,,audio/mpeg,audio/aee_ch_40_01.mp3,,22986
19bb244e1a501a31ecffa4b20fd08c91,kas_i_40_40.wav,,audio/x-wav,audio/kas_i_40_40.wav,,97332
41c3d1a1c69d1993c27fed53198a70aa,kas_i_40_40.mp3,,audio/mpeg,audio/kas_i_40_40.mp3,,25076
79d4cd023c5c63cfb0b55dfc37c77ac8,hno_40_31.wav,,audio/x-wav,audio/hno_40_31.wav,,128072
eee84fccf8c8a185ed8b46bff8b2db79,hno_40_31.mp3,,audio/mpeg,audio/hno_40_31.mp3,,31346
7381baac1f60c5bd750414259b8804aa,glh_ag_40_28.wav,,audio/x-wav,audio/glh_ag_40_28.wav,,120320
5c0cd402790a504b55be31f58f1d5118,glh_ag_40_28.mp3,,audio/mpeg,audio/glh_ag_40_28.mp3,,30301
c564dbd5464713918345d52b98935863,pbu_i_40_24.wav,,audio/x-wav,audio/pbu_i_40_24.wav,,112584
412f28fc7603e4c1510e373e3c7ee840,pbu_i_40_24.mp3,,audio/mpeg,audio/pbu_i_40_24.mp3,,28211
87e0b8782c062fd7222e921eddca62be,sdg_40_33.wav,,audio/x-wav,audio/sdg_40_33.wav,,121036
e99b214dc736485237bf5c4f6e200404,sdg_40_33.mp3,,audio/mpeg,audio/sdg_40_33.mp3,,30301
0c6b86b48fef193d67d7e49babc161bd,psi_ar_40_08.wav,,audio/x-wav,audio/psi_ar_40_08.wav,,109076
38b25d57d20fc48a57d3a43779ba48df,psi_ar_40_08.mp3,,audio/mpeg,audio/psi_ar_40_08.mp3,,27166
982683051f3eb24aee2a4a99717e5c2e,sdg_40_37.wav,,audio/x-wav,audio/sdg_40_37.wav,,114572
4d87652cdcf907f5feeff40b74a34677,sdg_40_37.mp3,,audio/mpeg,audio/sdg_40_37.mp3,,28211
5a73add461ad0e2bffceabd0200ec022,wbl_p_40_05.wav,,audio/x-wav,audio/wbl_p_40_05.wav,,114652
d65be5b4fa54be498b6798772a312f41,wbl_p_40_05.mp3,,audio/mpeg,audio/wbl_p_40_05.mp3,,28211
f90586acd462c40579523c7445791662,khw_40_25.wav,,audio/x-wav,audio/khw_40_25.wav,,136368
7996b1ad246f329b7a15bd1a2a405085,khw_40_25.mp3,,audio/mpeg,audio/khw_40_25.mp3,,33435
5a0eff03dfd95aa6a6d542c87db36973,kls_40_05.wav,,audio/x-wav,audio/kls_40_05.wav,,207572
90a1d1085a4cc0d7c0cc65e47a04e514,kls_40_05.mp3,,audio/mpeg,audio/kls_40_05.mp3,,50154
965c321bc823b31104ed5eabc28fadda,prc_40_17.wav,,audio/x-wav,audio/prc_40_17.wav,,124156
495f365b4d96629b2086f9e1cbd838a6,prc_40_17.mp3,,audio/mpeg,audio/prc_40_17.mp3,,30301
64592f044ba4968abb1a77e136d733db,gwt_p_40_17.wav,,audio/x-wav,audio/gwt_p_40_17.wav,,144592
fc7fbcc45550966be872145f47eab45a,gwt_p_40_17.mp3,,audio/mpeg,audio/gwt_p_40_17.mp3,,35525
0d7dc1994bacae3a446e0d3b82c695ee,hno_40_27.wav,,audio/x-wav,audio/hno_40_27.wav,,131352
11148177d866436dfe4843562bcca7ea,hno_40_27.mp3,,audio/mpeg,audio/hno_40_27.mp3,,32391
9637dcb846078808439688f01530582b,aae_at_40_28.wav,,audio/x-wav,audio/aae_at_40_28.wav,,71616
9aa06ad291b64f994805cf990727945d,aae_at_40_28.mp3,,audio/mpeg,audio/aae_at_40_28.mp3,,18807
da2da0defaccdb9172256478b9b12ddc,psh_ai_40_06.wav,,audio/x-wav,audio/psh_ai_40_06.wav,,135540
18f8fa93139efd0eb29da36e614fdc52,psh_ai_40_06.mp3,,audio/mpeg,audio/psh_ai_40_06.mp3,,33435
6a6c32677402b66c4b88a3f752749ff4,isk_40_36.wav,,audio/x-wav,audio/isk_40_36.wav,,107064
12f6435bf32f2da2d91d3cc1055484bb,isk_40_36.mp3,,audio/mpeg,audio/isk_40_36.mp3,,27166
a0f92c1865bf6dc081b709ce2d5f49c6,dml_40_13.wav,,audio/x-wav,audio/dml_40_13.wav,,147160
8383e67c8c28f0fcd12f27fa267d4694,dml_40_13.mp3,,audio/mpeg,audio/dml_40_13.mp3,,35525
d27db2f5a0a3fa88bc71a0989e91c20b,scl_i_40_37.wav,,audio/x-wav,audio/scl_i_40_37.wav,,144184
0a618224a62f38fadaa1303d2d8dbeea,scl_i_40_37.mp3,,audio/mpeg,audio/scl_i_40_37.mp3,,35525
0e950231d34203064f86bc55395013e7,hno_40_18.wav,,audio/x-wav,audio/hno_40_18.wav,,94152
1fca79d97fc47502a33d180b5aca0678,hno_40_18.mp3,,audio/mpeg,audio/hno_40_18.mp3,,24031
600b05dd83efeeefa50e48bb04ebba38,bft_40_06.wav,,audio/x-wav,audio/bft_40_06.wav,,118792
ece3af36b1e8fb6c08ae9371c47cbc45,bft_40_06.mp3,,audio/mpeg,audio/bft_40_06.mp3,,29256
1300e8e83298eefed016c25ed5d0d5f6,glh_sn_40_26.wav,,audio/x-wav,audio/glh_sn_40_26.wav,,99160
969aebc0701c2402c5e1b7ec6e65b040,glh_sn_40_26.mp3,,audio/mpeg,audio/glh_sn_40_26.mp3,,25076
e22f8dba2344b711a18b569ee9adac82,prc_40_25.wav,,audio/x-wav,audio/prc_40_25.wav,,150720
599dd532b68c599bd25fbe84622d00b2,prc_40_25.mp3,,audio/mpeg,audio/prc_40_25.mp3,,36570
a86cac6dedf720a2809783f24bdc40da,sgh_r_40_12.wav,,audio/x-wav,audio/sgh_r_40_12.wav,,96164
ac7cf18b58a6d821bef4194659a11f1b,sgh_r_40_12.mp3,,audio/mpeg,audio/sgh_r_40_12.mp3,,24031
0931dcccf0e7d900803807de4d193431,khw_40_17.wav,,audio/x-wav,audio/khw_40_17.wav,,103884
b2e3bac6ed2d4e729c863f26ec524899,khw_40_17.mp3,,audio/mpeg,audio/khw_40_17.mp3,,26121
58fb3af0e45082b2de1a09cc436d7522,prs_d_40_06.wav,,audio/x-wav,audio/prs_d_40_06.wav,,102200
fe0135f0f95358f5b0cf5f7e933de9f6,prs_d_40_06.mp3,,audio/mpeg,audio/prs_d_40_06.mp3,,26121
818c4f7b6ab743ae85ccfc1bafaab423,hno_40_25.wav,,audio/x-wav,audio/hno_40_25.wav,,103996
713da5efc39cbe70d6f4095fca523ab8,hno_40_25.mp3,,audio/mpeg,audio/hno_40_25.mp3,,26121
c56d24c74408caaa4649406e314ff155,sgh_r_40_33.wav,,audio/x-wav,audio/sgh_r_40_33.wav,,114184
14f861dfa7ce963c9e9040d6ced054cd,sgh_r_40_33.mp3,,audio/mpeg,audio/sgh_r_40_33.mp3,,28211
adb3800ed70aa67f8c9cdebdf8432448,phr_40_39.wav,,audio/x-wav,audio/phr_40_39.wav,,149348
86347b875d59acdc7a0e615a962566a0,phr_40_39.mp3,,audio/mpeg,audio/phr_40_39.mp3,,36570
b92d94229adc37e52ea98ab173208e9c,kas_p_40_16.wav,,audio/x-wav,audio/kas_p_40_16.wav,,118092
5130c86e7c49e0bcaa334b4349fa3663,kas_p_40_16.mp3,,audio/mpeg,audio/kas_p_40_16.mp3,,29256
f3c34474173b49822a5c9ed3c8d7184d,mnj_40_08.wav,,audio/x-wav,audio/mnj_40_08.wav,,144840
51272907375838b4f200ee7d92b53e19,mnj_40_08.mp3,,audio/mpeg,audio/mnj_40_08.mp3,,35525
7f2c86ce99f22ea1a5705e6422552e8e,uzs_40_39.wav,,audio/x-wav,audio/uzs_40_39.wav,,134024
f630bfa52409e0310a25961f2b990d29,uzs_40_39.mp3,,audio/mpeg,audio/uzs_40_39.mp3,,33435
f2a79d4ada57f4da2b89452c794784e7,mnj_40_32.wav,,audio/x-wav,audio/mnj_40_32.wav,,140748
e13b6ab14bf4bdd3e36e413cce28df19,mnj_40_32.mp3,,audio/mpeg,audio/mnj_40_32.mp3,,34480
965467c27052e980278af4b5a79c839b,psh_ai_40_08.wav,,audio/x-wav,audio/psh_ai_40_08.wav,,118352
3f78d5c5278000f183df53281d67ba28,psh_ai_40_08.mp3,,audio/mpeg,audio/psh_ai_40_08.mp3,,29256
7781bd51a34aad8b4006750d7f9a5b22,gju_p_40_09.wav,,audio/x-wav,audio/gju_p_40_09.wav,,104532
e8d9c1d1458c939f13eb8444963cfa95,gju_p_40_09.mp3,,audio/mpeg,audio/gju_p_40_09.mp3,,26121
8563e93286dd9fc21038ba1e1e792679,plk_40_21.wav,,audio/x-wav,audio/plk_40_21.wav,,133644
c8673f174dd59d2b5f69bb6c27bba89a,plk_40_21.mp3,,audio/mpeg,audio/plk_40_21.mp3,,32391
2a5527c509b9cb7022f37065013093a3,aee_sh_40_01.wav,,audio/x-wav,audio/aee_sh_40_01.wav,,123352
bf0cf9e82c3712956b9eb6cd01f5d808,aee_sh_40_01.mp3,,audio/mpeg,audio/aee_sh_40_01.mp3,,30301
34b9379b72c47c3223b5c22a0216f84c,isk_40_40b.wav,,audio/x-wav,audio/isk_40_40b.wav,,149868
0b58fbb96de77fd4d713dc900e0a6343,isk_40_40b.mp3,,audio/mpeg,audio/isk_40_40b.mp3,,36570
f3f86db7db35a038fc82c214f2c0ded0,gwt_p_40_03.wav,,audio/x-wav,audio/gwt_p_40_03.wav,,140708
e1365ad6813d4fc684507e521c983b86,gwt_p_40_03.mp3,,audio/mpeg,audio/gwt_p_40_03.mp3,,34480
8faee7ffcbb36f7352892962e5809263,prs_d_40_38.wav,,audio/x-wav,audio/prs_d_40_38.wav,,110028
35290e853698437ab38bbc4c2dcd0af7,prs_d_40_38.mp3,,audio/mpeg,audio/prs_d_40_38.mp3,,27166
f2aec8f7523f8264af3452fdf61ad54c,aae_at_40_18.wav,,audio/x-wav,audio/aae_at_40_18.wav,,82720
b4a0b6b96e70d58a292fe3de4b12acfd,aae_at_40_18.mp3,,audio/mpeg,audio/aae_at_40_18.mp3,,20897
ac0bab13ca5708b99ce182ffcd110a60,phr_40_32.wav,,audio/x-wav,audio/phr_40_32.wav,,176732
804312af6fc4b73079c96f88a6c96b2a,phr_40_32.mp3,,audio/mpeg,audio/phr_40_32.mp3,,42840
5315cfc6416e076bf9c85678a12bdb85,sgh_a_40_06.wav,,audio/x-wav,audio/sgh_a_40_06.wav,,92832
d4fdb034c3bd49f5271d219da14c1087,sgh_a_40_06.mp3,,audio/mpeg,audio/sgh_a_40_06.mp3,,24031
bf3c13b841e03a2020ca63e5ecbb2acd,sgh_r_40_03.wav,,audio/x-wav,audio/sgh_r_40_03.wav,,162240
3b42db38b5036da163c3cca07c499176,sgh_r_40_03.mp3,,audio/mpeg,audio/sgh_r_40_03.mp3,,39705
9e5516ccc2ea19c5c64b0c0fb3ae91cd,aee_sh_40_39.wav,,audio/x-wav,audio/aee_sh_40_39.wav,,118752
dd42151bff99624773849fe771c6c104,aee_sh_40_39.mp3,,audio/mpeg,audio/aee_sh_40_39.mp3,,29256
6ea506c87742957832b644cf75e52fa3,psi_am_40_14.wav,,audio/x-wav,audio/psi_am_40_14.wav,,114956
29e68582fdc01d003659e47100db5be4,psi_am_40_14.mp3,,audio/mpeg,audio/psi_am_40_14.mp3,,28211
2ece82b00049aabbcf93022a812a4de7,gwt_a_40_38.wav,,audio/x-wav,audio/gwt_a_40_38.wav,,78776
9e851cfd2539a979f900d34543bbf79f,gwt_a_40_38.mp3,,audio/mpeg,audio/gwt_a_40_38.mp3,,20897
225ada78d3a2d26df126e82c551d0613,aee_ch_40_22.wav,,audio/x-wav,audio/aee_ch_40_22.wav,,96144
8e7556079c2c8d03c74df276eab285e0,aee_ch_40_22.mp3,,audio/mpeg,audio/aee_ch_40_22.mp3,,24031
cee2817542b2a738a7c44ffa9c475171,mnj_40_14.wav,,audio/x-wav,audio/mnj_40_14.wav,,196376
a60906e02fafb6bdcc4f70d4b31e728f,mnj_40_14.mp3,,audio/mpeg,audio/mnj_40_14.mp3,,47019
5d9e8202300f6cc92a7612b4fa2c856a,wbl_p_40_28.wav,,audio/x-wav,audio/wbl_p_40_28.wav,,139088
031be437c18a1a57fcdd50508087645b,wbl_p_40_28.mp3,,audio/mpeg,audio/wbl_p_40_28.mp3,,34480
c9fad54850fb2313a62af04c3f1e8681,plk_40_05.wav,,audio/x-wav,audio/plk_40_05.wav,,126636
2d626db9a801c33f1ed327bccc8514c2,plk_40_05.mp3,,audio/mpeg,audio/plk_40_05.mp3,,31346
4d918b25fba9598d32ea6b86207ab3a1,pbu_a_40_39.wav,,audio/x-wav,audio/pbu_a_40_39.wav,,112896
a5fbf82628451e20db7c3bb5b7f31e1b,pbu_a_40_39.mp3,,audio/mpeg,audio/pbu_a_40_39.mp3,,28211
be1ab9b9b096027d184f46b41f666f39,gju_p_40_27.wav,,audio/x-wav,audio/gju_p_40_27.wav,,134580
ecb57322bf7b19a6ec16bfea4671ac44,gju_p_40_27.mp3,,audio/mpeg,audio/gju_p_40_27.mp3,,33435
3e8f19c4a1f2859c57cbae31b75665ef,ydg_40_15.mp3,,audio/mpeg,audio/ydg_40_15.mp3,,28211
aee3d01d1a0cac155ef640d3d7c775fb,ydg_40_15.wav,,audio/x-wav,audio/ydg_40_15.wav,,113884
d204fa473292e2badb4b4de28f0d76e7,bsk_n_40_16a.wav,,audio/x-wav,audio/bsk_n_40_16a.wav,,130416
5c59e77039892a76c4581c70b8a9cd49,bsk_n_40_16a.mp3,,audio/mpeg,audio/bsk_n_40_16a.mp3,,32391
d6d0eb0663a1de7c92bb58d284d727a8,wbl_p_40_33.wav,,audio/x-wav,audio/wbl_p_40_33.wav,,114652
bdfde350ec6cfe0a22916b0b54f9f6e9,wbl_p_40_33.mp3,,audio/mpeg,audio/wbl_p_40_33.mp3,,28211
4ed643398735776240631e75941a1f3c,phr_40_28.wav,,audio/x-wav,audio/phr_40_28.wav,,145812
63ac1a5a2a78328d50717d2dcc8733a6,phr_40_28.mp3,,audio/mpeg,audio/phr_40_28.mp3,,35525
cddaed5da8117b9ccc624364b4f17517,aee_ch_40_02.wav,,audio/x-wav,audio/aee_ch_40_02.wav,,124444
6e96933dea36ac93b102900e98e68564,aee_ch_40_02.mp3,,audio/mpeg,audio/aee_ch_40_02.mp3,,30301
513a5128b1aad876740426b9e25003ec,sgh_r_40_29.wav,,audio/x-wav,audio/sgh_r_40_29.wav,,147824
b8fa5656e5b734b78c14d44a2ed9db53,sgh_r_40_29.mp3,,audio/mpeg,audio/sgh_r_40_29.mp3,,36570
dbed41e24a0dec9b5d3cc5e596fe9bf9,wbl_p_40_16.wav,,audio/x-wav,audio/wbl_p_40_16.wav,,134032
5a0c2a72a353f0361f2c64264aea31e1,wbl_p_40_16.mp3,,audio/mpeg,audio/wbl_p_40_16.mp3,,33435
94014119da0a6e02ec24587593032246,gju_p_40_30.wav,,audio/x-wav,audio/gju_p_40_30.wav,,144144
02e3005564ff40755b544842259adb40,gju_p_40_30.mp3,,audio/mpeg,audio/gju_p_40_30.mp3,,35525
0ba426c0d0051e03ad533b9aa43933c4,wbl_p_40_39.wav,,audio/x-wav,audio/wbl_p_40_39.wav,,117180
dd4f6a0698964385bfdc1ab862b8e3d3,wbl_p_40_39.mp3,,audio/mpeg,audio/wbl_p_40_39.mp3,,29256
31e8c84a6f914cf07ff4c1d11fa7a1d7,sgy_40_36.wav,,audio/x-wav,audio/sgy_40_36.wav,,155840
f0f3f343c2d6a94c67ee98f68d27bd30,sgy_40_36.mp3,,audio/mpeg,audio/sgy_40_36.mp3,,37615
44d3861b19e3a56c1519b04ee76763b8,aae_at_40_20.wav,,audio/x-wav,audio/aae_at_40_20.wav,,127144
e9cd3b24e20a1187a874cfd39095e6df,aae_at_40_20.mp3,,audio/mpeg,audio/aae_at_40_20.mp3,,31346
3628b30110b9b2156f1e32bf5bd47a35,prc_40_06.wav,,audio/x-wav,audio/prc_40_06.wav,,131212
3088d39065cbab07fea8711b96664994,prc_40_06.mp3,,audio/mpeg,audio/prc_40_06.mp3,,32391
8ba8389f347e0695772cca8b1c8e8aa3,bft_40_14.wav,,audio/x-wav,audio/bft_40_14.wav,,163712
f939299a563e44c567a5d1483b8a6849,bft_40_14.mp3,,audio/mpeg,audio/bft_40_14.mp3,,39705
0472b604416894255d850a83009be70a,btv_40_18.wav,,audio/x-wav,audio/btv_40_18.wav,,91176
b9316feff13d5dfb8ecb52f571a42dff,btv_40_18.mp3,,audio/mpeg,audio/btv_40_18.mp3,,22986
e86392e61c1e092d7d6a2356c5ccedd4,sdg_40_03.wav,,audio/x-wav,audio/sdg_40_03.wav,,135816
69800b6a8f8f76ab841d9ba65c10c8d0,sdg_40_03.mp3,,audio/mpeg,audio/sdg_40_03.mp3,,33435
6fc617ca9c6da4c409bbb5d0dac173c6,pbu_a_40_17.wav,,audio/x-wav,audio/pbu_a_40_17.wav,,140276
83ab5c5a9ab26944fc1eef7fa40d58fe,pbu_a_40_17.mp3,,audio/mpeg,audio/pbu_a_40_17.mp3,,34480
0b77b7b32b93b19d23196e3e9894ecf8,sgy_40_05.wav,,audio/x-wav,audio/sgy_40_05.wav,,173644
559b8de2c0740a0fb7b21a629ef47fc0,sgy_40_05.mp3,,audio/mpeg,audio/sgy_40_05.mp3,,41795
df1eb1af31568988f242a97a4233dc01,glh_sn_40_03.wav,,audio/x-wav,audio/glh_sn_40_03.wav,,109632
00a67714aae8e8ffe00bbdfa20d8f94a,glh_sn_40_03.mp3,,audio/mpeg,audio/glh_sn_40_03.mp3,,27166
bcb256cfe6a46ab26a08034dbbeb2bfd,isk_40_08.wav,,audio/x-wav,audio/isk_40_08.wav,,113008
823a8c0c6f5b5a9780c8e36675e55a81,isk_40_08.mp3,,audio/mpeg,audio/isk_40_08.mp3,,28211
2124b0ba669e04ad6679cfccc23cee7c,mvy_40_33.wav,,audio/x-wav,audio/mvy_40_33.wav,,161896
c1840e23162bec82ab2a3697e44630c9,mvy_40_33.mp3,,audio/mpeg,audio/mvy_40_33.mp3,,39705
56904bc45e974f89752d7e587075877c,aee_kg_40_07.wav,,audio/x-wav,audio/aee_kg_40_07.wav,,94136
75867b3bba658c290d4e8040456df2a7,aee_kg_40_07.mp3,,audio/mpeg,audio/aee_kg_40_07.mp3,,24031
7331e32d36ca49c1d0f49f482b0d102a,aae_at_40_30.wav,,audio/x-wav,audio/aae_at_40_30.wav,,70072
14d82b22b029ac1538a90d7d31c1315e,aae_at_40_30.mp3,,audio/mpeg,audio/aae_at_40_30.mp3,,18807
47c859189559fa3c0a5b5f852f1ce96f,bft_40_40b.wav,,audio/x-wav,audio/bft_40_40b.wav,,142544
b219b164163d5a65006e3ba86c7e92ff,bft_40_40b.mp3,,audio/mpeg,audio/bft_40_40b.mp3,,34480
5cbed6503bd98167beec7453d5157caf,kas_i_40_12.wav,,audio/x-wav,audio/kas_i_40_12.wav,,128764
5e7a821e61ca41e8303c803347a3a1b7,kas_i_40_12.mp3,,audio/mpeg,audio/kas_i_40_12.mp3,,31346
12800b1ba58f0b1476252a4d1c730f31,ydg_40_20.mp3,,audio/mpeg,audio/ydg_40_20.mp3,,31346
3e9d02c195f351daf06e87d7ada7eb5d,ydg_40_20.wav,,audio/x-wav,audio/ydg_40_20.wav,,128012
f32ecf8274b14d35e28f4abc4c21639f,ush_40_10.wav,,audio/x-wav,audio/ush_40_10.wav,,132620
3e880d73faad821ee9a44f0b301f3ccb,ush_40_10.mp3,,audio/mpeg,audio/ush_40_10.mp3,,32391
ab86a4c9d2d0f74ae3dac52784fe144d,mnj_40_22.wav,,audio/x-wav,audio/mnj_40_22.wav,,122752
8d859fed22951de4f19a70cfb11e14ec,mnj_40_22.mp3,,audio/mpeg,audio/mnj_40_22.mp3,,30301
3068d7aa6212e36ae949edf37a34cce3,aee_kg_40_21.wav,,audio/x-wav,audio/aee_kg_40_21.wav,,100236
976fbd4f3ef0ef3eff106086e174bd42,aee_kg_40_21.mp3,,audio/mpeg,audio/aee_kg_40_21.mp3,,25076
94218c1a02f4448578f3bc10a81c337b,phl_40_12.wav,,audio/x-wav,audio/phl_40_12.wav,,71440
52aac373eedb098af4346a24d7aa60b1,phl_40_12.mp3,,audio/mpeg,audio/phl_40_12.mp3,,18807
9c4d5b2c7be93bafc554c46d87a76281,ask_40_11.wav,,audio/x-wav,audio/ask_40_11.wav,,113940
3d90ce98db124e7d9adda5f0ebc07215,ask_40_11.mp3,,audio/mpeg,audio/ask_40_11.mp3,,28211
cfb5130c8ce92535acb279f09004ae01,kir_40_21.wav,,audio/x-wav,audio/kir_40_21.wav,,97832
909b27b0af42b81753d92b0cb498e8e6,kir_40_21.mp3,,audio/mpeg,audio/kir_40_21.mp3,,25076
44e830970c568eb4a030d7e42522677c,bsh_e_40_33.wav,,audio/x-wav,audio/bsh_e_40_33.wav,,116100
52f5a9ec31af2a9772e259536291b34f,bsh_e_40_33.mp3,,audio/mpeg,audio/bsh_e_40_33.mp3,,29256
2139062967bb4d7ae2793e9471a76a4f,sgh_r_40_02.wav,,audio/x-wav,audio/sgh_r_40_02.wav,,149628
7bbd5aeee61f06ebcc5cb4d3ec722cac,sgh_r_40_02.mp3,,audio/mpeg,audio/sgh_r_40_02.mp3,,36570
0c76469941577ea54f56fd7a28a04a0d,kas_i_40_31.wav,,audio/x-wav,audio/kas_i_40_31.wav,,124272
73a240d1314763104f7d23300e5866ed,kas_i_40_31.mp3,,audio/mpeg,audio/kas_i_40_31.mp3,,30301
08f696d29376252778ef3feeefe929ec,plk_40_23.wav,,audio/x-wav,audio/plk_40_23.wav,,131020
a78442c3f2548c3a438c692dc634b838,plk_40_23.mp3,,audio/mpeg,audio/plk_40_23.mp3,,32391
d80aaa49a41099df5c8ff71ac5e1e52e,psh_ai_40_04.wav,,audio/x-wav,audio/psh_ai_40_04.wav,,109248
6f39eaeb921bf0d8e947b08e8b85a46c,psh_ai_40_04.mp3,,audio/mpeg,audio/psh_ai_40_04.mp3,,27166
fc7195935ad4bab04583113273a367fe,glh_ag_40_18.wav,,audio/x-wav,audio/glh_ag_40_18.wav,,107252
069a0481633f021ac6bbb96dd1bd8a96,glh_ag_40_18.mp3,,audio/mpeg,audio/glh_ag_40_18.mp3,,27166
8ed98b6084e7311784cf0f10b233f222,aee_sh_40_30.wav,,audio/x-wav,audio/aee_sh_40_30.wav,,95012
8766b3d7359881e1878e817e6698686e,aee_sh_40_30.mp3,,audio/mpeg,audio/aee_sh_40_30.mp3,,24031
ed99974efd5d6801afd7fae7d75543b2,psi_ar_40_32.wav,,audio/x-wav,audio/psi_ar_40_32.wav,,100388
085631848c6c0f75a767cfe48945363d,psi_ar_40_32.mp3,,audio/mpeg,audio/psi_ar_40_32.mp3,,25076
f3ddf51e637fcb30e7c325e0570c4223,uzs_40_18.wav,,audio/x-wav,audio/uzs_40_18.wav,,116516
ce22c18446d68b751b205d068904286c,uzs_40_18.mp3,,audio/mpeg,audio/uzs_40_18.mp3,,29256
b8bea01000c456beecb81992a97b1a1f,psi_am_40_10.wav,,audio/x-wav,audio/psi_am_40_10.wav,,138464
4f0a269fc7d552ec0e1a27e89c11035a,psi_am_40_10.mp3,,audio/mpeg,audio/psi_am_40_10.mp3,,34480
d4afba144ef36388a5de6809fc4fdc6b,aae_at_40_09.wav,,audio/x-wav,audio/aae_at_40_09.wav,,88888
ee81db3f5e48c77ef5da95998336b357,aae_at_40_09.mp3,,audio/mpeg,audio/aae_at_40_09.mp3,,22986
ac09f51a85af107fadc9f066c8f72af0,kas_i_40_17.wav,,audio/x-wav,audio/kas_i_40_17.wav,,86856
e33323e1fcf6dd8b01d457797a26ade6,kas_i_40_17.mp3,,audio/mpeg,audio/kas_i_40_17.mp3,,21942
13df5baab82f56681c3eb0c333635dc4,btv_40_40.wav,,audio/x-wav,audio/btv_40_40.wav,,109668
c363aa9941f3c0b5b5c5e8d60a9788ad,btv_40_40.mp3,,audio/mpeg,audio/btv_40_40.mp3,,27166
f9a1f3e8594c8c9bd67d10b8cdd54fd1,isk_40_24.wav,,audio/x-wav,audio/isk_40_24.wav,,111224
45c6ed8889d464ae9c97a4f1ff3dbd1b,isk_40_24.mp3,,audio/mpeg,audio/isk_40_24.mp3,,28211
8dbdce7df5001cef091f563f0f439fa4,prn_40_05.wav,,audio/x-wav,audio/prn_40_05.wav,,138460
6c8e5ae64164d51a2e4c4bf57db07607,prn_40_05.mp3,,audio/mpeg,audio/prn_40_05.mp3,,34480
ac1317a501ec99d68e77f175dbee186f,psi_am_40_06.wav,,audio/x-wav,audio/psi_am_40_06.wav,,129324
4c1196df575b007fcb0fadc4fd8e51b1,psi_am_40_06.mp3,,audio/mpeg,audio/psi_am_40_06.mp3,,32391
32e79adc2c173fc7a29b6b96f1947e8b,bsk_n_40_28.wav,,audio/x-wav,audio/bsk_n_40_28.wav,,151692
41346d8fe5e1e450ef313fa200431e1b,bsk_n_40_28.mp3,,audio/mpeg,audio/bsk_n_40_28.mp3,,36570
ab02cd96dfa0badbb44b8a037715a97f,scl_p_40_37.wav,,audio/x-wav,audio/scl_p_40_37.wav,,116576
4aac43f6c35233d416d7c66eaccc0860,scl_p_40_37.mp3,,audio/mpeg,audio/scl_p_40_37.mp3,,29256
3286bbdce499c45b9e1acf2c0eb1e95a,pbu_a_40_05.wav,,audio/x-wav,audio/pbu_a_40_05.wav,,146952
eb49d3f2e6c45d342bd2bda6925c3aa8,pbu_a_40_05.mp3,,audio/mpeg,audio/pbu_a_40_05.mp3,,35525
6d37545e5903ba6002b5ed9024c36c94,gwt_p_40_11.wav,,audio/x-wav,audio/gwt_p_40_11.wav,,162052
31ed5ed690e841456855a8fd7769553b,gwt_p_40_11.mp3,,audio/mpeg,audio/gwt_p_40_11.mp3,,39705
d2be0f8e9da399bedada3e1d89093b84,scl_i_40_21.wav,,audio/x-wav,audio/scl_i_40_21.wav,,136744
130e61f589454bf0def50d38c148f047,scl_i_40_21.mp3,,audio/mpeg,audio/scl_i_40_21.mp3,,33435
a37f9a242876f381074cd546b574b818,gwc_40_29.wav,,audio/x-wav,audio/gwc_40_29.wav,,144012
b5529d590ec8feff15960f11af430587,gwc_40_29.mp3,,audio/mpeg,audio/gwc_40_29.mp3,,35525
580b90a887e0c9311f40f5171a542c04,khw_40_03.wav,,audio/x-wav,audio/khw_40_03.wav,,72388
1b5e52d2dc85b5117ef80dd5886ebbd7,khw_40_03.mp3,,audio/mpeg,audio/khw_40_03.mp3,,18807
76b83fee0d0e46f2197e50a019395675,aae_at_40_29.wav,,audio/x-wav,audio/aae_at_40_29.wav,,106476
ff81a6b3d657548c5de68e4abddb5730,aae_at_40_29.mp3,,audio/mpeg,audio/aae_at_40_29.mp3,,27166
71440cbd6a7cb663c0bdd8937690e3a4,bsh_e_40_10.wav,,audio/x-wav,audio/bsh_e_40_10.wav,,128104
38e42f1376c86c0339f35bc30e4fbc8e,bsh_e_40_10.mp3,,audio/mpeg,audio/bsh_e_40_10.mp3,,31346
93e9d06d0d70fa5fbeedf3ead12231de,btv_40_10.wav,,audio/x-wav,audio/btv_40_10.wav,,110988
75d400b1e8334c42548c897dd7ca4a4b,btv_40_10.mp3,,audio/mpeg,audio/btv_40_10.mp3,,28211
bacc6eec8cb7cf1d64f96244cebc776f,gju_a_40_11.wav,,audio/x-wav,audio/gju_a_40_11.wav,,134920
cd49edb391e4c05099c48c84c8fc5b9d,gju_a_40_11.mp3,,audio/mpeg,audio/gju_a_40_11.mp3,,33435
252cbdfd4ed8d11446302c7ffb0e69ee,aee_ch_40_25.wav,,audio/x-wav,audio/aee_ch_40_25.wav,,117960
fc29a660fbf2dea65f3cd0fbd01e3e03,aee_ch_40_25.mp3,,audio/mpeg,audio/aee_ch_40_25.mp3,,29256
831c9084907b5d58e40c795a898acada,aae_at_40_34.wav,,audio/x-wav,audio/aae_at_40_34.wav,,90740
262978a0e5a13ac0e7676015796b8701,aae_at_40_34.mp3,,audio/mpeg,audio/aae_at_40_34.mp3,,22986
fdeeb1fcc11026b15637aef332a21d48,glh_ag_40_15.wav,,audio/x-wav,audio/glh_ag_40_15.wav,,162664
315f3ef261b02f92a55e73a7d4ed31ef,glh_ag_40_15.mp3,,audio/mpeg,audio/glh_ag_40_15.mp3,,39705
dd9ce1511467f921dff2ed0ccd744d02,prs_d_40_22.wav,,audio/x-wav,audio/prs_d_40_22.wav,,128428
c74bec231fbcdaa3d278baaad60f56f3,prs_d_40_22.mp3,,audio/mpeg,audio/prs_d_40_22.mp3,,31346
9e9d307e5ba1f411fedbf38006dbb9aa,scl_p_40_25.wav,,audio/x-wav,audio/scl_p_40_25.wav,,137364
dec5d3a96773f7a34403dd72aeea9e0d,scl_p_40_25.mp3,,audio/mpeg,audio/scl_p_40_25.mp3,,33435
606f7982a0c4e79cbc6e9d348fcb2d40,aee_kg_40_08.wav,,audio/x-wav,audio/aee_kg_40_08.wav,,106336
de084e7a7919f7594326613cab621726,aee_kg_40_08.mp3,,audio/mpeg,audio/aee_kg_40_08.mp3,,27166
68892f2e657df6da85e1f263a60c9213,gwt_p_40_08.wav,,audio/x-wav,audio/gwt_p_40_08.wav,,138768
b9141848fe75711a42fce984ca622202,gwt_p_40_08.mp3,,audio/mpeg,audio/gwt_p_40_08.mp3,,34480
2a7469cbcb25d240f5e48c8a552dbdae,psi_ar_40_02.wav,,audio/x-wav,audio/psi_ar_40_02.wav,,123548
d481e6a2dadad6417448e5cca90fcce2,psi_ar_40_02.mp3,,audio/mpeg,audio/psi_ar_40_02.mp3,,30301
8d4ba8dc925ff3bd2654e89f7d6a1e00,prx_40_25.wav,,audio/x-wav,audio/prx_40_25.wav,,63788
27126db1c4b19ac733c0e4a7e41e829b,prx_40_25.mp3,,audio/mpeg,audio/prx_40_25.mp3,,16717
fe98c23a9068c5045f263e0ff2e0e032,bft_40_07.wav,,audio/x-wav,audio/bft_40_07.wav,,127572
5c7b4a3048e86d3111270bcd8d480582,bft_40_07.mp3,,audio/mpeg,audio/bft_40_07.mp3,,31346
860304b87e8cf6bac6afb1c57700b8f9,bft_40_22a.wav,,audio/x-wav,audio/bft_40_22a.wav,,139960
8d60da1533feb699053dbd22e87af38d,bft_40_22a.mp3,,audio/mpeg,audio/bft_40_22a.mp3,,34480
dfdb0362ed47dc7d9cb46c1d92542a69,psh_ai_40_34.wav,,audio/x-wav,audio/psh_ai_40_34.wav,,123404
8b0aeb5bb0b528c23bdc72c5b2a637e2,psh_ai_40_34.mp3,,audio/mpeg,audio/psh_ai_40_34.mp3,,30301
451d77b6247b001f33a0f3acf453cf33,aae_at_40_39.wav,,audio/x-wav,audio/aae_at_40_39.wav,,60200
90478ffcb40bf26b74aa405224705ee2,aae_at_40_39.mp3,,audio/mpeg,audio/aae_at_40_39.mp3,,16717
3ec479a4eb475fa6fc03b764343c3c57,dml_40_11.wav,,audio/x-wav,audio/dml_40_11.wav,,146572
a67480cc78224928cc718ac4d19dcbce,dml_40_11.mp3,,audio/mpeg,audio/dml_40_11.mp3,,35525
217bc846323abc6e46288a541b1e5715,scl_i_40_15.wav,,audio/x-wav,audio/scl_i_40_15.wav,,120932
5432f8dfb50a3160139b5f6bd03a387a,scl_i_40_15.mp3,,audio/mpeg,audio/scl_i_40_15.mp3,,30301
e63ce830e83ee5a1cf3559bcd6075969,aee_sh_40_08.wav,,audio/x-wav,audio/aee_sh_40_08.wav,,111092
c2ac9d67144a07f223f4ea89e964f57e,aee_sh_40_08.mp3,,audio/mpeg,audio/aee_sh_40_08.mp3,,28211
ec34bbab803d932fe1d3655d91ea167d,gwc_40_18.wav,,audio/x-wav,audio/gwc_40_18.wav,,86884
cb558e7f240421a9384857fb1cee7d3a,gwc_40_18.mp3,,audio/mpeg,audio/gwc_40_18.mp3,,21942
a08637094e8af1f19c3d897ba8ec9d7e,pbu_a_40_40.wav,,audio/x-wav,audio/pbu_a_40_40.wav,,70828
4da55dca011112c008969272ac0d8d4d,pbu_a_40_40.mp3,,audio/mpeg,audio/pbu_a_40_40.mp3,,18807
4115b4f8f5fdbcf478aecfc8c1c5db72,glh_ag_40_07b.wav,,audio/x-wav,audio/glh_ag_40_07b.wav,,103652
b147b578b725735e8378ef6e93743e5d,glh_ag_40_07b.mp3,,audio/mpeg,audio/glh_ag_40_07b.mp3,,26121
696e92f098a250207821b54f644b024f,bsk_h_40_09.wav,,audio/x-wav,audio/bsk_h_40_09.wav,,125588
13640904b178aad1a83e464e7e506ce1,bsk_h_40_09.mp3,,audio/mpeg,audio/bsk_h_40_09.mp3,,31346
ebecc132e9df0237e1c6acd504633a23,shd_40_28.wav,,audio/x-wav,audio/shd_40_28.wav,,135364
b6eec67c5d152e3aff49f863106ad162,shd_40_28.mp3,,audio/mpeg,audio/shd_40_28.mp3,,33435
d1214f2c586fdda2993f8a8364fa2321,kls_40_21.wav,,audio/x-wav,audio/kls_40_21.wav,,206684
d776af3c8b14bd9147571043666802b0,kls_40_21.mp3,,audio/mpeg,audio/kls_40_21.mp3,,49109
586973a1c8edc83a12372a6f7e10139a,uzs_40_15.wav,,audio/x-wav,audio/uzs_40_15.wav,,150008
8f2863ce5b9f0cdcbf0b69e107d20548,uzs_40_15.mp3,,audio/mpeg,audio/uzs_40_15.mp3,,36570
ecd1dd16dc6dc2d8366f12945b05f918,phr_40_16.wav,,audio/x-wav,audio/phr_40_16.wav,,135212
7c931c16671e0bc25405dfd1028d7c4a,phr_40_16.mp3,,audio/mpeg,audio/phr_40_16.mp3,,33435
52e1e0839c4769a0a781d2abfd3c81e2,aee_kg_40_03.wav,,audio/x-wav,audio/aee_kg_40_03.wav,,108076
baaadc013cfa36523ccd833e2d49932e,aee_kg_40_03.mp3,,audio/mpeg,audio/aee_kg_40_03.mp3,,27166
011da2ea7ea04fa04f42ae44125f944e,pbu_i_40_33.wav,,audio/x-wav,audio/pbu_i_40_33.wav,,173188
bc4fac4057d4cfd995da97fb9b0ee5dd,pbu_i_40_33.mp3,,audio/mpeg,audio/pbu_i_40_33.mp3,,41795
bce68d2bf9860b2dcf3fbc87e74c75a1,phr_40_23.wav,,audio/x-wav,audio/phr_40_23.wav,,147580
55f37856f1de55adf3c0a9f8cfc7191d,phr_40_23.mp3,,audio/mpeg,audio/phr_40_23.mp3,,36570
5d6c26cdd8b0b3cf4412ab36e73099b8,bsh_e_40_29.wav,,audio/x-wav,audio/bsh_e_40_29.wav,,112100
ec62d72e131d39970e4ca0a7e9f02184,bsh_e_40_29.mp3,,audio/mpeg,audio/bsh_e_40_29.mp3,,28211
a5029295a3692941d75e8f50a0fc8b71,prs_d_40_27.wav,,audio/x-wav,audio/prs_d_40_27.wav,,90460
a7021cba0036f2fb2f25c9baa0485dd7,prs_d_40_27.mp3,,audio/mpeg,audio/prs_d_40_27.mp3,,22986
5fa5b5ef5a47dc71247cecb0fba32baf,scl_i_40_08.wav,,audio/x-wav,audio/scl_i_40_08.wav,,131164
aa8284ebf95c4c5410d903f602b7a5ed,scl_i_40_08.mp3,,audio/mpeg,audio/scl_i_40_08.mp3,,32391
d7644e56b995eafd7a4c4fa4d195d8b5,plk_40_14.wav,,audio/x-wav,audio/plk_40_14.wav,,194096
323a1189338f479833ba1eddc8054ae0,plk_40_14.mp3,,audio/mpeg,audio/plk_40_14.mp3,,47019
ee6df1f834908b61c3bf9625e3e199a7,aae_at_40_03.wav,,audio/x-wav,audio/aae_at_40_03.wav,,93824
5bfdad46217bf5a68acf2b4f8ba7129d,aae_at_40_03.mp3,,audio/mpeg,audio/aae_at_40_03.mp3,,24031
7950d64bb03065dcc702f3590054785b,aee_ch_40_27.wav,,audio/x-wav,audio/aee_ch_40_27.wav,,93788
13410211eb4455df67bab95fe43e3c68,aee_ch_40_27.mp3,,audio/mpeg,audio/aee_ch_40_27.mp3,,24031
ec7baf1f269454a33f905053c2f2acf6,ush_40_22.wav,,audio/x-wav,audio/ush_40_22.wav,,122848
0baca5021a2118874330563b87e09efa,ush_40_22.mp3,,audio/mpeg,audio/ush_40_22.mp3,,30301
215a2b722341766962c7cda86e267770,mnj_40_17.wav,,audio/x-wav,audio/mnj_40_17.wav,,161200
9ccd5a7266d79b1073f1d397ddc74d24,mnj_40_17.mp3,,audio/mpeg,audio/mnj_40_17.mp3,,38660
712ab24b27961e014824935e25284447,ask_40_18.wav,,audio/x-wav,audio/ask_40_18.wav,,91160
dc04c6381fc6b4387b4c789bfa154579,ask_40_18.mp3,,audio/mpeg,audio/ask_40_18.mp3,,22986
380a320c6071837a1af4a5ae44904f6f,kas_i_40_04b.wav,,audio/x-wav,audio/kas_i_40_04b.wav,,173664
b150473eada3fd64dc73e9bb32d3d249,kas_i_40_04b.mp3,,audio/mpeg,audio/kas_i_40_04b.mp3,,41795
318af9d34f24538a36c751d9c5cb6c2f,wbl_a_40_17.wav,,audio/x-wav,audio/wbl_a_40_17.wav,,137768
2e75ae84e38da78b96b9e60bd45f3ab1,wbl_a_40_17.mp3,,audio/mpeg,audio/wbl_a_40_17.mp3,,33435
b8cb1e9619f8c343a4d19c3c210beec8,pbu_p_40_39.wav,,audio/x-wav,audio/pbu_p_40_39.wav,,103788
93f7c751f95cef0942c810bc75ef673b,pbu_p_40_39.mp3,,audio/mpeg,audio/pbu_p_40_39.mp3,,26121
6d2f4ef5814375c59eb9b2dd97fa65e8,bsk_n_40_05.wav,,audio/x-wav,audio/bsk_n_40_05.wav,,187144
29a13fdd27654a86f521c2814022087c,bsk_n_40_05.mp3,,audio/mpeg,audio/bsk_n_40_05.mp3,,44929
eb141e3926b1be2c4e5379601805f2fd,isk_40_38.wav,,audio/x-wav,audio/isk_40_38.wav,,111224
e1b36cf87d1a9543333254cc45bd083f,isk_40_38.mp3,,audio/mpeg,audio/isk_40_38.mp3,,28211
e1765a6483497697e1cee8c26ab0be6a,ush_40_34.wav,,audio/x-wav,audio/ush_40_34.wav,,135676
721da40f9c2c8947a08da9ab13e5c6d4,ush_40_34.mp3,,audio/mpeg,audio/ush_40_34.mp3,,33435
5f9185f003b94b5543a85ed7651a2622,pbu_a_40_15.wav,,audio/x-wav,audio/pbu_a_40_15.wav,,106220
acbd2034846886f91cffe7ccd51355a1,pbu_a_40_15.mp3,,audio/mpeg,audio/pbu_a_40_15.mp3,,27166
cde9f547eb390261460c75ab83b26177,sgh_a_40_10.wav,,audio/x-wav,audio/sgh_a_40_10.wav,,137904
83e7638b1f35103feabcfce677aef4b0,sgh_a_40_10.mp3,,audio/mpeg,audio/sgh_a_40_10.mp3,,33435
6d1478108a0871957060f69bf3dd8013,wbk_40_14.wav,,audio/x-wav,audio/wbk_40_14.wav,,145696
cf3ba628f2366b6fd810dda2c8db274f,wbk_40_14.mp3,,audio/mpeg,audio/wbk_40_14.mp3,,35525
14e20d0a8ac53335ee03fa5cc29aa2b7,ydg_40_28.mp3,,audio/mpeg,audio/ydg_40_28.mp3,,30301
9f8ae1844070139d15f98cd60e324516,ydg_40_28.wav,,audio/x-wav,audio/ydg_40_28.wav,,123856
37ec3047cfcd6a09c8a9fbfca12af86c,psi_am_40_16.wav,,audio/x-wav,audio/psi_am_40_16.wav,,108432
2a74481b5212e1bfca6670e8a655eabe,psi_am_40_16.mp3,,audio/mpeg,audio/psi_am_40_16.mp3,,27166
0e60b1c028859ae5655de9915733662a,psi_am_40_23.wav,,audio/x-wav,audio/psi_am_40_23.wav,,137160
bfdaeaf90369df7c8712276d9452a0dc,psi_am_40_23.mp3,,audio/mpeg,audio/psi_am_40_23.mp3,,33435
da3e78a765ecf13ed131d1b47256efb2,gwc_40_40.wav,,audio/x-wav,audio/gwc_40_40.wav,,62888
87b43c431d1f84663be6812fe93775ba,gwc_40_40.mp3,,audio/mpeg,audio/gwc_40_40.mp3,,16717
22b8d6f4333b91476fe690cd3099dd0b,psi_am_40_39.wav,,audio/x-wav,audio/psi_am_40_39.wav,,103208
365126ca6d65c059110d0355b6e42acf,psi_am_40_39.mp3,,audio/mpeg,audio/psi_am_40_39.mp3,,26121
548803d6c98b10f4028489886a077cf4,shd_40_02.wav,,audio/x-wav,audio/shd_40_02.wav,,129952
806afce135878aabf61b4d6fb925ee71,shd_40_02.mp3,,audio/mpeg,audio/shd_40_02.mp3,,32391
695f8f9eb7d94a22534a8f9cbc490d8b,mvy_40_18.wav,,audio/x-wav,audio/mvy_40_18.wav,,103436
46bba90a80a834af47aa98a6fc37b81b,mvy_40_18.mp3,,audio/mpeg,audio/mvy_40_18.mp3,,26121
a88f606bd6dc9d2a633b66326fe43b0c,scl_i_40_04.wav,,audio/x-wav,audio/scl_i_40_04.wav,,101408
7294ff6ddbb21120eb284b4285757ffd,scl_i_40_04.mp3,,audio/mpeg,audio/scl_i_40_04.mp3,,25076
873def526e8d1c7d23498934c0b8b50e,xka_40_28.mp3,,audio/mpeg,audio/xka_40_28.mp3,,41795
b2140d9832f82430d8a59f4fc23585ba,xka_40_28.wav,,audio/x-wav,audio/xka_40_28.wav,,172888
3d25d6cf0b3dd5eff248c9cc918f175d,pbu_a_40_21.wav,,audio/x-wav,audio/pbu_a_40_21.wav,,96204
7c24c635b2d19d1303b1ed41595f3614,pbu_a_40_21.mp3,,audio/mpeg,audio/pbu_a_40_21.mp3,,24031
0e2896a86af3b5c87fb8bdf0eb54303e,prn_40_40.wav,,audio/x-wav,audio/prn_40_40.wav,,118308
56c03f930cfafc3bf1e3339f0db92f6e,prn_40_40.mp3,,audio/mpeg,audio/prn_40_40.mp3,,29256
6886bbc206c377ef707e3aeeb19f0523,glh_sn_40_35.wav,,audio/x-wav,audio/glh_sn_40_35.wav,,117308
44e3b1c66b33a0561d6b12b0ee7d2b07,glh_sn_40_35.mp3,,audio/mpeg,audio/glh_sn_40_35.mp3,,29256
5d078751b1523c1c69bfb42863d88c1c,pbu_i_40_12.wav,,audio/x-wav,audio/pbu_i_40_12.wav,,105372
a2faa5e16c7279b709ba0452aa837153,pbu_i_40_12.mp3,,audio/mpeg,audio/pbu_i_40_12.mp3,,26121
73019e87eb5602e5ef7c361f4c93cfa5,psi_ar_40_24.wav,,audio/x-wav,audio/psi_ar_40_24.wav,,105216
33b1a8551a188dad54d226f3f9f3afdd,psi_ar_40_24.mp3,,audio/mpeg,audio/psi_ar_40_24.mp3,,26121
889b8fa1680c25a1201e422ddfd68ffa,gwt_p_40_01.wav,,audio/x-wav,audio/gwt_p_40_01.wav,,144104
78c9816ee815e214719d666e44072f38,gwt_p_40_01.mp3,,audio/mpeg,audio/gwt_p_40_01.mp3,,35525
fd8a18b02d3661bb055388254284e980,prs_d_40_37.wav,,audio/x-wav,audio/prs_d_40_37.wav,,115116
fecc45ce2431e51bc1479e53cd1f4de6,prs_d_40_37.mp3,,audio/mpeg,audio/prs_d_40_37.mp3,,28211
95e0b749ce2c30bfcf0564e02bda4672,gju_p_40_28.wav,,audio/x-wav,audio/gju_p_40_28.wav,,116144
421114d93f510ff65b9b36f40fe61686,gju_p_40_28.mp3,,audio/mpeg,audio/gju_p_40_28.mp3,,29256
157bd5ad1aa9a0919f6ce9c387bd8fca,ush_40_16.wav,,audio/x-wav,audio/ush_40_16.wav,,110016
6ccf7bf11aeb5d48168c3e620b6b43b2,ush_40_16.mp3,,audio/mpeg,audio/ush_40_16.mp3,,27166
30851a61131bbef5578549d4daa47e16,prs_d_40_35.wav,,audio/x-wav,audio/prs_d_40_35.wav,,145256
fdd11194767c84aae5cc533bb420443f,prs_d_40_35.mp3,,audio/mpeg,audio/prs_d_40_35.mp3,,35525
8134454557976e4d64e1d928c8fc8479,scl_p_40_01.wav,,audio/x-wav,audio/scl_p_40_01.wav,,196996
473b18567e50afb76b0b14ab05406f53,scl_p_40_01.mp3,,audio/mpeg,audio/scl_p_40_01.mp3,,47019
019095a6b405b8a0b3ac3cc7ec92a8fd,bsk_h_40_06.wav,,audio/x-wav,audio/bsk_h_40_06.wav,,99540
978c2509e15d628921f8d4bcd299eced,bsk_h_40_06.mp3,,audio/mpeg,audio/bsk_h_40_06.mp3,,25076
0db108e5957c70e820a53ffd7ecf216c,kas_i_40_05.wav,,audio/x-wav,audio/kas_i_40_05.wav,,106312
d771148997b5025fd128f3b972afa49a,kas_i_40_05.mp3,,audio/mpeg,audio/kas_i_40_05.mp3,,27166
bbd8f98675c3b6eaee1c0d8e0460846b,btv_40_25.wav,,audio/x-wav,audio/btv_40_25.wav,,190236
3716def4a5a8f299e60ac076152b4179,btv_40_25.mp3,,audio/mpeg,audio/btv_40_25.mp3,,45974
00d7bfb53efdd5c4ccddf36cb0d2e55e,phl_40_05.wav,,audio/x-wav,audio/phl_40_05.wav,,141136
67bbb718a2b204c472648cadfa610ec7,phl_40_05.mp3,,audio/mpeg,audio/phl_40_05.mp3,,34480
38879cf58c7bde1e0e31452a66cb5a50,sdg_40_29.wav,,audio/x-wav,audio/sdg_40_29.wav,,147820
ca8e757d8ee2161a8ed57aa5adfbef6f,sdg_40_29.mp3,,audio/mpeg,audio/sdg_40_29.mp3,,36570
461fb138f5d816083ac8a639f1006428,wbl_p_40_30.wav,,audio/x-wav,audio/wbl_p_40_30.wav,,102852
8429e57987e16b13eed5df16a3474f80,wbl_p_40_30.mp3,,audio/mpeg,audio/wbl_p_40_30.mp3,,26121
88b0d0c60350dddc647a971f768bb1a8,prc_40_05.wav,,audio/x-wav,audio/prc_40_05.wav,,98832
dc9edf185c27e845dbab984e30c2b597,prc_40_05.mp3,,audio/mpeg,audio/prc_40_05.mp3,,25076
334c2c3707c5ddd18dcb21c186db391a,pbu_p_40_15.wav,,audio/x-wav,audio/pbu_p_40_15.wav,,145784
bf1f1a320a1ec1f198ddbff9730f79fc,pbu_p_40_15.mp3,,audio/mpeg,audio/pbu_p_40_15.mp3,,35525
6482faba61e40f0e402282d268f95e40,wbl_p_40_12.wav,,audio/x-wav,audio/wbl_p_40_12.wav,,130664
6a69974667d655505aab992b519a1b6e,wbl_p_40_12.mp3,,audio/mpeg,audio/wbl_p_40_12.mp3,,32391
21d35ccca6a63f3416580fe364742bed,gwt_p_40_07.wav,,audio/x-wav,audio/gwt_p_40_07.wav,,88324
6816c79771e40e983d12b9eeff9f19e4,gwt_p_40_07.mp3,,audio/mpeg,audio/gwt_p_40_07.mp3,,22986
a3ba33d5c968cb7078f17d8ff1228d0a,lbj_40_17.wav,,audio/x-wav,audio/lbj_40_17.wav,,115768
97560c9428079c0ccfda4e65f9965cde,lbj_40_17.mp3,,audio/mpeg,audio/lbj_40_17.mp3,,29256
36c45ac58f8093355b6f328a098414f1,psh_ai_40_09.wav,,audio/x-wav,audio/psh_ai_40_09.wav,,130484
2de14b01e43cc9cf011baf9df6358ba0,psh_ai_40_09.mp3,,audio/mpeg,audio/psh_ai_40_09.mp3,,32391
e19849fd49e9bd7b3811b7b4a6e69f08,gwt_p_40_06.wav,,audio/x-wav,audio/gwt_p_40_06.wav,,151380
dcf43774609400648e6909e2506a2a72,gwt_p_40_06.mp3,,audio/mpeg,audio/gwt_p_40_06.mp3,,36570
68c197ea8fc58622d32760f72c5647c9,sgy_40_10.wav,,audio/x-wav,audio/sgy_40_10.wav,,203528
dd2d132a9226f7cfe023f03b14442e66,sgy_40_10.mp3,,audio/mpeg,audio/sgy_40_10.mp3,,49109
96457f0fd0cd23883d5b23f5fd1620e1,kls_40_28.wav,,audio/x-wav,audio/kls_40_28.wav,,168384
cc43f04a149553ab75bcc0c45509cbe2,kls_40_28.mp3,,audio/mpeg,audio/kls_40_28.mp3,,40750
83360a7300ab44678d7b2ceaa724b2f5,wbl_a_40_16.wav,,audio/x-wav,audio/wbl_a_40_16.wav,,112684
1942f9e0c83a88d8c668d336cca572f3,wbl_a_40_16.mp3,,audio/mpeg,audio/wbl_a_40_16.mp3,,28211
902e37f2c78ae39a0bbbf7958866826a,kas_p_40_01.wav,,audio/x-wav,audio/kas_p_40_01.wav,,114188
e89dae5282d52e63b86eb49d5cedddf3,kas_p_40_01.mp3,,audio/mpeg,audio/kas_p_40_01.mp3,,28211
01c1973878e6ab0d581d3399f7206f90,gju_p_40_39.wav,,audio/x-wav,audio/gju_p_40_39.wav,,152336
dbabf418da12390d4513dc0d950961e2,gju_p_40_39.mp3,,audio/mpeg,audio/gju_p_40_39.mp3,,37615
996d157bf7aaf08c6858784e1d821633,scl_i_40_34.wav,,audio/x-wav,audio/scl_i_40_34.wav,,113496
342ca84d1e59bfb4f29dd846024642b8,scl_i_40_34.mp3,,audio/mpeg,audio/scl_i_40_34.mp3,,28211
d7e5f290c83207573d4eabe6cc6a2f1b,prc_40_40.wav,,audio/x-wav,audio/prc_40_40.wav,,94684
6ce9b52b23018d5405f0703b65577ae6,prc_40_40.mp3,,audio/mpeg,audio/prc_40_40.mp3,,24031
cd22e4cf66300c4716eb24233447c9f1,ydg_40_11.mp3,,audio/mpeg,audio/ydg_40_11.mp3,,24031
e38ff3dcc4c9f230e491fa2df9774293,ydg_40_11.wav,,audio/x-wav,audio/ydg_40_11.wav,,95604
83a63bae1fb2f86c47ee0cb31f2aaba0,scl_i_40_32.wav,,audio/x-wav,audio/scl_i_40_32.wav,,94896
2a24a1487e07a4cc868661f5d990d96e,scl_i_40_32.mp3,,audio/mpeg,audio/scl_i_40_32.mp3,,24031
9c7f8323fc4d9f2b362cdfef98cc5520,aee_kg_40_40.wav,,audio/x-wav,audio/aee_kg_40_40.wav,,74100
8c0180455f0a2eacee9670a109a2b3a6,aee_kg_40_40.mp3,,audio/mpeg,audio/aee_kg_40_40.mp3,,19852
6378a0ac184e5ab9433634e253c28295,wbl_p_40_10.wav,,audio/x-wav,audio/wbl_p_40_10.wav,,163528
45306c79116d3966ccc3d43ff2531bf3,wbl_p_40_10.mp3,,audio/mpeg,audio/wbl_p_40_10.mp3,,39705
fcd569e2fa0da36fa94fcb7c8ff86ec8,aee_kg_40_39.wav,,audio/x-wav,audio/aee_kg_40_39.wav,,97624
18c22358871642b7e5ca8a92e265d2f3,aee_kg_40_39.mp3,,audio/mpeg,audio/aee_kg_40_39.mp3,,25076
057876b4aa49978981aca4f9106ba372,pbu_p_40_05.wav,,audio/x-wav,audio/pbu_p_40_05.wav,,154020
d3f5b79bac4090d756048abcd71f93d8,pbu_p_40_05.mp3,,audio/mpeg,audio/pbu_p_40_05.mp3,,37615
1ab361d10a919b1c30b311ef03db8206,wbl_a_40_12.wav,,audio/x-wav,audio/wbl_a_40_12.wav,,124044
57447855a7d132596a5f6e34bdcf7469,wbl_a_40_12.mp3,,audio/mpeg,audio/wbl_a_40_12.mp3,,30301
14aba760cd8074a17425be324aa8c6b3,psh_ai_40_20.wav,,audio/x-wav,audio/psh_ai_40_20.wav,,116328
aaba5a698268ae07966bdec7bca48169,psh_ai_40_20.mp3,,audio/mpeg,audio/psh_ai_40_20.mp3,,29256
cacb3a465f3271c1b1542fe31df46e80,bsk_h_40_37.wav,,audio/x-wav,audio/bsk_h_40_37.wav,,119608
61b95190914477262b2b536b0a9d1006,bsk_h_40_37.mp3,,audio/mpeg,audio/bsk_h_40_37.mp3,,29256
1b352554ced27c3d01229b7a9e4ac506,gju_p_40_05.wav,,audio/x-wav,audio/gju_p_40_05.wav,,137316
574960f8a20fe10060281420bda8d952,gju_p_40_05.mp3,,audio/mpeg,audio/gju_p_40_05.mp3,,33435
b775cbcae8821e45b60144af7bad331f,gju_a_40_18.wav,,audio/x-wav,audio/gju_a_40_18.wav,,224840
86f97f0b9dd6336c482405918ac7204c,gju_a_40_18.mp3,,audio/mpeg,audio/gju_a_40_18.mp3,,53288
c6e1534b57c1a63e778201a2d4bb0333,psi_ar_40_23b.wav,,audio/x-wav,audio/psi_ar_40_23b.wav,,111972
56719da2d323eebd326cd8ab2f988aed,psi_ar_40_23b.mp3,,audio/mpeg,audio/psi_ar_40_23b.mp3,,28211
1e8e836ae9d7e24bb7c2108f677bb872,btv_40_32.wav,,audio/x-wav,audio/btv_40_32.wav,,133440
d266f5fa6ee68ec00716dc808a1aa363,btv_40_32.mp3,,audio/mpeg,audio/btv_40_32.mp3,,32391
9d7dd21637daf6e4358b6c251c35872a,xvi_40_11.mp3,,audio/mpeg,audio/xvi_40_11.mp3,,56423
3d6e2113c876e7f1d133d659140a1bfe,xvi_40_11.wav,,audio/x-wav,audio/xvi_40_11.wav,,236928
780dee4ad4dcc0056c2780c6f8a15e27,gwt_a_40_27a.wav,,audio/x-wav,audio/gwt_a_40_27a.wav,,85408
397b9c520ce51a742c5efd49bfeaa392,gwt_a_40_27a.mp3,,audio/mpeg,audio/gwt_a_40_27a.mp3,,21942
724aedae49d25cf0def1f7bfedb9cb1b,prs_d_40_17.wav,,audio/x-wav,audio/prs_d_40_17.wav,,135472
ddb0b2f7160cffa02bee6678810f2a30,prs_d_40_17.mp3,,audio/mpeg,audio/prs_d_40_17.mp3,,33435
45b79cbd3f49a1f0afe439925b53fbd1,bsk_h_40_39.wav,,audio/x-wav,audio/bsk_h_40_39.wav,,79040
f4b7650d2e3d3461475986546dc401a1,bsk_h_40_39.mp3,,audio/mpeg,audio/bsk_h_40_39.mp3,,20897
abfb5729c40ec04652a65ce748d8aa57,pbu_i_40_40.wav,,audio/x-wav,audio/pbu_i_40_40.wav,,62808
d5e729578ffd7741a025774f00f14806,pbu_i_40_40.mp3,,audio/mpeg,audio/pbu_i_40_40.mp3,,16717
4e7d3293923b5554c819f015c9ba51cc,phr_40_07.wav,,audio/x-wav,audio/phr_40_07.wav,,122840
8cff785bbc1208eee3d5ad66de171ac0,phr_40_07.mp3,,audio/mpeg,audio/phr_40_07.mp3,,30301
e17f3123617e6ef6030d8a434da5a94e,wbl_p_40_04.wav,,audio/x-wav,audio/wbl_p_40_04.wav,,114652
b8fe99679b3d4570cc4ab5f8872cf326,wbl_p_40_04.mp3,,audio/mpeg,audio/wbl_p_40_04.mp3,,28211
0fa0cb681ca7006d2dfb8fc365a5042d,psh_ai_40_16.wav,,audio/x-wav,audio/psh_ai_40_16.wav,,104192
fb0473bb623f3c43191314776c6342ad,psh_ai_40_16.mp3,,audio/mpeg,audio/psh_ai_40_16.mp3,,26121
6eff01117f4367ae0e051fbfc08225c7,phl_40_39.wav,,audio/x-wav,audio/phl_40_39.wav,,100336
7fae46147ad0615b1319bc02b770dd88,phl_40_39.mp3,,audio/mpeg,audio/phl_40_39.mp3,,25076
cea8ef4adab8b2f288c31706d0d96841,pbu_a_40_29.wav,,audio/x-wav,audio/pbu_a_40_29.wav,,113564
518e7d5e7206cc2b7695936aeb869137,pbu_a_40_29.mp3,,audio/mpeg,audio/pbu_a_40_29.mp3,,28211
df57f9f8a328b9dcf41c2064fe485c13,pbu_i_40_07.wav,,audio/x-wav,audio/pbu_i_40_07.wav,,105372
6c979aa52210b17a58c2504e10d6b88e,pbu_i_40_07.mp3,,audio/mpeg,audio/pbu_i_40_07.mp3,,26121
7ddfd9ba94f6455760bcaae1ca6eb13f,pbu_i_40_23.wav,,audio/x-wav,audio/pbu_i_40_23.wav,,120524
81ba82ce90829c0c505b6626bb87e469,pbu_i_40_23.mp3,,audio/mpeg,audio/pbu_i_40_23.mp3,,30301
c899fc38116a314ff9becce0fdc0c22d,ydg_40_29.mp3,,audio/mpeg,audio/ydg_40_29.mp3,,29256
4960f376099e8793cdd7ecbeb57a238a,ydg_40_29.wav,,audio/x-wav,audio/ydg_40_29.wav,,119700
de57ddece89e908ef19faae748b4f680,pbu_i_40_31.wav,,audio/x-wav,audio/pbu_i_40_31.wav,,132064
aa0e9f2858f4c55e8b7019f8df3da3e5,pbu_i_40_31.mp3,,audio/mpeg,audio/pbu_i_40_31.mp3,,32391
2c36fe149a08d641071a216163f1992d,kls_40_29.wav,,audio/x-wav,audio/kls_40_29.wav,,162148
eb1fd708397102f46f2b8adb92ab4928,kls_40_29.mp3,,audio/mpeg,audio/kls_40_29.mp3,,39705
996b612b8473629a8f6bfb764949761a,hno_40_16.wav,,audio/x-wav,audio/hno_40_16.wav,,128072
5f9d028b5757bc5b62cbd4e729562d46,hno_40_16.mp3,,audio/mpeg,audio/hno_40_16.mp3,,31346
d05d9148529207899ddc2559fdb002af,phr_40_32b.wav,,audio/x-wav,audio/phr_40_32b.wav,,139628
2028ea87e8486dc456c1a56f42c58bf1,phr_40_32b.mp3,,audio/mpeg,audio/phr_40_32b.mp3,,34480
684ec4e02aed8d1ce7b968d007fd1a42,sgh_r_40_28.wav,,audio/x-wav,audio/sgh_r_40_28.wav,,124996
1acb67fee1d55cb04a114d4a80491ea1,sgh_r_40_28.mp3,,audio/mpeg,audio/sgh_r_40_28.mp3,,31346
f16f102620a74ff575fcb765a3248da9,wbk_40_32.wav,,audio/x-wav,audio/wbk_40_32.wav,,93444
252224157fb3c77c7b3134bcd313afa9,wbk_40_32.mp3,,audio/mpeg,audio/wbk_40_32.mp3,,24031
864685b28ff111746bdf5b80aec6134c,bsh_w_40_24.wav,,audio/x-wav,audio/bsh_w_40_24.wav,,133932
3f4223c795bd6a401987344e7f954445,bsh_w_40_24.mp3,,audio/mpeg,audio/bsh_w_40_24.mp3,,33435
798661b08e812c56ff31a215ab3a9555,pbu_p_40_14.wav,,audio/x-wav,audio/pbu_p_40_14.wav,,144964
067856fc1f0db9618e8f5810762fd815,pbu_p_40_14.mp3,,audio/mpeg,audio/pbu_p_40_14.mp3,,35525
f0a9b2daa0d902627f1ecd4ae8f439b1,prx_40_22.wav,,audio/x-wav,audio/prx_40_22.wav,,93304
f5d533545fd51bd81087de56986f9be2,prx_40_22.mp3,,audio/mpeg,audio/prx_40_22.mp3,,24031
69a69c79a61d57fede6cf5db2cf624fa,wbl_a_40_18.wav,,audio/x-wav,audio/wbl_a_40_18.wav,,115996
281651fdc662ae940b18ef1d9db3cd64,wbl_a_40_18.mp3,,audio/mpeg,audio/wbl_a_40_18.mp3,,29256
19bf731074ae6d9b2684967faa85c3d1,psh_ai_40_17.wav,,audio/x-wav,audio/psh_ai_40_17.wav,,103184
9940e7a0a783d1c8552f799330a8740a,psh_ai_40_17.mp3,,audio/mpeg,audio/psh_ai_40_17.mp3,,26121
733c844b0ec842c2639d05575fae9672,psi_ar_40_25b.wav,,audio/x-wav,audio/psi_ar_40_25b.wav,,128372
d96b4e507ac2368b4b515cefd1f603cf,psi_ar_40_25b.mp3,,audio/mpeg,audio/psi_ar_40_25b.mp3,,31346
3f77191ff6fb79fab15b46def8f3b3f4,wbl_a_40_22.wav,,audio/x-wav,audio/wbl_a_40_22.wav,,134456
6ba4740932f3d5fbbb873cdf8536e4ae,wbl_a_40_22.mp3,,audio/mpeg,audio/wbl_a_40_22.mp3,,33435
28ba880eedbb1805efa35424ed9757b2,psh_ai_40_38.wav,,audio/x-wav,audio/psh_ai_40_38.wav,,114304
19f140fc08d43ad135d53f6107ea911d,psh_ai_40_38.mp3,,audio/mpeg,audio/psh_ai_40_38.mp3,,28211
b1740e7e44711319ea9b14913b814820,psi_ar_40_07b.wav,,audio/x-wav,audio/psi_ar_40_07b.wav,,116796
29699fa9415dd4ee50a1be5402c43840,psi_ar_40_07b.mp3,,audio/mpeg,audio/psi_ar_40_07b.mp3,,29256
a0eb3b267957394000b11661908d914c,gwc_40_36.wav,,audio/x-wav,audio/gwc_40_36.wav,,80408
f0465219519a0c589c2d3aa4f09ed18f,gwc_40_36.mp3,,audio/mpeg,audio/gwc_40_36.mp3,,20897
d710a6aa41dd3409ab670f8902ba3bca,psi_ar_40_05.wav,,audio/x-wav,audio/psi_ar_40_05.wav,,109076
e40e62329f919397fe567b85908dd953,psi_ar_40_05.mp3,,audio/mpeg,audio/psi_ar_40_05.mp3,,27166
77f970a32b6f6651038dcfef28a5c629,kir_40_06.wav,,audio/x-wav,audio/kir_40_06.wav,,130108
29c9d9dd941c673e10c8d2f9f52042e9,kir_40_06.mp3,,audio/mpeg,audio/kir_40_06.mp3,,32391
83c2201cac0700f1d44adbee4ab866cc,xka_40_26.mp3,,audio/mpeg,audio/xka_40_26.mp3,,30301
72dcdf7ec1695a736dc71f706e4250a3,xka_40_26.wav,,audio/x-wav,audio/xka_40_26.wav,,124348
6b0b1cdd9d2299b01f263d2dca5d0e73,uzs_40_04.wav,,audio/x-wav,audio/uzs_40_04.wav,,162952
b0a1b2a0fc648f13511a406be804a851,uzs_40_04.mp3,,audio/mpeg,audio/uzs_40_04.mp3,,39705
3a7683959f91d7f24a82d605a6be58e4,ydg_40_37.mp3,,audio/mpeg,audio/ydg_40_37.mp3,,27166
244a996ca2041cd1a9593ecf9d912919,ydg_40_37.wav,,audio/x-wav,audio/ydg_40_37.wav,,106408
88d72baaf9ecf1d8862632e60cd4d235,wbk_40_05.wav,,audio/x-wav,audio/wbk_40_05.wav,,104544
5d4d1108541a6ba5767c820220fbec4e,wbk_40_05.mp3,,audio/mpeg,audio/wbk_40_05.mp3,,26121
8a19d5318ddc30e4c1e0b2ada6782180,pbu_a_40_27.wav,,audio/x-wav,audio/pbu_a_40_27.wav,,126256
2e14cea069552201e5e66fdd10feea10,pbu_a_40_27.mp3,,audio/mpeg,audio/pbu_a_40_27.mp3,,31346
6391b206874f914ec8694e6667f77bdc,btv_40_06.wav,,audio/x-wav,audio/btv_40_06.wav,,128600
c5ca2ab4ae3886c1858b2f4ea81e416d,btv_40_06.mp3,,audio/mpeg,audio/btv_40_06.mp3,,31346
198bd1af3c696f9cb133d9e4f9be5bf0,khw_40_27b.wav,,audio/x-wav,audio/khw_40_27b.wav,,87152
c3d157f1cac6045a9724e436ee283af1,khw_40_27b.mp3,,audio/mpeg,audio/khw_40_27b.mp3,,21942
30dff6adc7f86728d614a87f53a614d1,sgy_40_25.wav,,audio/x-wav,audio/sgy_40_25.wav,,145664
f8c9556d4a680548cd137d0b506671f8,sgy_40_25.mp3,,audio/mpeg,audio/sgy_40_25.mp3,,35525
504901e4ce1675bcfb527d591948fc8e,shd_40_26.wav,,audio/x-wav,audio/shd_40_26.wav,,103564
55cad6d21e31b641f07a5ed1b81dab64,shd_40_26.mp3,,audio/mpeg,audio/shd_40_26.mp3,,26121
d6e62e54d1039c3f909735e758a61536,sgh_a_40_04.wav,,audio/x-wav,audio/sgh_a_40_04.wav,,153808
1eac4c9d957bab52888275de0d73fd6f,sgh_a_40_04.mp3,,audio/mpeg,audio/sgh_a_40_04.mp3,,37615
026723dc100259bb6a1269924b7fe012,scl_p_40_29.wav,,audio/x-wav,audio/scl_p_40_29.wav,,155964
e09bc37fed7275f6eb94c09e867f945e,scl_p_40_29.mp3,,audio/mpeg,audio/scl_p_40_29.mp3,,37615
b6e7168f4cb7a11c74fddb64576fe51d,bsk_n_40_04.wav,,audio/x-wav,audio/bsk_n_40_04.wav,,130412
b431778fedc7203e23cef77e4b14e879,bsk_n_40_04.mp3,,audio/mpeg,audio/bsk_n_40_04.mp3,,32391
c0874d1ca6c7126c22d56d67bc38be94,pbu_p_40_06.wav,,audio/x-wav,audio/pbu_p_40_06.wav,,126844
a03a5b1bfcdef8d4e6a5929f1e820ae9,pbu_p_40_06.mp3,,audio/mpeg,audio/pbu_p_40_06.mp3,,31346
1eed208a382f7b6c153e231032b49d95,aee_kg_40_05.wav,,audio/x-wav,audio/aee_kg_40_05.wav,,84552
f9efd1a482c149f4dee8a6491bbf08e0,aee_kg_40_05.mp3,,audio/mpeg,audio/aee_kg_40_05.mp3,,21942
4b8e5726a5d9cade51ff20ee16b517df,pbu_a_40_13.wav,,audio/x-wav,audio/pbu_a_40_13.wav,,138940
aff4f523df7dc5e064157d51a63db47d,pbu_a_40_13.mp3,,audio/mpeg,audio/pbu_a_40_13.mp3,,34480
a4e044c808a305f5774c00fa761a4d94,ydg_40_35.mp3,,audio/mpeg,audio/ydg_40_35.mp3,,30301
1211e818372a0825ba9e11d0baa69bc6,ydg_40_35.wav,,audio/x-wav,audio/ydg_40_35.wav,,120536
41e7fac2a1a196aa5829eb6e1d76c08b,xvi_40_05.mp3,,audio/mpeg,audio/xvi_40_05.mp3,,36570
5d570b7709db900f105123794032462e,xvi_40_05.wav,,audio/x-wav,audio/xvi_40_05.wav,,151076
e5cc4a79d55b318053081b83e54957cc,bsh_w_40_02.wav,,audio/x-wav,audio/bsh_w_40_02.wav,,126196
d9f9d6a61dd48e9b933d49cc40c9baf4,bsh_w_40_02.mp3,,audio/mpeg,audio/bsh_w_40_02.mp3,,31346
dbadc557410547e0288dc7504fe11f1f,hno_40_39.wav,,audio/x-wav,audio/hno_40_39.wav,,177312
ac5131a5d5010fbf48f5c68ab74e1663,hno_40_39.mp3,,audio/mpeg,audio/hno_40_39.mp3,,42840
3b4c88b0b802d0efce1816af153e5248,isk_40_26.wav,,audio/x-wav,audio/isk_40_26.wav,,104088
df645c12153567faff151ff1ee6ef682,isk_40_26.mp3,,audio/mpeg,audio/isk_40_26.mp3,,26121
c6a66998102f8393f707093d5e155282,sgh_r_40_35.wav,,audio/x-wav,audio/sgh_r_40_35.wav,,148424
8888f1ca9227771c9c2e848f148387ea,sgh_r_40_35.mp3,,audio/mpeg,audio/sgh_r_40_35.mp3,,36570
9301dbdfc63cd914417d771302eb36bc,uzs_40_14.wav,,audio/x-wav,audio/uzs_40_14.wav,,188072
1c07fd933db3cd5ea2c9acc0114dab29,uzs_40_14.mp3,,audio/mpeg,audio/uzs_40_14.mp3,,44929
cf8ac720ab16f9d0de0cc3a5b0fe9672,ush_40_13.wav,,audio/x-wav,audio/ush_40_13.wav,,96576
e07052fa5c0562506edb3dc08545fce6,ush_40_13.mp3,,audio/mpeg,audio/ush_40_13.mp3,,24031
e930b8dc795d209c6428ca28d23ed388,psh_ai_40_10.wav,,audio/x-wav,audio/psh_ai_40_10.wav,,129472
dd5770baaf0224d3517a0a2aea6890fd,psh_ai_40_10.mp3,,audio/mpeg,audio/psh_ai_40_10.mp3,,32391
de582dae3a02c365bd9e20fb04c3e7a4,pbu_i_40_37.wav,,audio/x-wav,audio/pbu_i_40_37.wav,,80844
6ce7563da00820cea39d1ea8fb4aec2d,pbu_i_40_37.mp3,,audio/mpeg,audio/pbu_i_40_37.mp3,,20897
4f3ed1c9ac5d08469316844709d8c46d,bsk_n_40_32a.wav,,audio/x-wav,audio/bsk_n_40_32a.wav,,122232
dea22a6236888d371b6720e781a57efe,bsk_n_40_32a.mp3,,audio/mpeg,audio/bsk_n_40_32a.mp3,,30301
caf2a235da479ec4e3ab0053828eb2a0,bkk_40_04.wav,,audio/x-wav,audio/bkk_40_04.wav,,110136
070f7d1c1983ebe58bc1eb3588729b2d,bkk_40_04.mp3,,audio/mpeg,audio/bkk_40_04.mp3,,27166
a3ceb3507c0a691f3b84fd9acfda5b3b,isk_40_32.wav,,audio/x-wav,audio/isk_40_32.wav,,124900
3d293d574c317d41cf65b3cb2663a970,isk_40_32.mp3,,audio/mpeg,audio/isk_40_32.mp3,,31346
8efc3af824254af0aa129f2eefdacd20,ask_40_10.wav,,audio/x-wav,audio/ask_40_10.wav,,123580
68af185dde54308c993cfd5aa511e878,ask_40_10.mp3,,audio/mpeg,audio/ask_40_10.mp3,,30301
1507114a5f9d58c0919ecb9445b028db,gju_a_40_01.wav,,audio/x-wav,audio/gju_a_40_01.wav,,125932
aa6a2a5041ee0a512f0dd9142831ba1a,gju_a_40_01.mp3,,audio/mpeg,audio/gju_a_40_01.mp3,,31346
5f83071cc8bf82236bd211d9e3346106,glh_ag_40_26.wav,,audio/x-wav,audio/glh_ag_40_26.wav,,85184
1665cf2d58cf20fe685e7adea24ab208,glh_ag_40_26.mp3,,audio/mpeg,audio/glh_ag_40_26.mp3,,21942
7aee66b0180e4c36296e3a086000b3ac,kir_40_26.wav,,audio/x-wav,audio/kir_40_26.wav,,115872
d06a2706aa44fa17762d51a08d29327a,kir_40_26.mp3,,audio/mpeg,audio/kir_40_26.mp3,,29256
0211a0bec0802798bf4fa29247c45066,bft_40_05.wav,,audio/x-wav,audio/bft_40_05.wav,,122408
fd3529154fa49d98d0a6ecf34f55233d,bft_40_05.mp3,,audio/mpeg,audio/bft_40_05.mp3,,30301
90c9188da8db9492b3ba797e76f303f3,scl_p_40_15.wav,,audio/x-wav,audio/scl_p_40_15.wav,,158152
972d2fc65a30ecf1d83f060f33742754,scl_p_40_15.mp3,,audio/mpeg,audio/scl_p_40_15.mp3,,38660
bea63e62ff9c46ee836b411e0db16c3c,plk_40_12.wav,,audio/x-wav,audio/plk_40_12.wav,,121816
f037e3cd994a0ba7e3391d3f1b06765c,plk_40_12.mp3,,audio/mpeg,audio/plk_40_12.mp3,,30301
48aaaf5d1cd5909efd6b2a4c66fd1f40,ask_40_04.wav,,audio/x-wav,audio/ask_40_04.wav,,109556
b782e10f5e8640d58d61cf1b1cd41f86,ask_40_04.mp3,,audio/mpeg,audio/ask_40_04.mp3,,27166
ad276d9cd78013a5f1992f0876ccb5c6,aee_kg_40_20.wav,,audio/x-wav,audio/aee_kg_40_20.wav,,97624
ad9a61cea800c3c33c1c294e685ac02d,aee_kg_40_20.mp3,,audio/mpeg,audio/aee_kg_40_20.mp3,,25076
879afadde0a334fc0a2538c4f24fcc97,xvi_40_14.mp3,,audio/mpeg,audio/xvi_40_14.mp3,,47019
37cac4d26d35ebb90fd161b5bee8224f,xvi_40_14.wav,,audio/x-wav,audio/xvi_40_14.wav,,194004
89213f40eb18435a0e3d3c606a4fc357,uzs_40_20.wav,,audio/x-wav,audio/uzs_40_20.wav,,103572
344c35f219f7680e58134df23e85dcd5,uzs_40_20.mp3,,audio/mpeg,audio/uzs_40_20.mp3,,26121
2deab4efab5926245cb7004eb3a320a6,gju_a_40_14.wav,,audio/x-wav,audio/gju_a_40_14.wav,,142628
af838450d102037633bc67b584961ab7,gju_a_40_14.mp3,,audio/mpeg,audio/gju_a_40_14.mp3,,34480
c7a7ceabf95905a41f4468cb5e493fa3,bsk_h_40_01.wav,,audio/x-wav,audio/bsk_h_40_01.wav,,125588
d01bf02f72832dbcc3e55de394caa7b6,bsk_h_40_01.mp3,,audio/mpeg,audio/bsk_h_40_01.mp3,,31346
7ce1a8c51665a936603b925dc8552053,psh_ai_40_24.wav,,audio/x-wav,audio/psh_ai_40_24.wav,,119360
56171d6db021a58beee6e21e67673c14,psh_ai_40_24.mp3,,audio/mpeg,audio/psh_ai_40_24.mp3,,29256
eb6fc814f2fe0db3d727eba29591a48c,phl_40_34.wav,,audio/x-wav,audio/phl_40_34.wav,,121584
28b11eaf51e3106223b8434336f0e489,phl_40_34.mp3,,audio/mpeg,audio/phl_40_34.mp3,,30301
36148f2af14688853dcd7023fc9c78d3,bkk_40_05.wav,,audio/x-wav,audio/bkk_40_05.wav,,145488
8cd34874276da0e338a0ecb75d1d0368,bkk_40_05.mp3,,audio/mpeg,audio/bkk_40_05.mp3,,35525
da5bce9b3c5fdd46c59ce87f39b13b6d,trw_40_40.wav,,audio/x-wav,audio/trw_40_40.wav,,67268
bcf83cf177fe17fbc59be02345751618,trw_40_40.mp3,,audio/mpeg,audio/trw_40_40.mp3,,17762
b2a7338a237bf7f80be81938b135109c,phl_40_04.wav,,audio/x-wav,audio/phl_40_04.wav,,115636
478625b97d5f06bd24d68340986694c3,phl_40_04.mp3,,audio/mpeg,audio/phl_40_04.mp3,,29256
cef7e87413731b987ee0cd36a7ca045b,gwt_a_40_40.wav,,audio/x-wav,audio/gwt_a_40_40.wav,,70816
58895d6a413db051e1b732fbb51ff0fc,gwt_a_40_40.mp3,,audio/mpeg,audio/gwt_a_40_40.mp3,,18807
8bbda2c584897b851f4735646f1a5898,sgh_r_40_30.wav,,audio/x-wav,audio/sgh_r_40_30.wav,,105772
e372332a87b976426d3bc0145b42e4a3,sgh_r_40_30.mp3,,audio/mpeg,audio/sgh_r_40_30.mp3,,26121
e23e940154aa34930c85ef1466b19b32,bsk_h_40_24.wav,,audio/x-wav,audio/bsk_h_40_24.wav,,62816
eadd7d38b3c78c8389e96aaba68997dc,bsk_h_40_24.mp3,,audio/mpeg,audio/bsk_h_40_24.mp3,,16717
0971cd87dcb98af6f91d416eded8f9da,btv_40_24.wav,,audio/x-wav,audio/btv_40_24.wav,,115392
424fe35d0bb1f1c3006a4c5b5625642c,btv_40_24.mp3,,audio/mpeg,audio/btv_40_24.mp3,,29256
be9046a1b8dcd247235faa51b2c1134e,gwc_40_07.wav,,audio/x-wav,audio/gwc_40_07.wav,,103644
a64b97286fd512ab2d4c208b296dd15d,gwc_40_07.mp3,,audio/mpeg,audio/gwc_40_07.mp3,,26121
389272885f8b193909d69bd97f828be5,bsk_h_40_25.wav,,audio/x-wav,audio/bsk_h_40_25.wav,,133272
819b48c961e11f23b60b567043029e77,bsk_h_40_25.mp3,,audio/mpeg,audio/bsk_h_40_25.mp3,,32391
c97630c74f2fd26551854f6042246137,scl_p_40_17.wav,,audio/x-wav,audio/scl_p_40_17.wav,,135720
c154f7baeceb225c9f01a2c370d803ad,scl_p_40_17.mp3,,audio/mpeg,audio/scl_p_40_17.mp3,,33435
884ea264ee0f355ea9ec99be16ecd92e,xka_40_20.mp3,,audio/mpeg,audio/xka_40_20.mp3,,29256
3bdd701cbc3b6be58b4df527b2203537,xka_40_20.wav,,audio/x-wav,audio/xka_40_20.wav,,115520
145c6babbdd93e3e836582dce5dbfb1a,phr_40_30.wav,,audio/x-wav,audio/phr_40_30.wav,,163480
47a5aa19a46713d06786b589d2cdf677,phr_40_30.mp3,,audio/mpeg,audio/phr_40_30.mp3,,39705
1612ecfbfdfd4442f9d6413df30b0c32,kls_40_15.wav,,audio/x-wav,audio/kls_40_15.wav,,181744
f050ad6e531ab9d89679f590a2f26d46,kls_40_15.mp3,,audio/mpeg,audio/kls_40_15.mp3,,43884
e92d77216d341b159db0a5b076a9b15d,phr_40_21a.wav,,audio/x-wav,audio/phr_40_21a.wav,,187332
03f6c0e96a48393dc1a5eb2b2c4247e9,phr_40_21a.mp3,,audio/mpeg,audio/phr_40_21a.mp3,,44929
82b30ce88e19fdcd29ef64062097c540,gwc_40_14.wav,,audio/x-wav,audio/gwc_40_14.wav,,131064
d1fef337c09ba80d843506736b72503b,gwc_40_14.mp3,,audio/mpeg,audio/gwc_40_14.mp3,,32391
8f2c2b3f67f88b995eb7027cd31e1681,bsh_w_40_19.wav,,audio/x-wav,audio/bsh_w_40_19.wav,,145048
7b0e3d72d66aa60ecdc045558fbb6bbf,bsh_w_40_19.mp3,,audio/mpeg,audio/bsh_w_40_19.mp3,,35525
7efc4a8552fe2686302fb3f9268194be,sdg_40_12.wav,,audio/x-wav,audio/sdg_40_12.wav,,157060
ab0dbf4984ed9d61cd5bf85513ffcb1d,sdg_40_12.mp3,,audio/mpeg,audio/sdg_40_12.mp3,,38660
3390d64017ae1bfe1de52aec733cab85,ydg_40_31.mp3,,audio/mpeg,audio/ydg_40_31.mp3,,35525
c64cc890da92b3bf4bee93e401a35aa0,ydg_40_31.wav,,audio/x-wav,audio/ydg_40_31.wav,,142968
833d715e99121d6e32d35fc77d4b9494,gwc_40_38.wav,,audio/x-wav,audio/gwc_40_38.wav,,96408
28abaaaba78020bb551b762283695517,gwc_40_38.mp3,,audio/mpeg,audio/gwc_40_38.mp3,,24031
8a1a88e854e2545722839d9eae37690b,kls_40_02.wav,,audio/x-wav,audio/kls_40_02.wav,,182632
bd5c64acbc780ce061180c5357fb1297,kls_40_02.mp3,,audio/mpeg,audio/kls_40_02.mp3,,43884
f6db2513608f7b41875ac46fd8f17c98,prx_40_04.wav,,audio/x-wav,audio/prx_40_04.wav,,87988
ff4cba16b637fc3b92ace7853d11aa90,prx_40_04.mp3,,audio/mpeg,audio/prx_40_04.mp3,,22986
2a37d7549ee2e13adaff52e494d1ceea,wbk_40_03.wav,,audio/x-wav,audio/wbk_40_03.wav,,102692
bd591b716acd1639a1c0eaad6a04f46d,wbk_40_03.mp3,,audio/mpeg,audio/wbk_40_03.mp3,,26121
2922e2e8d851021a45d7c2e7ed07cc26,phr_40_21b.wav,,audio/x-wav,audio/phr_40_21b.wav,,134328
5a1c1be4bbb52855e7366048cd5faae9,phr_40_21b.mp3,,audio/mpeg,audio/phr_40_21b.mp3,,33435
c6f0f5a3cf1a953fd8b81668b67f5246,khw_40_24.wav,,audio/x-wav,audio/khw_40_24.wav,,99948
e36c4f9effe5692395fef07c39554374,khw_40_24.mp3,,audio/mpeg,audio/khw_40_24.mp3,,25076
974b5d98d2055043124d6c926c285248,bft_40_08.wav,,audio/x-wav,audio/bft_40_08.wav,,146676
4d75d7df4605c5c2aeaa768ab9b9023b,bft_40_08.mp3,,audio/mpeg,audio/bft_40_08.mp3,,35525
192d293baf11de197c53ab2a561ec6bf,gju_a_40_13.wav,,audio/x-wav,audio/gju_a_40_13.wav,,122720
87fe76b55648a0086690567570a49d53,gju_a_40_13.mp3,,audio/mpeg,audio/gju_a_40_13.mp3,,30301
cd5297bfc6045b37d6100a7a3bad36bb,pbu_i_40_11.wav,,audio/x-wav,audio/pbu_i_40_11.wav,,108976
5558ef47f238c72bd6e73bf4ecb5a1d5,pbu_i_40_11.mp3,,audio/mpeg,audio/pbu_i_40_11.mp3,,27166
8af9c173093a146e7807d8fd9d851381,prs_d_40_33.wav,,audio/x-wav,audio/prs_d_40_33.wav,,138600
d06986d7b46c33b852e46a73f9ecec03,prs_d_40_33.mp3,,audio/mpeg,audio/prs_d_40_33.mp3,,34480
4059a9791fa57a5b9bb30abb995f44ce,gwt_a_40_34.wav,,audio/x-wav,audio/gwt_a_40_34.wav,,94700
865ef31daca770377475d97ff84f73a6,gwt_a_40_34.mp3,,audio/mpeg,audio/gwt_a_40_34.mp3,,24031
2f6f4393ba57b9ac97835a87a3db3265,phr_40_26.wav,,audio/x-wav,audio/phr_40_26.wav,,127260
ee513029872e7c46a7cc9b3ef8554f81,phr_40_26.mp3,,audio/mpeg,audio/phr_40_26.mp3,,31346
4785376c0aafce5fb455e8993ed42dd8,isk_40_09.wav,,audio/x-wav,audio/isk_40_09.wav,,127276
95ba7a0dbaf5548b234ddf31fc8990bd,isk_40_09.mp3,,audio/mpeg,audio/isk_40_09.mp3,,31346
102560bc344506c03401bf9b4215151a,gwt_p_40_16.wav,,audio/x-wav,audio/gwt_p_40_16.wav,,127612
f33d275a0c2117dde5b6dbf420f03f52,gwt_p_40_16.mp3,,audio/mpeg,audio/gwt_p_40_16.mp3,,31346
74771a5db80397502b1644eb10a3dd65,phl_40_13.wav,,audio/x-wav,audio/phl_40_13.wav,,137736
6bd85692d905be6625e98c5ec7b35c59,phl_40_13.mp3,,audio/mpeg,audio/phl_40_13.mp3,,33435
a7fc33616a4ab27ae66895ee9d082065,ush_40_36.wav,,audio/x-wav,audio/ush_40_36.wav,,132012
274b293afffa587c3f07276cf4dfa9fb,ush_40_36.mp3,,audio/mpeg,audio/ush_40_36.mp3,,32391
0ddf531bda7c354858e4e324d000a401,pbu_p_40_38.wav,,audio/x-wav,audio/pbu_p_40_38.wav,,125200
734b8927ee24606dea64d26c51878931,pbu_p_40_38.mp3,,audio/mpeg,audio/pbu_p_40_38.mp3,,31346
e41a3424545e89b63c0b1463c311cf95,uzs_40_28.wav,,audio/x-wav,audio/uzs_40_28.wav,,136304
7c1082e7c9717a461535a13981cd96e7,uzs_40_28.mp3,,audio/mpeg,audio/uzs_40_28.mp3,,33435
beef15598d908b5968ddde7b75a35f73,bft_40_38.wav,,audio/x-wav,audio/bft_40_38.wav,,128604
81d0c5623422a6de6340a4f6411fc393,bft_40_38.mp3,,audio/mpeg,audio/bft_40_38.mp3,,31346
b2b329e8c7eaf96cf51a2aa1054b8506,phr_40_06.wav,,audio/x-wav,audio/phr_40_06.wav,,136980
4447255c0447682ef7beaa7ec828b543,phr_40_06.mp3,,audio/mpeg,audio/phr_40_06.mp3,,33435
8cb7b0fdd27103e412df03cbbca7a909,wbl_a_40_25.wav,,audio/x-wav,audio/wbl_a_40_25.wav,,110320
38f61ee67f64d434e901489a938c1474,wbl_a_40_25.mp3,,audio/mpeg,audio/wbl_a_40_25.mp3,,27166
cafeb4546ed421ea25c04e9d48a0b22a,xka_40_01.mp3,,audio/mpeg,audio/xka_40_01.mp3,,32391
6c58bb20a2bd77968af9583f1685c50b,xka_40_01.wav,,audio/x-wav,audio/xka_40_01.wav,,129496
fb8ea53c376889e838b773f2b420e511,khw_40_21.wav,,audio/x-wav,audio/khw_40_21.wav,,103884
cb4782c21f24d0dc22b00f4fba60d6c6,khw_40_21.mp3,,audio/mpeg,audio/khw_40_21.mp3,,26121
b5f45984ff37ba04b201fb86b0f98ec5,gwt_a_40_17.wav,,audio/x-wav,audio/gwt_a_40_17.wav,,127872
9025f162939338fdc387ffcaba7c03a4,gwt_a_40_17.mp3,,audio/mpeg,audio/gwt_a_40_17.mp3,,31346
e64eaac33e181203a8c606d6a1e068ee,btv_40_37.wav,,audio/x-wav,audio/btv_40_37.wav,,121556
7c9db2d46be0f195fda1acc35d991d3b,btv_40_37.mp3,,audio/mpeg,audio/btv_40_37.mp3,,30301
0213e4ad95aaccd3fe8913a234fb6f80,gju_a_40_34.wav,,audio/x-wav,audio/gju_a_40_34.wav,,136848
7baa5fe45a216a2771b7dfa37b815979,gju_a_40_34.mp3,,audio/mpeg,audio/gju_a_40_34.mp3,,33435
a2327132263cf1ef25140afec68c421d,prx_40_34.wav,,audio/x-wav,audio/prx_40_34.wav,,105108
adda70e117355b2146431780b7d28962,prx_40_34.mp3,,audio/mpeg,audio/prx_40_34.mp3,,26121
7d93b53780d21d1438b3de47fd2f371d,wbl_a_40_29.wav,,audio/x-wav,audio/wbl_a_40_29.wav,,128776
b922d8b5de93ae1a48d14a4dac95708a,wbl_a_40_29.mp3,,audio/mpeg,audio/wbl_a_40_29.mp3,,31346
82c9123a49bc60ef1ca7f172618919a9,wbk_40_09.wav,,audio/x-wav,audio/wbk_40_09.wav,,101768
206df628755c95f31af1fd5952df314f,wbk_40_09.mp3,,audio/mpeg,audio/wbk_40_09.mp3,,26121
d115abab08bb0d0660f9162e6d5e26a1,bkk_40_29.wav,,audio/x-wav,audio/bkk_40_29.wav,,131348
488f9ad2a056719f7df036a2918380d9,bkk_40_29.mp3,,audio/mpeg,audio/bkk_40_29.mp3,,32391
cce350981094e83323522bd9b83f9ced,bsh_w_40_21.wav,,audio/x-wav,audio/bsh_w_40_21.wav,,134896
00d18123368d8a4c0689107ae039193f,bsh_w_40_21.mp3,,audio/mpeg,audio/bsh_w_40_21.mp3,,33435
5830d8dcf7900a3164e6403a5463792f,phl_40_29.wav,,audio/x-wav,audio/phl_40_29.wav,,150488
218b37d4705c965408b2a027952e144c,phl_40_29.mp3,,audio/mpeg,audio/phl_40_29.mp3,,36570
0ec5f03faffe5b3919203343b1e63013,prc_40_14.wav,,audio/x-wav,audio/prc_40_14.wav,,107964
d80cd47906d02f3467bde297670e1a9c,prc_40_14.mp3,,audio/mpeg,audio/prc_40_14.mp3,,27166
139337db897025a2313b34575c8c03bf,sdg_40_07.wav,,audio/x-wav,audio/sdg_40_07.wav,,169988
fd79d6a51686866ec27d416d9341296a,sdg_40_07.mp3,,audio/mpeg,audio/sdg_40_07.mp3,,40750
832319e4d0b33d91585c4d59fd204245,btv_40_23.wav,,audio/x-wav,audio/btv_40_23.wav,,117592
19cbfe12975148a008c456f567acf619,btv_40_23.mp3,,audio/mpeg,audio/btv_40_23.mp3,,29256
0531ca7f66529d86650c7b28be488b98,prx_40_39.wav,,audio/x-wav,audio/prx_40_39.wav,,108648
fdf8cf95d4ec5dbda887f1b8c81b6dc2,prx_40_39.mp3,,audio/mpeg,audio/prx_40_39.mp3,,27166
7b9ca34b5bf86a717afa655859bfc032,sgh_a_40_40.wav,,audio/x-wav,audio/sgh_a_40_40.wav,,72508
a54b0e338ff31d2bbe7eba8f451623b4,sgh_a_40_40.mp3,,audio/mpeg,audio/sgh_a_40_40.mp3,,18807
3555244c274b87941e9c5909679633ac,bsk_h_40_08.wav,,audio/x-wav,audio/bsk_h_40_08.wav,,147368
e3aa9bd0ede9a79f3cb28b74b5aac63b,bsk_h_40_08.mp3,,audio/mpeg,audio/bsk_h_40_08.mp3,,35525
0fec5748380292c61748dabdf1bc499b,gju_p_40_36.wav,,audio/x-wav,audio/gju_p_40_36.wav,,178972
669e4e210dd0090f96f39e0191f2bfd5,gju_p_40_36.mp3,,audio/mpeg,audio/gju_p_40_36.mp3,,42840
fbf94f3bb8b1498946258786000bdf5b,btv_40_38.wav,,audio/x-wav,audio/btv_40_38.wav,,105708
bc54b9a273608e826650c815d35d794c,btv_40_38.mp3,,audio/mpeg,audio/btv_40_38.mp3,,26121
d6016554921245da2dc003b138a0a010,kas_i_40_15.wav,,audio/x-wav,audio/kas_i_40_15.wav,,143728
5515f938bf1a0f793c98f2769a8194a9,kas_i_40_15.mp3,,audio/mpeg,audio/kas_i_40_15.mp3,,35525
88285c2f4f54a497a108d6b22618cb6c,pbu_p_40_10.wav,,audio/x-wav,audio/pbu_p_40_10.wav,,109556
27bc492e48dd80184b876774839a03c9,pbu_p_40_10.mp3,,audio/mpeg,audio/pbu_p_40_10.mp3,,27166
7e028996a4c171123b20c5333a8ff3d2,bft_40_31.wav,,audio/x-wav,audio/bft_40_31.wav,,173004
58c8d806274d50ad5fe9115e1d72f9f9,bft_40_31.mp3,,audio/mpeg,audio/bft_40_31.mp3,,41795
fce2792f53a920ec4d954494e6740c4b,kas_i_40_09.wav,,audio/x-wav,audio/kas_i_40_09.wav,,115292
c9d958d76591c5e606db96ece135f402,kas_i_40_09.mp3,,audio/mpeg,audio/kas_i_40_09.mp3,,29256
aaa021fd153fb2df488f339a25b26faf,pbu_p_40_31.wav,,audio/x-wav,audio/pbu_p_40_31.wav,,144960
00acab4e03fa70a03dd6cfedb545ffcb,pbu_p_40_31.mp3,,audio/mpeg,audio/pbu_p_40_31.mp3,,35525
9ce0e8001a502da445e5338006d7a516,sgh_r_40_24.wav,,audio/x-wav,audio/sgh_r_40_24.wav,,106376
25adef09d101304af2529d6900663095,sgh_r_40_24.mp3,,audio/mpeg,audio/sgh_r_40_24.mp3,,27166
b65b718aa3985befa920e412c14299f7,ask_40_37.wav,,audio/x-wav,audio/ask_40_37.wav,,129712
e28a1375d14c3f338750e86823a7d268,ask_40_37.mp3,,audio/mpeg,audio/ask_40_37.mp3,,32391
f0109226b4c485a530074a7c1383125b,sdg_40_09.wav,,audio/x-wav,audio/sdg_40_09.wav,,146900
5875ab7dc3bac54ab1152cd996a64f99,sdg_40_09.mp3,,audio/mpeg,audio/sdg_40_09.mp3,,35525
e2aaae908df9e85811564947940ed6e3,sgh_a_40_09.wav,,audio/x-wav,audio/sgh_a_40_09.wav,,112276
a352739a4fc072e07d5cf8c8c6ca4919,sgh_a_40_09.mp3,,audio/mpeg,audio/sgh_a_40_09.mp3,,28211
aa7483d6ecc4caaf4d9338dcdf8ab75e,gju_p_40_34.wav,,audio/x-wav,audio/gju_p_40_34.wav,,143456
69843c7486326f6602d2e9efe05ae547,gju_p_40_34.mp3,,audio/mpeg,audio/gju_p_40_34.mp3,,35525
04e1c2f5600abd93ae07c5a6398dd98c,gwt_a_40_01.wav,,audio/x-wav,audio/gwt_a_40_01.wav,,76124
078eb4acde7dabe1339efce5aba931af,gwt_a_40_01.mp3,,audio/mpeg,audio/gwt_a_40_01.mp3,,19852
330db0b932cae90efb932200a13bab4e,sdg_40_21.wav,,audio/x-wav,audio/sdg_40_21.wav,,124732
3d42144d705e2d4f99973f785251c254,sdg_40_21.mp3,,audio/mpeg,audio/sdg_40_21.mp3,,31346
15455afae023e8b119e00c5b1db5a156,mvy_40_09.wav,,audio/x-wav,audio/mvy_40_09.wav,,134848
8d985ed0f8e14fad38e7e693b5941b99,mvy_40_09.mp3,,audio/mpeg,audio/mvy_40_09.mp3,,33435
bdce0a17b65c09b77c886d96965ae410,gwt_a_40_10.wav,,audio/x-wav,audio/gwt_a_40_10.wav,,141584
f4b64d3f8a85eb1eeb782ee721e46054,gwt_a_40_10.mp3,,audio/mpeg,audio/gwt_a_40_10.mp3,,34480
bf4cc2c09f9a09692c7242e7d22fc525,aae_at_40_02.wav,,audio/x-wav,audio/aae_at_40_02.wav,,97528
3488cd2b3329a5d2788228b5fd822377,aae_at_40_02.mp3,,audio/mpeg,audio/aae_at_40_02.mp3,,25076
733e3b4bda1724ca86635b5a201dd2c9,pbu_a_40_33.wav,,audio/x-wav,audio/pbu_a_40_33.wav,,114900
44225f829e18deb9eaef932061caabbb,pbu_a_40_33.mp3,,audio/mpeg,audio/pbu_a_40_33.mp3,,28211
6d11a981528afe6914d619dabb4cc7e9,trw_40_07.wav,,audio/x-wav,audio/trw_40_07.wav,,93080
b5474775354c25ec9b309fcbfacaa937,trw_40_07.mp3,,audio/mpeg,audio/trw_40_07.mp3,,24031
aef343815a438cd68e6431f3f516f9a3,ask_40_02.wav,,audio/x-wav,audio/ask_40_02.wav,,99044
87167b294ca083459d4041400e00dd91,ask_40_02.mp3,,audio/mpeg,audio/ask_40_02.mp3,,25076
88c474dba4882fedf2f3bcf1e0f7981b,kas_i_40_21.wav,,audio/x-wav,audio/kas_i_40_21.wav,,151960
0877483e9fe1d09a53a566af6f7a5b95,kas_i_40_21.mp3,,audio/mpeg,audio/kas_i_40_21.mp3,,36570
9e418c3bfe7d57cfff881325c58c4be9,gwt_a_40_27b.wav,,audio/x-wav,audio/gwt_a_40_27b.wav,,130528
a96eca6951235f80a07329610ef650eb,gwt_a_40_27b.mp3,,audio/mpeg,audio/gwt_a_40_27b.mp3,,32391
7dff29a1b0b8a6c15b1a5263c3fbba13,btv_40_28.wav,,audio/x-wav,audio/btv_40_28.wav,,145772
d0867a0832c29b077463f0fbb0b01ba5,btv_40_28.mp3,,audio/mpeg,audio/btv_40_28.mp3,,35525
5b52fb641c0eb3427228976a7f59f677,kir_40_35.wav,,audio/x-wav,audio/kir_40_35.wav,,169032
0ac058e80c7c1c696f9fd73a7b02d901,kir_40_35.mp3,,audio/mpeg,audio/kir_40_35.mp3,,40750
a972aa2be3d146fe89c190b91f2c6250,shd_40_34.wav,,audio/x-wav,audio/shd_40_34.wav,,131304
07080a759d53208fd4ba9d61ad6730e2,shd_40_34.mp3,,audio/mpeg,audio/shd_40_34.mp3,,32391
285834a5ca345e77ed46441cfd23527e,prc_40_21.wav,,audio/x-wav,audio/prc_40_21.wav,,139512
914e290234afcd160e9fbf7cf89b3690,prc_40_21.mp3,,audio/mpeg,audio/prc_40_21.mp3,,34480
d1262635c43a7264b9b2f4e07b3f7a36,lbj_40_06.wav,,audio/x-wav,audio/lbj_40_06.wav,,106676
ee5ce8e2c2da03a505286b390ffd98b1,lbj_40_06.mp3,,audio/mpeg,audio/lbj_40_06.mp3,,27166
10f48f6034a07309610ac81db1057f35,phr_40_35.wav,,audio/x-wav,audio/phr_40_35.wav,,140512
d4c4a9d64da03018a41af4d1f9730299,phr_40_35.mp3,,audio/mpeg,audio/phr_40_35.mp3,,34480
cb53728a1cf56e82709d5f7afeda7f0c,gwt_p_40_09.wav,,audio/x-wav,audio/gwt_p_40_09.wav,,141680
e89906b1ae6fdcb7bfad2411886455f1,gwt_p_40_09.mp3,,audio/mpeg,audio/gwt_p_40_09.mp3,,34480
04390ece552c158a652e650587ddffd6,btv_40_17.wav,,audio/x-wav,audio/btv_40_17.wav,,77972
abf503f79f92731f4dab7daacf199394,btv_40_17.mp3,,audio/mpeg,audio/btv_40_17.mp3,,19852
e865f5ebab3d85f5a04985cac8fc8559,prn_40_14.wav,,audio/x-wav,audio/prn_40_14.wav,,136708
01b6225f82b39d2ff7960fdc14daf9cf,prn_40_14.mp3,,audio/mpeg,audio/prn_40_14.mp3,,33435
f427af9e89cf0dcc3f443dbd9b67deba,bsh_w_40_31.wav,,audio/x-wav,audio/bsh_w_40_31.wav,,121848
a712f0fee656dcb26f6f287ba30e086f,bsh_w_40_31.mp3,,audio/mpeg,audio/bsh_w_40_31.mp3,,30301
9aa943f2d7a1fd14f323609eca8d9a91,phl_40_17.wav,,audio/x-wav,audio/phl_40_17.wav,,89288
d2c3997f77959803d2e04a41339ca1ae,phl_40_17.mp3,,audio/mpeg,audio/phl_40_17.mp3,,22986
b8bbccdf76e0e38fe99feb6cc29ca222,ydg_40_40.mp3,,audio/mpeg,audio/ydg_40_40.mp3,,24031
5821d2d81641bef0fe10191c27641d99,ydg_40_40.wav,,audio/x-wav,audio/ydg_40_40.wav,,95604
e871b3cb326dfbacc1237df6c7a676f7,sdg_40_02.wav,,audio/x-wav,audio/sdg_40_02.wav,,131196
bcb1c6239054ddd9c5cd5db6c7b9c66e,sdg_40_02.mp3,,audio/mpeg,audio/sdg_40_02.mp3,,32391
ee83acdcf2120cc376f0cac33e67785e,prc_40_04.wav,,audio/x-wav,audio/prc_40_04.wav,,120836
3202ed4741df75ff6cb24f06e8e4e36d,prc_40_04.mp3,,audio/mpeg,audio/prc_40_04.mp3,,30301
f5fea42c96294cb477872157e1e1e12f,sgh_r_40_16.wav,,audio/x-wav,audio/sgh_r_40_16.wav,,90756
b40ed92da486b50de5f60f4eb34ac8a5,sgh_r_40_16.mp3,,audio/mpeg,audio/sgh_r_40_16.mp3,,22986
183659734e51e460a12984f676fa5dd7,prn_40_06.wav,,audio/x-wav,audio/prn_40_06.wav,,106044
2123539bd2bfef4fc64d07892fde8b9f,prn_40_06.mp3,,audio/mpeg,audio/prn_40_06.mp3,,27166
96097217ef4ad3381cce0302d75b02e2,psi_am_40_07.wav,,audio/x-wav,audio/psi_am_40_07.wav,,91452
f0fe17a6ae228f6b65ab6a7713aead52,psi_am_40_07.mp3,,audio/mpeg,audio/psi_am_40_07.mp3,,22986
34e0cc218a542a728282ee725cdb4ec2,kas_i_40_34.wav,,audio/x-wav,audio/kas_i_40_34.wav,,148968
4ad371f6126a5de22701c5f808ec45c3,kas_i_40_34.mp3,,audio/mpeg,audio/kas_i_40_34.mp3,,36570
fed994e0c22275e5fa99ddfeb7a2ae69,prc_40_09.wav,,audio/x-wav,audio/prc_40_09.wav,,90532
bc556ce785b046eb782926a5e0a4c6fb,prc_40_09.mp3,,audio/mpeg,audio/prc_40_09.mp3,,22986
f637836015200fe2a70c710d035d0650,bsk_n_40_30.wav,,audio/x-wav,audio/bsk_n_40_30.wav,,143504
58fd69e34f7c959f8417ea46ff4ace8e,bsk_n_40_30.mp3,,audio/mpeg,audio/bsk_n_40_30.mp3,,35525
70709dd8686c9ab7d97b55806eb11729,dml_40_19.wav,,audio/x-wav,audio/dml_40_19.wav,,109060
5676cccead53fab1b5534827a593d5f1,dml_40_19.mp3,,audio/mpeg,audio/dml_40_19.mp3,,27166
6c02ae9a327a303d7d04b3f61219cd12,aee_sh_40_11.wav,,audio/x-wav,audio/aee_sh_40_11.wav,,111096
bd71992b59b864a7d642ca4521f21606,aee_sh_40_11.mp3,,audio/mpeg,audio/aee_sh_40_11.mp3,,28211
c33944be5c96f6d21c96cced20370ddf,shd_40_01.wav,,audio/x-wav,audio/shd_40_01.wav,,143480
eaad0df8c0a0396c726fea4820de3680,shd_40_01.mp3,,audio/mpeg,audio/shd_40_01.mp3,,35525
d9856cf54cee118e6bf7c4587b608cd0,kir_40_09.wav,,audio/x-wav,audio/kir_40_09.wav,,158592
28a048c7e4aff579a6b4becc494d93e2,kir_40_09.mp3,,audio/mpeg,audio/kir_40_09.mp3,,38660
dbaca2ccf5036260034ce08afcc001e3,bft_40_40a.wav,,audio/x-wav,audio/bft_40_40a.wav,,119824
7734eb35639c050352315b333ff83fbf,bft_40_40a.mp3,,audio/mpeg,audio/bft_40_40a.mp3,,29256
f7d39f13583f6b9b7a1a0ec0eb6b54ca,psi_am_40_26.wav,,audio/x-wav,audio/psi_am_40_26.wav,,86232
b7bba530b904c05b6779b48eb28f4898,psi_am_40_26.mp3,,audio/mpeg,audio/psi_am_40_26.mp3,,21942
451a7891e30da45198d6bd5795fe7990,mnj_40_28.wav,,audio/x-wav,audio/mnj_40_28.wav,,145656
2a59c48b97df81727b77e4505c5c092d,mnj_40_28.mp3,,audio/mpeg,audio/mnj_40_28.mp3,,35525
503750386ba4146efda383d98b9e2a1f,wbl_a_40_06.wav,,audio/x-wav,audio/wbl_a_40_06.wav,,110320
a28ad50667fa3439fa2ac34714a97a3a,wbl_a_40_06.mp3,,audio/mpeg,audio/wbl_a_40_06.mp3,,27166
9e626f5fdce64dd4118fe673c9cea856,kas_i_40_10.wav,,audio/x-wav,audio/kas_i_40_10.wav,,115292
9cd8e983da080243698acc73f53b61e2,kas_i_40_10.mp3,,audio/mpeg,audio/kas_i_40_10.mp3,,29256
d894dcefb10931dd4bdba2a9272e231c,dml_40_36.wav,,audio/x-wav,audio/dml_40_36.wav,,87376
64811c8b7f1d97b58b8a91d1e08cf126,dml_40_36.mp3,,audio/mpeg,audio/dml_40_36.mp3,,21942
b841b8575e173c0a178e1b91dadbbfd7,psi_am_40_28.wav,,audio/x-wav,audio/psi_am_40_28.wav,,142384
bea141fa54702f3d60e4e589d192f30d,psi_am_40_28.mp3,,audio/mpeg,audio/psi_am_40_28.mp3,,34480
77fd05820661692c14d8d4f29c95d473,xka_40_07.mp3,,audio/mpeg,audio/xka_40_07.mp3,,31346
3a419c17ac7729f537e00d4a2c36f2cf,xka_40_07.wav,,audio/x-wav,audio/xka_40_07.wav,,125084
856394b49edf541dd6fbddb15456ff2d,psh_ai_40_03.wav,,audio/x-wav,audio/psh_ai_40_03.wav,,111272
33c02300b378543d8de496f83f1a78e6,psh_ai_40_03.mp3,,audio/mpeg,audio/psh_ai_40_03.mp3,,28211
25dd5108f8965c34f4d0a270c4444363,ush_40_03.wav,,audio/x-wav,audio/ush_40_03.wav,,98424
e30f3474c5255cfbcd30e88d29928bb5,ush_40_03.mp3,,audio/mpeg,audio/ush_40_03.mp3,,25076
f51d6fb3c27d2fe9d2b8c2b5cedbe954,prx_40_35.wav,,audio/x-wav,audio/prx_40_35.wav,,98024
5edec1b3b8f61ac087cc680049282549,prx_40_35.mp3,,audio/mpeg,audio/prx_40_35.mp3,,25076
dbdc7edd2310ac5384688fb53a37bcfb,psi_ar_40_19.wav,,audio/x-wav,audio/psi_ar_40_19.wav,,124512
52af60fa9d5184875f84630f746263cb,psi_ar_40_19.mp3,,audio/mpeg,audio/psi_ar_40_19.mp3,,31346
b90c90c5a5f288f17a92e26bc0ac4f0f,mvy_40_06.wav,,audio/x-wav,audio/mvy_40_06.wav,,133976
f8b1d3dc8db418ca7cc562495d500440,mvy_40_06.mp3,,audio/mpeg,audio/mvy_40_06.mp3,,33435
0deddb13dbddd80de53fc05cb115d8d0,bsh_e_40_38.wav,,audio/x-wav,audio/bsh_e_40_38.wav,,102096
8cd2293f126af44dd97902e61b292c3e,bsh_e_40_38.mp3,,audio/mpeg,audio/bsh_e_40_38.mp3,,26121
74bbf9500072d17f5040fc856c9179aa,sgh_a_40_05.wav,,audio/x-wav,audio/sgh_a_40_05.wav,,159112
55a028afd93bfb37ad71585771fed9d6,sgh_a_40_05.mp3,,audio/mpeg,audio/sgh_a_40_05.mp3,,38660
366f0358c48586d2520dc516fe5a3708,kir_40_02.wav,,audio/x-wav,audio/kir_40_02.wav,,169036
065671d09e2835f3cfb6a850d6d4d3e0,kir_40_02.mp3,,audio/mpeg,audio/kir_40_02.mp3,,40750
a3796d27340d479e695bea6fa7582db0,wbl_a_40_28.wav,,audio/x-wav,audio/wbl_a_40_28.wav,,116948
855cacb1cd240f96659ec067c72d2aa3,wbl_a_40_28.mp3,,audio/mpeg,audio/wbl_a_40_28.mp3,,29256
9fa2c1d2ab36131ee06182c3cbc6d4cd,psi_ar_40_37b.wav,,audio/x-wav,audio/psi_ar_40_37b.wav,,288544
eb25c8ee7fbe9851490a9a9c0af63185,psi_ar_40_37b.mp3,,audio/mpeg,audio/psi_ar_40_37b.mp3,,67917
72702956db2237209712ff4c13e38d75,aee_sh_40_19.wav,,audio/x-wav,audio/aee_sh_40_19.wav,,101140
fa87f18f03fd9b51dcdf21a628571355,aee_sh_40_19.mp3,,audio/mpeg,audio/aee_sh_40_19.mp3,,25076
083c0f4dace25b70cca762fb6eb3c7cf,lbj_40_10.wav,,audio/x-wav,audio/lbj_40_10.wav,,100064
fdf5453aad87206de462f74a18c65294,lbj_40_10.mp3,,audio/mpeg,audio/lbj_40_10.mp3,,25076
1acca6bb21ce7041efbc5cb71c1bccc5,kir_40_08.wav,,audio/x-wav,audio/kir_40_08.wav,,180428
e3cb6ee6990749246000192418096cf2,kir_40_08.mp3,,audio/mpeg,audio/kir_40_08.mp3,,43884
c14b9c55e2d624930a20801a0acea414,kas_p_40_10.wav,,audio/x-wav,audio/kas_p_40_10.wav,,154676
7f8e198638369701dedd9756667a802e,kas_p_40_10.mp3,,audio/mpeg,audio/kas_p_40_10.mp3,,37615
6dc7bcd01d9347d411b1861b8d9c7817,psh_ai_40_31.wav,,audio/x-wav,audio/psh_ai_40_31.wav,,147672
00dd01f01e5c6c82fc3c93dbf8ab1ca7,psh_ai_40_31.mp3,,audio/mpeg,audio/psh_ai_40_31.mp3,,36570
dea8753624eb5fd307898e949cc9b954,prs_d_40_24.wav,,audio/x-wav,audio/prs_d_40_24.wav,,127644
bcb5261b76cd29c989ae433c7811adff,prs_d_40_24.mp3,,audio/mpeg,audio/prs_d_40_24.mp3,,31346
61562ac3c1d009d6da5027db1d6c7f1c,uzs_40_32.wav,,audio/x-wav,audio/uzs_40_32.wav,,116512
7b0ee30cfd23c997121fc87e87568b72,uzs_40_32.mp3,,audio/mpeg,audio/uzs_40_32.mp3,,29256
ce58725bd50d783c816a9063dea18855,mvy_40_19.wav,,audio/x-wav,audio/mvy_40_19.wav,,154480
e7526d5de61bbf51e888c69ae025a873,mvy_40_19.mp3,,audio/mpeg,audio/mvy_40_19.mp3,,37615
2889fd950925b89743b47f1c61994fb6,glh_ag_40_17.wav,,audio/x-wav,audio/glh_ag_40_17.wav,,147348
2d417792ba21853aeca1ba5777bda2d1,glh_ag_40_17.mp3,,audio/mpeg,audio/glh_ag_40_17.mp3,,35525
b3e54450ffb7b351d12fa9d8c11eb3e5,pbu_p_40_16.wav,,audio/x-wav,audio/pbu_p_40_16.wav,,129316
eee73003472105b44a198f8de93d8e14,pbu_p_40_16.mp3,,audio/mpeg,audio/pbu_p_40_16.mp3,,32391
444e19e17bc0a3a9b7166758161fe1e2,bft_40_09.wav,,audio/x-wav,audio/bft_40_09.wav,,112596
e4ab04339825ad9828348a37482f536d,bft_40_09.mp3,,audio/mpeg,audio/bft_40_09.mp3,,28211
ecefc5f7f9020650f5bd728b092daaef,aee_kg_40_16.wav,,audio/x-wav,audio/aee_kg_40_16.wav,,94136
be7c8bb6bbe000ac3d7214b44a393d7f,aee_kg_40_16.mp3,,audio/mpeg,audio/aee_kg_40_16.mp3,,24031
85ae153f5ba041b4583afa912cc35676,khw_40_37.wav,,audio/x-wav,audio/khw_40_37.wav,,82228
4f504182d876947f7fd7e418e43dfa12,khw_40_37.mp3,,audio/mpeg,audio/khw_40_37.mp3,,20897
aff734abcc760f25e3dcc909865933b4,lbj_40_30.wav,,audio/x-wav,audio/lbj_40_30.wav,,119900
3671279b6b136b4f5feb4561337bc595,lbj_40_30.mp3,,audio/mpeg,audio/lbj_40_30.mp3,,30301
fdad8e3b3a86afbd624912a9d3caff2a,isk_40_29.wav,,audio/x-wav,audio/isk_40_29.wav,,118360
de596d9562a31e83831d81246ee4d0f6,isk_40_29.mp3,,audio/mpeg,audio/isk_40_29.mp3,,29256
4c3a0d91876f146185b912b96945a5c3,trw_40_27.wav,,audio/x-wav,audio/trw_40_27.wav,,92008
4c5348686593acb32221d3243532f40e,trw_40_27.mp3,,audio/mpeg,audio/trw_40_27.mp3,,22986
a8dc8a1e1f6b54b0f05872aad00e2754,wbk_40_40.wav,,audio/x-wav,audio/wbk_40_40.wav,,66164
1ab1ebdc65b81278f8a880bb6da253ab,wbk_40_40.mp3,,audio/mpeg,audio/wbk_40_40.mp3,,17762
6bfd169b7e3ab4e903d5b1248e553f21,bsk_n_40_39a.wav,,audio/x-wav,audio/bsk_n_40_39a.wav,,98232
05512f91ba091e81c98b0ccccdf078cc,bsk_n_40_39a.mp3,,audio/mpeg,audio/bsk_n_40_39a.mp3,,25076
738f4db01795f754af8012ab661b2aeb,wbl_a_40_13.wav,,audio/x-wav,audio/wbl_a_40_13.wav,,133036
d13cef82d6974b875043a053ce7e8dc2,wbl_a_40_13.mp3,,audio/mpeg,audio/wbl_a_40_13.mp3,,32391
f38002ef195dc526cb0823b39fb190f0,glh_ag_40_07.wav,,audio/x-wav,audio/glh_ag_40_07.wav,,99144
3b86297bfc6d289b698bd8f033bc4803,glh_ag_40_07.mp3,,audio/mpeg,audio/glh_ag_40_07.mp3,,25076
b12a25686b437e5b1361df400c065897,kls_40_10.wav,,audio/x-wav,audio/kls_40_10.wav,,187088
776746616edcd8542a8134e493053c3c,kls_40_10.mp3,,audio/mpeg,audio/kls_40_10.mp3,,44929
7edc4ae795df15e0eb0b21a1cd074d3a,kas_p_40_05.wav,,audio/x-wav,audio/kas_p_40_05.wav,,108824
68c56e2978026748388add18279d68e2,kas_p_40_05.mp3,,audio/mpeg,audio/kas_p_40_05.mp3,,27166
22b58c504a33e6c6c3f7987dd5c1da4a,psi_ar_40_09.wav,,audio/x-wav,audio/psi_ar_40_09.wav,,115828
576a0b4febfa8312181f89d2652080c0,psi_ar_40_09.mp3,,audio/mpeg,audio/psi_ar_40_09.mp3,,29256
f4a17d199552fa158893cdca070b5325,hno_40_07.wav,,audio/x-wav,audio/hno_40_07.wav,,110564
055ef1c1ec637fc63210c89ef3a2bbdc,hno_40_07.mp3,,audio/mpeg,audio/hno_40_07.mp3,,27166
e9f6dc6dd638a184a9a5b31923bcb275,sgh_r_40_36.wav,,audio/x-wav,audio/sgh_r_40_36.wav,,131004
15801daed1442e33f559a2256cf1bac1,sgh_r_40_36.mp3,,audio/mpeg,audio/sgh_r_40_36.mp3,,32391
efb491e186fdb59f31bef72c48d64392,uzs_40_35.wav,,audio/x-wav,audio/uzs_40_35.wav,,107380
a915c537d8206e37777a2db0ca231346,uzs_40_35.mp3,,audio/mpeg,audio/uzs_40_35.mp3,,27166
171eece60f02882587d690b707df2ad3,glh_ag_40_32.wav,,audio/x-wav,audio/glh_ag_40_32.wav,,108608
9fa988ac21746a59f2544cc3474199fd,glh_ag_40_32.mp3,,audio/mpeg,audio/glh_ag_40_32.mp3,,27166
75d194f9fd07adec10f5440e6dd76a73,wbk_40_31.wav,,audio/x-wav,audio/wbk_40_31.wav,,86512
aeb72a41bb2344d0974cae07346c4006,wbk_40_31.mp3,,audio/mpeg,audio/wbk_40_31.mp3,,21942
903bfc8aaf38dfbefed07b1fb5042b47,sgy_40_21.wav,,audio/x-wav,audio/sgy_40_21.wav,,97336
a687a270963b4c430095121bbe2a4905,sgy_40_21.mp3,,audio/mpeg,audio/sgy_40_21.mp3,,25076
2353945b32052f5dd3169ab0df427964,scl_p_40_21.wav,,audio/x-wav,audio/scl_p_40_21.wav,,169096
71832bd106140e6f51384d0ced307c4c,scl_p_40_21.mp3,,audio/mpeg,audio/scl_p_40_21.mp3,,40750
3473830d58b4408007c7f3bc494d39ae,phr_40_33.wav,,audio/x-wav,audio/phr_40_33.wav,,151112
7b6ead6602f1928196998f80f69c783f,phr_40_33.mp3,,audio/mpeg,audio/phr_40_33.mp3,,36570
c8a4e89ef75436df5db660c8820b504d,btv_40_31.wav,,audio/x-wav,audio/btv_40_31.wav,,107468
a303997d5d6ab8044a637b6d623c8fa8,btv_40_31.mp3,,audio/mpeg,audio/btv_40_31.mp3,,27166
6b53da7710802d71c56b1f043f258628,wbk_40_15.wav,,audio/x-wav,audio/wbk_40_15.wav,,86052
63af60d282e27435dc0f5c1fd6c0733e,wbk_40_15.mp3,,audio/mpeg,audio/wbk_40_15.mp3,,21942
1b5e498a86e7891ff8c8805009dc67fe,glh_sn_40_04.wav,,audio/x-wav,audio/glh_sn_40_04.wav,,104048
03d01602d46143615cc9da7c162415b0,glh_sn_40_04.mp3,,audio/mpeg,audio/glh_sn_40_04.mp3,,26121
8e57a3f41e86accfb1ab3c7af1962add,khw_40_07.wav,,audio/x-wav,audio/khw_40_07.wav,,92076
c64bc2e96a7e510d19f071a9abe23f51,khw_40_07.mp3,,audio/mpeg,audio/khw_40_07.mp3,,22986
88c8467fd86549d537a669de9e733a7e,prx_40_19.wav,,audio/x-wav,audio/prx_40_19.wav,,111604
5051c148c470ba07532265442b22d0b0,prx_40_19.mp3,,audio/mpeg,audio/prx_40_19.mp3,,28211
345ce634f5970e889467845c29e9db6a,lbj_40_33.wav,,audio/x-wav,audio/lbj_40_33.wav,,102548
a73c7c9629dbbaf41cff7be4d3bf0ab7,lbj_40_33.mp3,,audio/mpeg,audio/lbj_40_33.mp3,,26121
6bcf6b74f8dc6036cfbf3208e2747633,mvy_40_30.wav,,audio/x-wav,audio/mvy_40_30.wav,,166696
74c7538843eb9fd6a598c568e40339b2,mvy_40_30.mp3,,audio/mpeg,audio/mvy_40_30.mp3,,40750
f32525356fe734fb887b605b4b30e598,scl_p_40_19.wav,,audio/x-wav,audio/scl_p_40_19.wav,,178944
4d01cae8bfcb16d4fd8d20bec3e9f1c6,scl_p_40_19.mp3,,audio/mpeg,audio/scl_p_40_19.mp3,,42840
9b4dfdfe412aae0834398c1453c81596,dml_40_02.wav,,audio/x-wav,audio/dml_40_02.wav,,155364
4b49f3e54e92441fb076d30735a1e96f,dml_40_02.mp3,,audio/mpeg,audio/dml_40_02.mp3,,37615
f769ff2e42943760e661fb8a2ceb9e9b,prc_40_31.wav,,audio/x-wav,audio/prc_40_31.wav,,147400
42973cacfde9f631aeacf1877ab07b7e,prc_40_31.mp3,,audio/mpeg,audio/prc_40_31.mp3,,35525
caa34d988af00e38b9547cc26ef989f0,aee_sh_40_31.wav,,audio/x-wav,audio/aee_sh_40_31.wav,,143260
04db8b1bd8bcb6790cdc2bdfb17c0e93,aee_sh_40_31.mp3,,audio/mpeg,audio/aee_sh_40_31.mp3,,35525
c538473f5eb92b5957f060ef8386981d,hno_40_35.wav,,audio/x-wav,audio/hno_40_35.wav,,164184
23268f29ac4d0019313f32fe7da780cd,hno_40_35.mp3,,audio/mpeg,audio/hno_40_35.mp3,,39705
7e7a8dd4989b39b6116b68ca4380b719,psi_ar_40_37.wav,,audio/x-wav,audio/psi_ar_40_37.wav,,105216
3d3c005ffa116fa744bba500e1f34fac,psi_ar_40_37.mp3,,audio/mpeg,audio/psi_ar_40_37.mp3,,26121
9ec6e8f1f6d92ddf4e981f13ee6ab53a,dml_40_20.wav,,audio/x-wav,audio/dml_40_20.wav,,119612
e50c24739474b72548a2785f6212fd3d,dml_40_20.mp3,,audio/mpeg,audio/dml_40_20.mp3,,29256
5ef77bf1d96b0c5f9e6a99a3134770fc,gwt_p_40_37.wav,,audio/x-wav,audio/gwt_p_40_37.wav,,123732
0bb5e374af9ce42c85ef41d20ac95350,gwt_p_40_37.mp3,,audio/mpeg,audio/gwt_p_40_37.mp3,,30301
4cc12103b3d5061cafa9aab2daefaf03,kas_i_40_32.wav,,audio/x-wav,audio/kas_i_40_32.wav,,120528
8b68bc3aab72e3dae391b29832049c28,kas_i_40_32.mp3,,audio/mpeg,audio/kas_i_40_32.mp3,,30301
ec57ab7420d7f6bf39af9c75fa195e82,bft_40_19.wav,,audio/x-wav,audio/bft_40_19.wav,,144608
ccc55e71964c2953cdc6201a5ae37317,bft_40_19.mp3,,audio/mpeg,audio/bft_40_19.mp3,,35525
542ed36eb632e80bc78b94ddad60f997,psi_ar_40_26b.wav,,audio/x-wav,audio/psi_ar_40_26b.wav,,89776
56bb63adab2031e47f0bb86e28208e8f,psi_ar_40_26b.mp3,,audio/mpeg,audio/psi_ar_40_26b.mp3,,22986
a1df364b836f7f3e8f03f0d20ed54f6a,psi_am_40_20.wav,,audio/x-wav,audio/psi_am_40_20.wav,,113652
77156a463e5ec9be4e8aa5ec8bec560b,psi_am_40_20.mp3,,audio/mpeg,audio/psi_am_40_20.mp3,,28211
28987bf73d7ecbc0846348315087d864,sgy_40_01.wav,,audio/x-wav,audio/sgy_40_01.wav,,122772
222f9c2afc707721ac35da6af34c8abb,sgy_40_01.mp3,,audio/mpeg,audio/sgy_40_01.mp3,,30301
269d42889dbbbf2993c1f23637bf4758,glh_ag_40_37.wav,,audio/x-wav,audio/glh_ag_40_37.wav,,111308
7a6b6ad48b99d8fedae2345751dbc76f,glh_ag_40_37.mp3,,audio/mpeg,audio/glh_ag_40_37.mp3,,28211
091e4f74dfe4414e19344cb7ef7d0fb3,wbk_40_21.wav,,audio/x-wav,audio/wbk_40_21.wav,,92060
014180dfa1228ec2fda80589a413c448,wbk_40_21.mp3,,audio/mpeg,audio/wbk_40_21.mp3,,22986
3e15522f20e5063809c2da0051fe6933,aee_ch_40_35.wav,,audio/x-wav,audio/aee_ch_40_35.wav,,107940
f15081e745897655d458af08b8a62b0d,aee_ch_40_35.mp3,,audio/mpeg,audio/aee_ch_40_35.mp3,,27166
7c410cf72c1cd3cf7a5e3949ee4df0c1,pbu_p_40_07.wav,,audio/x-wav,audio/pbu_p_40_07.wav,,123552
3d3733639996be2d8145506301e85927,pbu_p_40_07.mp3,,audio/mpeg,audio/pbu_p_40_07.mp3,,30301
50fb6e5dd4022a1bd8057cea07d6508b,uzs_40_08.wav,,audio/x-wav,audio/uzs_40_08.wav,,111944
b93add77d25d2e89306e8eaf40a70075,uzs_40_08.mp3,,audio/mpeg,audio/uzs_40_08.mp3,,28211
5132ae4c172e8e26451382c8ae6f4785,isk_40_25.wav,,audio/x-wav,audio/isk_40_25.wav,,99332
d41d980a67205fb4fd2242d9d88e712e,isk_40_25.mp3,,audio/mpeg,audio/isk_40_25.mp3,,25076
c400602ff59245f81ed4a873b72054ae,prc_40_30.wav,,audio/x-wav,audio/prc_40_30.wav,,108800
aad6726e4d06e5cb7c4448e82c26de8d,prc_40_30.mp3,,audio/mpeg,audio/prc_40_30.mp3,,27166
69fbdadcb1ede507b63afde2b2f63220,aee_ch_40_03.wav,,audio/x-wav,audio/aee_ch_40_03.wav,,142724
34a18aca3b5fe0a22a010fa3240df180,aee_ch_40_03.mp3,,audio/mpeg,audio/aee_ch_40_03.mp3,,34480
0ad8ff0fb2b5af21b5a2ec5b94d6890c,ydg_40_34.mp3,,audio/mpeg,audio/ydg_40_34.mp3,,32391
f22f10c61b0158fe413af05867d60542,ydg_40_34.wav,,audio/x-wav,audio/ydg_40_34.wav,,130504
0f63c896ab42758e976bc1ee9f1ad24f,aee_sh_40_13.wav,,audio/x-wav,audio/aee_sh_40_13.wav,,116456
2ca8ca4eeb4c3b950659bdf83965c952,aee_sh_40_13.mp3,,audio/mpeg,audio/aee_sh_40_13.mp3,,29256
7b429f3f88487ce6ab51d739e16c0379,plk_40_11.wav,,audio/x-wav,audio/plk_40_11.wav,,103424
7aae53e434d850654095f12ec078e51c,plk_40_11.mp3,,audio/mpeg,audio/plk_40_11.mp3,,26121
3e506d2821f24b5116077f926152d1b0,wbk_40_10.wav,,audio/x-wav,audio/wbk_40_10.wav,,74024
118669f10f302390036b76f87059407e,wbk_40_10.mp3,,audio/mpeg,audio/wbk_40_10.mp3,,19852
00f25c6b7ee707c0759dfad0d69c79b3,prs_d_40_12.wav,,audio/x-wav,audio/prs_d_40_12.wav,,102592
321f9b055dbd26bf1378825de1e0e042,prs_d_40_12.mp3,,audio/mpeg,audio/prs_d_40_12.mp3,,26121
3969858d2b8e90536b57976cd5904886,scl_p_40_07.wav,,audio/x-wav,audio/scl_p_40_07.wav,,178396
386d0c42eb376e11dc4dd6a9e0c23511,scl_p_40_07.mp3,,audio/mpeg,audio/scl_p_40_07.mp3,,42840
cf74d12ef14061850bdce709473fa601,trw_40_38.wav,,audio/x-wav,audio/trw_40_38.wav,,78024
67ef660cd317a95b3c75c18225afd9d1,trw_40_38.mp3,,audio/mpeg,audio/trw_40_38.mp3,,19852
c78332624ceefb6a968866f6e77e7256,bsh_e_40_11.wav,,audio/x-wav,audio/bsh_e_40_11.wav,,148116
3d9519b0aa1fff21bf2e4e5333986d7e,bsh_e_40_11.mp3,,audio/mpeg,audio/bsh_e_40_11.mp3,,36570
89a45168e9a553844b911ccdbcd3bb5a,wbl_a_40_04.wav,,audio/x-wav,audio/wbl_a_40_04.wav,,144868
2428fa1f324bbe8572af382187445194,wbl_a_40_04.mp3,,audio/mpeg,audio/wbl_a_40_04.mp3,,35525
ebc058bc20324550400170b547eee0d0,aee_ch_40_04.wav,,audio/x-wav,audio/aee_ch_40_04.wav,,79048
da0e02c467fbe87e6151a5d480eddf71,aee_ch_40_04.mp3,,audio/mpeg,audio/aee_ch_40_04.mp3,,20897
2f4f81e53ab4bcfa34f00eaae781be75,dml_40_07.wav,,audio/x-wav,audio/dml_40_07.wav,,105544
6e9035bb166f1b2e1f99f66b94d46fd2,dml_40_07.mp3,,audio/mpeg,audio/dml_40_07.mp3,,26121
ab27e66e59697b273cd48a23e9f7a892,aee_sh_40_02.wav,,audio/x-wav,audio/aee_sh_40_02.wav,,97308
1d0d57b4a2a36deca95750dc706b0a67,aee_sh_40_02.mp3,,audio/mpeg,audio/aee_sh_40_02.mp3,,25076
bd43f8fa28131615c1b0a29500e062c7,gwc_40_25.wav,,audio/x-wav,audio/gwc_40_25.wav,,135632
0f35d7966001c56bb01ffc6f8c90fbc0,gwc_40_25.mp3,,audio/mpeg,audio/gwc_40_25.mp3,,33435
3f9fa0e7bf27794b3d365d638cf879eb,pbu_p_40_12.wav,,audio/x-wav,audio/pbu_p_40_12.wav,,104612
cd02276818ac724bfb637758e24ec2fb,pbu_p_40_12.mp3,,audio/mpeg,audio/pbu_p_40_12.mp3,,26121
a5332fa13a99a67fd4a5ae5dd7415932,shd_40_04.wav,,audio/x-wav,audio/shd_40_04.wav,,134008
240060433031f58095562c0490fd40bb,shd_40_04.mp3,,audio/mpeg,audio/shd_40_04.mp3,,33435
1293b64d28013f9dc0e40f4780c4e914,aae_at_40_10.wav,,audio/x-wav,audio/aae_at_40_10.wav,,76548
3f12f58650eb320f967da795df0c60b0,aae_at_40_10.mp3,,audio/mpeg,audio/aae_at_40_10.mp3,,19852
4bd213084d439082aff44a802d24a04e,glh_sn_40_29.wav,,audio/x-wav,audio/glh_sn_40_29.wav,,122192
5a2f317047c8fda7d1575252bb62c846,glh_sn_40_29.mp3,,audio/mpeg,audio/glh_sn_40_29.mp3,,30301
88536e0f5661ee28045ff800c8daf705,gju_p_40_07.wav,,audio/x-wav,audio/gju_p_40_07.wav,,148240
22fd89d04b1f4adedfbf3929fa6c6b6b,gju_p_40_07.mp3,,audio/mpeg,audio/gju_p_40_07.mp3,,36570
bdea3ac26d28350e506575cb280e5241,pbu_a_40_10.wav,,audio/x-wav,audio/pbu_a_40_10.wav,,92196
b54449f6e64e6e5e458561e8c0f5df49,pbu_a_40_10.mp3,,audio/mpeg,audio/pbu_a_40_10.mp3,,22986
3585936422633b8d3fb25e4657e583b8,isk_40_11.wav,,audio/x-wav,audio/isk_40_11.wav,,143924
f6cdef146df091150c2bd513bbdccc7b,isk_40_11.mp3,,audio/mpeg,audio/isk_40_11.mp3,,35525
f74459396ee4ad5eee33cbf421e5c8c8,ask_40_22.wav,,audio/x-wav,audio/ask_40_22.wav,,103428
c4eeae9902b5feee3e270929c9f1b5da,ask_40_22.mp3,,audio/mpeg,audio/ask_40_22.mp3,,26121
89e8e606a13ac897846b71f0746deb93,gwt_a_40_23.wav,,audio/x-wav,audio/gwt_a_40_23.wav,,113720
27c962832e2030f24e6bee958a06d33c,gwt_a_40_23.mp3,,audio/mpeg,audio/gwt_a_40_23.mp3,,28211
b1a6275cfe6cc567736a79637711e67b,wbl_p_40_29.wav,,audio/x-wav,audio/wbl_p_40_29.wav,,128976
9d94a1509d28653f0ada853c24e4018e,wbl_p_40_29.mp3,,audio/mpeg,audio/wbl_p_40_29.mp3,,31346
c6c5955785fa6e8a118410ef4ff7a8af,glh_sn_40_13.wav,,audio/x-wav,audio/glh_sn_40_13.wav,,99860
19ba08079a6f9cc41d521bccac4ba75a,glh_sn_40_13.mp3,,audio/mpeg,audio/glh_sn_40_13.mp3,,25076
ac403f33ce1fb44fd319976f3877d55b,khw_40_02.wav,,audio/x-wav,audio/khw_40_02.wav,,96012
3499d1baaab070d2a55a35bb34e46d61,khw_40_02.mp3,,audio/mpeg,audio/khw_40_02.mp3,,24031
9797ee8a11143b3a5b24c3ef03d55597,wbk_40_35.wav,,audio/x-wav,audio/wbk_40_35.wav,,100384
c6140bfef257fa616f78da4285e3cec8,wbk_40_35.mp3,,audio/mpeg,audio/wbk_40_35.mp3,,25076
87540cd60b0b589934499c1dbf38dca6,bsh_e_40_16.wav,,audio/x-wav,audio/bsh_e_40_16.wav,,91088
5938d341f3f604ff67c2fa7289165dd9,bsh_e_40_16.mp3,,audio/mpeg,audio/bsh_e_40_16.mp3,,22986
1c05f2c685aaf26bbdc1c87edffb9d8b,psh_ai_40_39.wav,,audio/x-wav,audio/psh_ai_40_39.wav,,120372
659b811b12ef8e084c2bb487defae39e,psh_ai_40_39.mp3,,audio/mpeg,audio/psh_ai_40_39.mp3,,30301
60d01dd46846d33da78c5d01aaa95ce1,kls_40_39.wav,,audio/x-wav,audio/kls_40_39.wav,,135428
d029a5e295122f16b7a7d625a56f3c54,kls_40_39.mp3,,audio/mpeg,audio/kls_40_39.mp3,,33435
3d4f52fa357745374af31cd2d735083f,phl_40_31.wav,,audio/x-wav,audio/phl_40_31.wav,,117336
ccefefc0546c75bc09a70430da85936c,phl_40_31.mp3,,audio/mpeg,audio/phl_40_31.mp3,,29256
6d81c7334b62cf536d7798669a4a0f11,prn_40_04.wav,,audio/x-wav,audio/prn_40_04.wav,,130572
fb30a836ee320c17d90e11b87451ac54,prn_40_04.mp3,,audio/mpeg,audio/prn_40_04.mp3,,32391
4aca7fb96dc8f48267b489bec2b6c069,mnj_40_35.wav,,audio/x-wav,audio/mnj_40_35.wav,,170200
4d948c81dab5e3cea9d2da460c2bde63,mnj_40_35.mp3,,audio/mpeg,audio/mnj_40_35.mp3,,40750
912e65567a4f9181fb14c25526024307,sgh_a_40_18.wav,,audio/x-wav,audio/sgh_a_40_18.wav,,152924
351f50dadb5de530b0e577ef47be330a,sgh_a_40_18.mp3,,audio/mpeg,audio/sgh_a_40_18.mp3,,37615
65b4598a85d981c5fd518bd12150d1a5,psi_ar_40_16.wav,,audio/x-wav,audio/psi_ar_40_16.wav,,106180
274e0cc6481c8f0bcff23fef75527acd,psi_ar_40_16.mp3,,audio/mpeg,audio/psi_ar_40_16.mp3,,27166
357c00dc39a7181a579c21bc83474947,gju_a_40_25.wav,,audio/x-wav,audio/gju_a_40_25.wav,,138136
a133fdbfd53e53457586e35d12b7f270,gju_a_40_25.mp3,,audio/mpeg,audio/gju_a_40_25.mp3,,33435
fa3c28ef75b56f7fce9f95a39fc7c3e7,bsk_n_40_19b.wav,,audio/x-wav,audio/bsk_n_40_19b.wav,,98776
d43fb16185ab45717fd66d2def98e102,bsk_n_40_19b.mp3,,audio/mpeg,audio/bsk_n_40_19b.mp3,,25076
d1dd893b1019c13629a85fe2e8c6fe2d,psi_ar_40_14.wav,,audio/x-wav,audio/psi_ar_40_14.wav,,137056
5d9a166ae308a405bb7c8de94ec8fffc,psi_ar_40_14.mp3,,audio/mpeg,audio/psi_ar_40_14.mp3,,33435
73dcabf581a60a4802ad8c84819ec4dc,wbk_40_02.wav,,audio/x-wav,audio/wbk_40_02.wav,,100380
0df61e79b1205c5799fb11e0be379ecc,wbk_40_02.mp3,,audio/mpeg,audio/wbk_40_02.mp3,,25076
e68640d93228607eb5c68f2322819e1c,prc_40_29.wav,,audio/x-wav,audio/prc_40_29.wav,,113780
e47c94bd9d6c732a9b2da7eaf9c211ca,prc_40_29.mp3,,audio/mpeg,audio/prc_40_29.mp3,,28211
637ef0a8f761ac09732371474d3726e0,wbk_40_28.wav,,audio/x-wav,audio/wbk_40_28.wav,,98072
ac596f4b16a0e4d305b52c2111c1b2bc,wbk_40_28.mp3,,audio/mpeg,audio/wbk_40_28.mp3,,25076
47da3f4dcc24ded6d20cd0f5c3187a85,gwc_40_11.wav,,audio/x-wav,audio/gwc_40_11.wav,,126872
2444c2eb71e6df6224790edd8e731c7c,gwc_40_11.mp3,,audio/mpeg,audio/gwc_40_11.mp3,,31346
e86b7ca8dedd9d5e042161e62563acf2,prs_d_40_37b.wav,,audio/x-wav,audio/prs_d_40_37b.wav,,119032
89aa808c3175db1969966d82cf97e495,prs_d_40_37b.mp3,,audio/mpeg,audio/prs_d_40_37b.mp3,,29256
cc5a0959f041b9b3e31658a5f5348cee,wbk_40_36.wav,,audio/x-wav,audio/wbk_40_36.wav,,91136
dac8e841ba747a420868f5d68e923d9e,wbk_40_36.mp3,,audio/mpeg,audio/wbk_40_36.mp3,,22986
5204d1889109248bc54098f1518c8589,prn_40_24.wav,,audio/x-wav,audio/prn_40_24.wav,,118312
8e8aa520f4d069947512c96ab7c9dc35,prn_40_24.mp3,,audio/mpeg,audio/prn_40_24.mp3,,29256
496e02c906e1a8d56f9254886b06c46f,trw_40_01.wav,,audio/x-wav,audio/trw_40_01.wav,,106528
387bf8e7f10c18962212b154783ed63e,trw_40_01.mp3,,audio/mpeg,audio/trw_40_01.mp3,,27166
286768b85ec3a30c1bec42034ef6b65e,prx_40_12.wav,,audio/x-wav,audio/prx_40_12.wav,,92712
0346026a5a9c83ca304686a53eb0360a,prx_40_12.mp3,,audio/mpeg,audio/prx_40_12.mp3,,24031
e91544918ab4ccb2c94cf22dbe0806fd,plk_40_20.wav,,audio/x-wav,audio/plk_40_20.wav,,146348
5600d018d21c9a48b05deb99e23e946b,plk_40_20.mp3,,audio/mpeg,audio/plk_40_20.mp3,,35525
c22d6cd921751817cbfb12e45fe52089,pbu_p_40_36.wav,,audio/x-wav,audio/pbu_p_40_36.wav,,135904
cdb36a923d12f20e068ec33b515506f0,pbu_p_40_36.mp3,,audio/mpeg,audio/pbu_p_40_36.mp3,,33435
a11c19da553a99b18e1f97b8608435b6,wbk_40_06.wav,,audio/x-wav,audio/wbk_40_06.wav,,88820
ab638a79e580489c152fe777f775d6ff,wbk_40_06.mp3,,audio/mpeg,audio/wbk_40_06.mp3,,22986
a56aad430d172e82191628f82205311d,sgh_r_40_38.wav,,audio/x-wav,audio/sgh_r_40_38.wav,,105172
3ad0a00cb211818fe7c20934f0ba3451,sgh_r_40_38.mp3,,audio/mpeg,audio/sgh_r_40_38.mp3,,26121
37efe2486cca29d10812e1e4a9aa1200,sgh_r_40_04.wav,,audio/x-wav,audio/sgh_r_40_04.wav,,111180
b2412932226d83d6ab8232d47b566402,sgh_r_40_04.mp3,,audio/mpeg,audio/sgh_r_40_04.mp3,,28211
1c4cfe5aa49c1854374f608b9d2fdcf3,psi_ar_40_17.wav,,audio/x-wav,audio/psi_ar_40_17.wav,,113896
ccdca3c8706eda1ca2b07efcd66c6ffe,psi_ar_40_17.mp3,,audio/mpeg,audio/psi_ar_40_17.mp3,,28211
8eedc54974d80f209403e6f1e243cc1b,bft_40_12.wav,,audio/x-wav,audio/bft_40_12.wav,,152868
55b533773800ada0ef4db1cfbfee2d84,bft_40_12.mp3,,audio/mpeg,audio/bft_40_12.mp3,,37615
fecae36ef14a5936f370148480c5af83,wbl_p_40_18.wav,,audio/x-wav,audio/wbl_p_40_18.wav,,121392
0f94f7d89e09ffc7f7f6935ae6b46089,wbl_p_40_18.mp3,,audio/mpeg,audio/wbl_p_40_18.mp3,,30301
42343400b6a0ce0b9d3f74172f2aa655,glh_ag_40_35.wav,,audio/x-wav,audio/glh_ag_40_35.wav,,131128
e2475027f89e1adf0fc321f1fa74dedb,glh_ag_40_35.mp3,,audio/mpeg,audio/glh_ag_40_35.mp3,,32391
0f1f1c0492448d2d85ed4cfb760736c3,lbj_40_05.wav,,audio/x-wav,audio/lbj_40_05.wav,,101716
e9f919d22a5b309f93b6a09635621822,lbj_40_05.mp3,,audio/mpeg,audio/lbj_40_05.mp3,,26121
3d453549c4b84e86d914902b5d6de001,bkk_40_37.wav,,audio/x-wav,audio/bkk_40_37.wav,,114176
a1838d2e202d79a45ffab907b082c5bf,bkk_40_37.mp3,,audio/mpeg,audio/bkk_40_37.mp3,,28211
f52f6b7550cfc7af30dcd77200d51e16,plk_40_28.wav,,audio/x-wav,audio/plk_40_28.wav,,145472
350650784d0cd69b6f8be984b8e6a1ea,plk_40_28.mp3,,audio/mpeg,audio/plk_40_28.mp3,,35525
b4ab9eea6a0d947e2df2990daf1a3877,sgy_40_22.wav,,audio/x-wav,audio/sgy_40_22.wav,,145028
b675b551e777c36b42d865b264a37b96,sgy_40_22.mp3,,audio/mpeg,audio/sgy_40_22.mp3,,35525
8ec9b4cbc8484ef6d80deda6b7d4fbb1,ydg_40_25.mp3,,audio/mpeg,audio/ydg_40_25.mp3,,33435
16330d31ddae64be5c31162f5ef46a2e,ydg_40_25.wav,,audio/x-wav,audio/ydg_40_25.wav,,137152
9aa9f51f8af34d2f693326a6ef97ee8c,prc_40_28.wav,,audio/x-wav,audio/prc_40_28.wav,,117096
7eda2ce9a7c7ecdf1b178a2e3aec6a59,prc_40_28.mp3,,audio/mpeg,audio/prc_40_28.mp3,,29256
baa9605a28c161084dfdbfaab82682fd,khw_40_01.wav,,audio/x-wav,audio/khw_40_01.wav,,105360
e0489b6625972cae81ec86adcd5bbead,khw_40_01.mp3,,audio/mpeg,audio/khw_40_01.mp3,,26121
ab04cd1974c3530370c246ed70b297b4,glh_ag_40_19.wav,,audio/x-wav,audio/glh_ag_40_19.wav,,143292
ebac5bbcd2ee1ab1e2e0c8036544f3f1,glh_ag_40_19.mp3,,audio/mpeg,audio/glh_ag_40_19.mp3,,35525
2481a0ad528a0cc0be4979df22940ce4,bsk_n_40_03.wav,,audio/x-wav,audio/bsk_n_40_03.wav,,148964
9a42a7efecb967c563bce6f1a2b3a56a,bsk_n_40_03.mp3,,audio/mpeg,audio/bsk_n_40_03.mp3,,36570
c83f9a2b39f97609155ddf53e16adbc0,xvi_40_31.mp3,,audio/mpeg,audio/xvi_40_31.mp3,,41795
5604450066b21e52c246885e0006b3e4,xvi_40_31.wav,,audio/x-wav,audio/xvi_40_31.wav,,170952
1bde0897f48ddb888a151270908d6531,xvi_40_38.mp3,,audio/mpeg,audio/xvi_40_38.mp3,,26121
f99cfb873451e971757da32dcdca33fe,xvi_40_38.wav,,audio/x-wav,audio/xvi_40_38.wav,,102588
ec99847eab23c8d3a8dee6e9c9cd9f61,trw_40_37.wav,,audio/x-wav,audio/trw_40_37.wav,,86628
d128455f0f1d7676c9b5b6beb0f121d8,trw_40_37.mp3,,audio/mpeg,audio/trw_40_37.mp3,,21942
734bb425018ab5c81b29096fc065d12f,psi_am_40_13.wav,,audio/x-wav,audio/psi_am_40_13.wav,,96676
43fd36e44415b08b40c649f92026c002,psi_am_40_13.mp3,,audio/mpeg,audio/psi_am_40_13.mp3,,24031
8f0ccc181e2fa13c9623fb8b0669cfa4,prx_40_28.wav,,audio/x-wav,audio/prx_40_28.wav,,72052
b67269960e13f5f2b683acb8ab692474,prx_40_28.mp3,,audio/mpeg,audio/prx_40_28.mp3,,18807
c818e919d6ded8145f255479fe54e3ee,psi_ar_40_28b.wav,,audio/x-wav,audio/psi_ar_40_28b.wav,,137060
0ac7552114cfe80e4c8d66467eaf9065,psi_ar_40_28b.mp3,,audio/mpeg,audio/psi_ar_40_28b.mp3,,33435
04fb3d844fad25d67a70e7f33c34a39f,kas_p_40_38.wav,,audio/x-wav,audio/kas_p_40_38.wav,,131752
0adab7452c568bb7247c071d1209b2aa,kas_p_40_38.mp3,,audio/mpeg,audio/kas_p_40_38.mp3,,32391
4860eef2d6e5c18e477ad44aaa2f5a1f,bsh_w_40_13.wav,,audio/x-wav,audio/bsh_w_40_13.wav,,149884
aa185ca295f8b46114032653e532aa4a,bsh_w_40_13.mp3,,audio/mpeg,audio/bsh_w_40_13.mp3,,36570
d4f5c763ede03f4008418971e8c85f0e,kls_40_36.wav,,audio/x-wav,audio/kls_40_36.wav,,143444
65445e886d9b7f060747cdda728c00de,kls_40_36.mp3,,audio/mpeg,audio/kls_40_36.mp3,,35525
64a8f55d168bd7bceb63b27bddf8316c,gju_p_40_04.wav,,audio/x-wav,audio/gju_p_40_04.wav,,94288
811bbaf6d1d5de0a07a3ab2388670e33,gju_p_40_04.mp3,,audio/mpeg,audio/gju_p_40_04.mp3,,24031
132c562276653e54b8dc22966a519974,xka_40_30.mp3,,audio/mpeg,audio/xka_40_30.mp3,,35525
44f930f327225b79e157d1e4c28e59f9,xka_40_30.wav,,audio/x-wav,audio/xka_40_30.wav,,147148
81d8a3f47f6a0e0fedcb268ec07a7cda,psh_ai_40_32.wav,,audio/x-wav,audio/psh_ai_40_32.wav,,141608
8ff17d4603aaeee650451552dc6465d1,psh_ai_40_32.mp3,,audio/mpeg,audio/psh_ai_40_32.mp3,,34480
c0120778d22430dedeb7a6e3e3380681,ush_40_08.wav,,audio/x-wav,audio/ush_40_08.wav,,106348
b2bc5b150ca7a69dc49d9625d438d212,ush_40_08.mp3,,audio/mpeg,audio/ush_40_08.mp3,,27166
48fa8a5e05b03c18bc0dc38f362b36e5,scl_p_40_20.wav,,audio/x-wav,audio/scl_p_40_20.wav,,183868
7029b4b53be55eb6311a76ce431c6e86,scl_p_40_20.mp3,,audio/mpeg,audio/scl_p_40_20.mp3,,43884
e8294edb1aba32c4391df322da28345a,bsh_e_40_36.wav,,audio/x-wav,audio/bsh_e_40_36.wav,,105096
38c985d7c8e8a9f1facf3ca72067dd30,bsh_e_40_36.mp3,,audio/mpeg,audio/bsh_e_40_36.mp3,,26121
61b3c61b704a1b0dc2281d72adea869b,wbl_a_40_23.wav,,audio/x-wav,audio/wbl_a_40_23.wav,,131620
961078af62e33dda5a6fb3204d825f6a,wbl_a_40_23.mp3,,audio/mpeg,audio/wbl_a_40_23.mp3,,32391
d89bbdbbb349d7c2cf89ab9cf00de6f3,hno_40_29.wav,,audio/x-wav,audio/hno_40_29.wav,,140108
c2f3a3a3f58c6568240c67221a78e297,hno_40_29.mp3,,audio/mpeg,audio/hno_40_29.mp3,,34480
c211a92db32536cf868725a1a35ca79d,uzs_40_09.wav,,audio/x-wav,audio/uzs_40_09.wav,,110424
7fbfb36e55c453ba65ee6dc3185bdaa4,uzs_40_09.mp3,,audio/mpeg,audio/uzs_40_09.mp3,,27166
1a5aa706cf2989425d4e4b9ab9b9811a,scl_i_40_14.wav,,audio/x-wav,audio/scl_i_40_14.wav,,159992
50ec0c662be6191ff38ada9b6f4f254f,scl_i_40_14.mp3,,audio/mpeg,audio/scl_i_40_14.mp3,,38660
a937517e4c2b7d6cd8ce47044ff4f555,aae_at_40_27.wav,,audio/x-wav,audio/aae_at_40_27.wav,,70380
4c967802b577a8377a7236658242164c,aae_at_40_27.mp3,,audio/mpeg,audio/aae_at_40_27.mp3,,18807
931476338fc164d39df66e4714e1c5b3,aee_ch_40_29.wav,,audio/x-wav,audio/aee_ch_40_29.wav,,118552
9332ed5a86f63f12659e283ca0be0e73,aee_ch_40_29.mp3,,audio/mpeg,audio/aee_ch_40_29.mp3,,29256
cf4c323a58c253cdd343c16ffcd1b623,lbj_40_29.wav,,audio/x-wav,audio/lbj_40_29.wav,,115768
c06a65a8bf8e078ec6caae4868bfb1d3,lbj_40_29.mp3,,audio/mpeg,audio/lbj_40_29.mp3,,29256
db0089aba8a110e83e68ed28ebdf8ddd,trw_40_20.wav,,audio/x-wav,audio/trw_40_20.wav,,109752
333946a2bb6024d8ab0771b4aa7cb0ad,trw_40_20.mp3,,audio/mpeg,audio/trw_40_20.mp3,,27166
26b2ecc70b5c5257d1656256e989a514,plk_40_35.wav,,audio/x-wav,audio/plk_40_35.wav,,122256
645566b5db3dc61e3ba8d702db194690,plk_40_35.mp3,,audio/mpeg,audio/plk_40_35.mp3,,30301
b5fe556669cf57ad0f641f2cea49be82,uzs_40_21.wav,,audio/x-wav,audio/uzs_40_21.wav,,141636
52ec892e42364a57cf13e3b0aa57c8e1,uzs_40_21.mp3,,audio/mpeg,audio/uzs_40_21.mp3,,34480
48e009ce9c03b65785a43c4f6290830c,aee_sh_40_21.wav,,audio/x-wav,audio/aee_sh_40_21.wav,,112628
be52bcd1abfc7c228f20fe4db9e67a4d,aee_sh_40_21.mp3,,audio/mpeg,audio/aee_sh_40_21.mp3,,28211
5e98fa95249d5920dcef7e1a78168a86,pbu_a_40_25.wav,,audio/x-wav,audio/pbu_a_40_25.wav,,96204
a0e06981fd249ebaacf0cae03537cfcf,pbu_a_40_25.mp3,,audio/mpeg,audio/pbu_a_40_25.mp3,,24031
3c761baf6a503bb7004715e863eae61a,ask_40_09.wav,,audio/x-wav,audio/ask_40_09.wav,,130584
09c1ae1f030a6d6ad23d262003bc9465,ask_40_09.mp3,,audio/mpeg,audio/ask_40_09.mp3,,32391
168c89a3fee91886f7201fb0bd10d98c,prn_40_37.wav,,audio/x-wav,audio/prn_40_37.wav,,113052
d6db6b610c5160d0174b92d383b4f09e,prn_40_37.mp3,,audio/mpeg,audio/prn_40_37.mp3,,28211
b43aa422d18c7c227d600d2eacda3e53,trw_40_22.wav,,audio/x-wav,audio/trw_40_22.wav,,112980
77fd7ab84973775ecc3367222abbdff4,trw_40_22.mp3,,audio/mpeg,audio/trw_40_22.mp3,,28211
de657199a2bc930ddc0098b3e3e89936,phr_40_04a.wav,,audio/x-wav,audio/phr_40_04a.wav,,93688
707fbd772adcccef41cc3110db5ea1b9,phr_40_04a.mp3,,audio/mpeg,audio/phr_40_04a.mp3,,24031
75725ccdd82714139eef6f8ab7553886,mnj_40_33.wav,,audio/x-wav,audio/mnj_40_33.wav,,163656
4c110d484e654a796d7163a4ddbf6d04,mnj_40_33.mp3,,audio/mpeg,audio/mnj_40_33.mp3,,39705
c86803361925330befdf0beb324621c3,dml_40_34.wav,,audio/x-wav,audio/dml_40_34.wav,,114920
64f0eea98375ed9154d6c4d1a04b2d23,dml_40_34.mp3,,audio/mpeg,audio/dml_40_34.mp3,,28211
1477e293b803a8d4e7acbc6082864c86,mnj_40_04.wav,,audio/x-wav,audio/mnj_40_04.wav,,147296
5974f8148aaaadb5d1e8e7db3e2a0ac7,mnj_40_04.mp3,,audio/mpeg,audio/mnj_40_04.mp3,,35525
24ec14da22fff123dc77d206cb742322,aee_kg_40_22.wav,,audio/x-wav,audio/aee_kg_40_22.wav,,102848
7075522515ab9f756881f7fbaa6d7af4,aee_kg_40_22.mp3,,audio/mpeg,audio/aee_kg_40_22.mp3,,26121
af12ca10144ead3950672a2c2dc66397,prx_40_07.wav,,audio/x-wav,audio/prx_40_07.wav,,95072
a701d4f87b3eb97eadfb8ee741b14077,prx_40_07.mp3,,audio/mpeg,audio/prx_40_07.mp3,,24031
8da01d95ed0e2fb951c7c04d432fc202,prc_40_26.wav,,audio/x-wav,audio/prc_40_26.wav,,105892
e8a9a8dfd808229abd0badecf2ad99f9,prc_40_26.mp3,,audio/mpeg,audio/prc_40_26.mp3,,26121
4373b00ef4583e570e8304cf8bf8b794,wbl_p_40_26.wav,,audio/x-wav,audio/wbl_p_40_26.wav,,116336
0d3e17a87f4c1072605f4b2183b4f4de,wbl_p_40_26.mp3,,audio/mpeg,audio/wbl_p_40_26.mp3,,29256
5a6886f3fe75d96616f13d0dc44f43f8,kir_40_23.wav,,audio/x-wav,audio/kir_40_23.wav,,169984
a3b3be98836b8b135dbe0a6a31e143ac,kir_40_23.mp3,,audio/mpeg,audio/kir_40_23.mp3,,40750
6807fafbf28b7f873ea1959679d93fc4,bsh_w_40_35.wav,,audio/x-wav,audio/bsh_w_40_35.wav,,113628
f1a2c93c802df141e43c1ac2ce57aba3,bsh_w_40_35.mp3,,audio/mpeg,audio/bsh_w_40_35.mp3,,28211
f2f9eef77cb3431231db768d06c75e59,btv_40_14.wav,,audio/x-wav,audio/btv_40_14.wav,,118032
b40c4116d69ba21bbc82960c20a5352a,btv_40_14.mp3,,audio/mpeg,audio/btv_40_14.mp3,,29256
2f73cd2ba44401802d9f72651076d753,mvy_40_26.wav,,audio/x-wav,audio/mvy_40_26.wav,,96892
6d5c365fd6616c31b98c554145e6a89c,mvy_40_26.mp3,,audio/mpeg,audio/mvy_40_26.mp3,,25076
42ef8eb60a83acea42f48b6ebc328494,ydg_40_19.mp3,,audio/mpeg,audio/ydg_40_19.mp3,,37615
cdda4495fa3b117e4cc73c59264e79d3,ydg_40_19.wav,,audio/x-wav,audio/ydg_40_19.wav,,152940
351513e6ff89df7ef5b231035c2ace19,gju_p_40_14.wav,,audio/x-wav,audio/gju_p_40_14.wav,,145508
5b5e69afa8cd7e9ad77ca92e3fde5d2a,gju_p_40_14.mp3,,audio/mpeg,audio/gju_p_40_14.mp3,,35525
5ce73aab2fcdd752576ddd13889d9040,plk_40_26.wav,,audio/x-wav,audio/plk_40_26.wav,,99480
383cb3798cf81829fa19587a78ee6876,plk_40_26.mp3,,audio/mpeg,audio/plk_40_26.mp3,,25076
8568efae198073ea177467f9002fcadb,xvi_40_33.mp3,,audio/mpeg,audio/xvi_40_33.mp3,,33435
a9b98b3f713481be1e4781ee23014cbd,xvi_40_33.wav,,audio/x-wav,audio/xvi_40_33.wav,,137564
7d5d8e035c2331b7731c539381e1df60,dml_40_21.wav,,audio/x-wav,audio/dml_40_21.wav,,143640
e50bc495cc792b1cff8847997f3d7aa0,dml_40_21.mp3,,audio/mpeg,audio/dml_40_21.mp3,,35525
6bcc011b907e2df981ed3befbe59c00a,aae_at_40_24.wav,,audio/x-wav,audio/aae_at_40_24.wav,,87040
78f007d876e9b1832e4e166facb2c16c,aae_at_40_24.mp3,,audio/mpeg,audio/aae_at_40_24.mp3,,21942
38f4d03e17a91ae39982b9d74c912bf5,wbk_40_13.wav,,audio/x-wav,audio/wbk_40_13.wav,,94372
dbae869b2b795256f5fdb0fff481ca44,wbk_40_13.mp3,,audio/mpeg,audio/wbk_40_13.mp3,,24031
f03d644ca1aaaef9b95b357cc7a2f4df,aee_ch_40_16.wav,,audio/x-wav,audio/aee_ch_40_16.wav,,70792
1c64e81be9d0fba201e1a3723148d1bf,aee_ch_40_16.mp3,,audio/mpeg,audio/aee_ch_40_16.mp3,,18807
47a7204fdb70f4e5398699455804c057,psi_am_40_08.wav,,audio/x-wav,audio/psi_am_40_08.wav,,129324
a9210a414ea7dd90dfe0d61716f8a043,psi_am_40_08.mp3,,audio/mpeg,audio/psi_am_40_08.mp3,,32391
e8fa67029af2d2203c9707b46c21bfa6,uzs_40_16.wav,,audio/x-wav,audio/uzs_40_16.wav,,105860
fa9179737381c841cecd57552c6c0e78,uzs_40_16.mp3,,audio/mpeg,audio/uzs_40_16.mp3,,26121
5238e9b211f1f78af4f22f0d538175d9,mvy_40_15.wav,,audio/x-wav,audio/mvy_40_15.wav,,136160
dfbf9d2aea7c5a785dd801caaa48fb64,mvy_40_15.mp3,,audio/mpeg,audio/mvy_40_15.mp3,,33435
642744e1407f0daa751725f7227cc27a,gju_p_40_02.wav,,audio/x-wav,audio/gju_p_40_02.wav,,172828
7c1367519d314d77fce81e3eda9def77,gju_p_40_02.mp3,,audio/mpeg,audio/gju_p_40_02.mp3,,41795
e4a736241285ef2d8c5d64c424daddaa,psi_ar_40_36.wav,,audio/x-wav,audio/psi_ar_40_36.wav,,95564
17220a530b53cc677429caae16fdd40b,psi_ar_40_36.mp3,,audio/mpeg,audio/psi_ar_40_36.mp3,,24031
12d19c158e753719e90972d7209158f0,bsk_h_40_02.wav,,audio/x-wav,audio/bsk_h_40_02.wav,,87580
ec5b9f5505b13eb1ee7c0e62f9f9308b,bsk_h_40_02.mp3,,audio/mpeg,audio/bsk_h_40_02.mp3,,21942
9f8e172ccf005d60c6bcb68af3838020,dml_40_28.wav,,audio/x-wav,audio/dml_40_28.wav,,117268
4463c18dedb72eb3e4e04106870eb731,dml_40_28.mp3,,audio/mpeg,audio/dml_40_28.mp3,,29256
a076a2a39ee53c2e8748c3845255a79f,mnj_40_39.wav,,audio/x-wav,audio/mnj_40_39.wav,,140748
431a7899d9920cf730cd45484c271f3c,mnj_40_39.mp3,,audio/mpeg,audio/mnj_40_39.mp3,,34480
9306a78e03ce5133a4e0e9db2e6e15df,aee_ch_40_21.wav,,audio/x-wav,audio/aee_ch_40_21.wav,,184700
bcb951e4b9491e52b61243d1650af0a8,aee_ch_40_21.mp3,,audio/mpeg,audio/aee_ch_40_21.mp3,,44929
1178515550a24540d583528688fec502,aee_kg_40_25.wav,,audio/x-wav,audio/aee_kg_40_25.wav,,94140
1080b54451d5cb68002dd2f4341b12b8,aee_kg_40_25.mp3,,audio/mpeg,audio/aee_kg_40_25.mp3,,24031
420a952c7e1c88db458c56ecb120f053,plk_40_31.wav,,audio/x-wav,audio/plk_40_31.wav,,105172
6d027a03cfc07344c5f4f0a858cfa00f,plk_40_31.mp3,,audio/mpeg,audio/plk_40_31.mp3,,26121
54d228cf93511b695551a41c942982b2,sgh_a_40_38.wav,,audio/x-wav,audio/sgh_a_40_38.wav,,157344
a824f7457e8f01378be79756ea0f5e1f,sgh_a_40_38.mp3,,audio/mpeg,audio/sgh_a_40_38.mp3,,38660
19e5fb2b6f6949fba99716dacc289949,kas_p_40_15.wav,,audio/x-wav,audio/kas_p_40_15.wav,,138580
cdc6013d5e1b0845cf32c6aedb27e871,kas_p_40_15.mp3,,audio/mpeg,audio/kas_p_40_15.mp3,,34480
f50269de3df7821d7359f05fd22964cf,xka_40_39.mp3,,audio/mpeg,audio/xka_40_39.mp3,,28211
f46c381acc804ba636785af2da8e7ba4,xka_40_39.wav,,audio/x-wav,audio/xka_40_39.wav,,114784
9973efc78c82f852702f4b81a14ae3c2,bkk_40_31.wav,,audio/x-wav,audio/bkk_40_31.wav,,113672
de3277cd9259ad2c4bffbade855138e3,bkk_40_31.mp3,,audio/mpeg,audio/bkk_40_31.mp3,,28211
a9b4cf5e59b455db3a1729f89ce6e1ad,bsk_n_40_25.wav,,audio/x-wav,audio/bsk_n_40_25.wav,,143504
fcdf663e4871e6a776cd74b093310d80,bsk_n_40_25.mp3,,audio/mpeg,audio/bsk_n_40_25.mp3,,35525
f371ddca602b65d5671fb1b42c6c9da7,bft_40_28b.wav,,audio/x-wav,audio/bft_40_28b.wav,,148736
d1d3f65453659ed035237a791069b1af,bft_40_28b.mp3,,audio/mpeg,audio/bft_40_28b.mp3,,36570
9b5e2b39edf2f22e71e07a6313d532b2,kls_40_12.wav,,audio/x-wav,audio/kls_40_12.wav,,151460
b44fd269ed05477f2f6cf11ad41f01e5,kls_40_12.mp3,,audio/mpeg,audio/kls_40_12.mp3,,36570
2620d0d34da5cd7536cd73afb08d20b9,sgh_r_40_11.wav,,audio/x-wav,audio/sgh_r_40_11.wav,,117188
3cb20d18aeda31b110024627916aeb2f,sgh_r_40_11.mp3,,audio/mpeg,audio/sgh_r_40_11.mp3,,29256
9d0ce4975dd8003e264171f601dc917d,kls_40_27.wav,,audio/x-wav,audio/kls_40_27.wav,,158588
a70d04c644c51c829b13fcd46257aaa1,kls_40_27.mp3,,audio/mpeg,audio/kls_40_27.mp3,,38660
416ee865778505e7992ddf3ff2afbfa0,plk_40_22.wav,,audio/x-wav,audio/plk_40_22.wav,,124008
4f475eeaf19aa8ba6906d26c624da70a,plk_40_22.mp3,,audio/mpeg,audio/plk_40_22.mp3,,30301
2dafc67afaf5a4d15431c56f0f009984,bkk_40_08.wav,,audio/x-wav,audio/bkk_40_08.wav,,121752
f5cbfd858e4f49be3d4c6ffb3be1aca0,bkk_40_08.mp3,,audio/mpeg,audio/bkk_40_08.mp3,,30301
5a7d44ec0945c22284fdf83d39b4664d,prx_40_38.wav,,audio/x-wav,audio/prx_40_38.wav,,65564
927174a18eb554c28040d1ed25c754ca,prx_40_38.mp3,,audio/mpeg,audio/prx_40_38.mp3,,17762
e81896af95afa59247d98ba73757a265,sdg_40_34.wav,,audio/x-wav,audio/sdg_40_34.wav,,122884
e60539f712d6bd1a2d9c9c42e27e449e,sdg_40_34.mp3,,audio/mpeg,audio/sdg_40_34.mp3,,30301
e628bd14b85c5bf5a1e134b722b7a3ce,glh_sn_40_19.wav,,audio/x-wav,audio/glh_sn_40_19.wav,,116608
97bb4717fab7236e4ec14062a35d6fed,glh_sn_40_19.mp3,,audio/mpeg,audio/glh_sn_40_19.mp3,,29256
8317b8043da49998512b039abf225c89,ush_40_11.wav,,audio/x-wav,audio/ush_40_11.wav,,123460
610d046f9fcee623943b29976feec233,ush_40_11.mp3,,audio/mpeg,audio/ush_40_11.mp3,,30301
831817bdd82c7a0877f20e8b145ab01c,pbu_p_40_40.wav,,audio/x-wav,audio/pbu_p_40_40.wav,,98852
086d9fb5066268af0e4dea7552fc752f,pbu_p_40_40.mp3,,audio/mpeg,audio/pbu_p_40_40.mp3,,25076
49fc0120cc163d51be60fb787ad1a626,plk_40_30.wav,,audio/x-wav,audio/plk_40_30.wav,,113932
59cedc7a2f8394da9fe822e428d925fc,plk_40_30.mp3,,audio/mpeg,audio/plk_40_30.mp3,,28211
f5028c6f154c1673613dca0e11253191,plk_40_27.wav,,audio/x-wav,audio/plk_40_27.wav,,109116
ebfa53745bb2e985d95a009b71f50535,plk_40_27.mp3,,audio/mpeg,audio/plk_40_27.mp3,,27166
f6f0210b8403091f66e2e8be0a03e5b5,glh_ag_40_14.wav,,audio/x-wav,audio/glh_ag_40_14.wav,,152752
5ed19d15c922034ad422af90dcb11853,glh_ag_40_14.mp3,,audio/mpeg,audio/glh_ag_40_14.mp3,,37615
f938798b11f0f0d5d23ffc7227d5abae,wbk_40_37.wav,,audio/x-wav,audio/wbk_40_37.wav,,85124
1f9cf8e612712bb2c6dd09461cc6b613,wbk_40_37.mp3,,audio/mpeg,audio/wbk_40_37.mp3,,21942
1f109e9abb07e1707613e4191a4d0282,bft_40_39b.wav,,audio/x-wav,audio/bft_40_39b.wav,,130668
ba4123c47b41e2caad71b5d8f47a9dd4,bft_40_39b.mp3,,audio/mpeg,audio/bft_40_39b.mp3,,32391
b63f2626514fc4164e44ec7936e2f579,ush_40_28.wav,,audio/x-wav,audio/ush_40_28.wav,,148508
3b1d9163e058f8d04486e626b01d5ba3,ush_40_28.mp3,,audio/mpeg,audio/ush_40_28.mp3,,36570
a53f2037425c11021cba81369cf1831b,phr_40_08.wav,,audio/x-wav,audio/phr_40_08.wav,,127260
c7ab07685700ea218fcd68c0466b70be,phr_40_08.mp3,,audio/mpeg,audio/phr_40_08.mp3,,31346
965166a30e830ca4c7e98404bd275e7b,glh_ag_40_10.wav,,audio/x-wav,audio/glh_ag_40_10.wav,,133380
bf2b098bfcc476abf4ffd8cf4f9821dd,glh_ag_40_10.mp3,,audio/mpeg,audio/glh_ag_40_10.mp3,,32391
ef035769e51d1705b96a70f9a2bc74da,gju_a_40_27.wav,,audio/x-wav,audio/gju_a_40_27.wav,,120792
0c8a55d3d9e805ff2af26a7ca0392304,gju_a_40_27.mp3,,audio/mpeg,audio/gju_a_40_27.mp3,,30301
328fc18c585da9898707846b2b008684,pbu_a_40_30.wav,,audio/x-wav,audio/pbu_a_40_30.wav,,163648
8c70cea8d15b9b8ce178a02ef6c823d0,pbu_a_40_30.mp3,,audio/mpeg,audio/pbu_a_40_30.mp3,,39705
b2ecdd5fa10a9eb73d8500fd6dd2dc3a,psi_ar_40_08b.wav,,audio/x-wav,audio/psi_ar_40_08b.wav,,140916
5a0ac493fa9bb0a7f3e09ed9eeb7eb1c,psi_ar_40_08b.mp3,,audio/mpeg,audio/psi_ar_40_08b.mp3,,34480
01bcec7ffb72f68aa98d64f9133b21c5,aee_ch_40_33.wav,,audio/x-wav,audio/aee_ch_40_33.wav,,95556
cb4888979e609d1f46eb4df3262fe1f8,aee_ch_40_33.mp3,,audio/mpeg,audio/aee_ch_40_33.mp3,,24031
67b51fe31bb1b86248f3c66bc9c2a340,kas_p_40_02.wav,,audio/x-wav,audio/kas_p_40_02.wav,,130288
a14b2369c90306c75ca688b0c983b0f5,kas_p_40_02.mp3,,audio/mpeg,audio/kas_p_40_02.mp3,,32391
8ae0dba634508fe10970db34196f74e2,bft_40_25.wav,,audio/x-wav,audio/bft_40_25.wav,,176616
fdec7b28ce595178a4a231759f5a47f5,bft_40_25.mp3,,audio/mpeg,audio/bft_40_25.mp3,,42840
f2c9d46df5ec172c9d286908eff37c96,isk_40_21.wav,,audio/x-wav,audio/isk_40_21.wav,,131436
b782a0d09179736046e4faeff140c6a6,isk_40_21.mp3,,audio/mpeg,audio/isk_40_21.mp3,,32391
4a9ca50fd5e9ded9004a1c17e44a991e,phl_40_16.wav,,audio/x-wav,audio/phl_40_16.wav,,84192
d08252451d2ec29ac3a33e7fe4837478,phl_40_16.mp3,,audio/mpeg,audio/phl_40_16.mp3,,21942
156485706c43fe60a015ac8706179553,kas_i_40_19.wav,,audio/x-wav,audio/kas_i_40_19.wav,,168428
28055ba162cfb414331a1f29646430f5,kas_i_40_19.mp3,,audio/mpeg,audio/kas_i_40_19.mp3,,40750
3b91ef6c4a59d1463a097f8d4e46e167,wbl_p_40_07.wav,,audio/x-wav,audio/wbl_p_40_07.wav,,108752
37c3c6d84c978afbb2102eb9c88e8406,wbl_p_40_07.mp3,,audio/mpeg,audio/wbl_p_40_07.mp3,,27166
7562159ec261ed2f315ef3490431b386,gwc_40_09.wav,,audio/x-wav,audio/gwc_40_09.wav,,88404
02334e5e5160225433ce4a7247d47425,gwc_40_09.mp3,,audio/mpeg,audio/gwc_40_09.mp3,,22986
19a76debad6ea1181fbf9e9874628fb2,dml_40_09.wav,,audio/x-wav,audio/dml_40_09.wav,,131916
932e92461383f1413a08ff0a88976b6f,dml_40_09.mp3,,audio/mpeg,audio/dml_40_09.mp3,,32391
377a369316d7c72975f95b338941c3b8,pbu_i_40_21.wav,,audio/x-wav,audio/pbu_i_40_21.wav,,106092
134f684bb4891a0e8b9549763bb305a4,pbu_i_40_21.mp3,,audio/mpeg,audio/pbu_i_40_21.mp3,,27166
25eed7a9eda24f0e5ef550a96893e0d5,bsk_h_40_20.wav,,audio/x-wav,audio/bsk_h_40_20.wav,,97404
a6e4422aaebd5afc1a3b8b8a4edcfa4a,bsk_h_40_20.mp3,,audio/mpeg,audio/bsk_h_40_20.mp3,,25076
3354c1b6ba28ff88d742f06e098f18cf,xka_40_21.mp3,,audio/mpeg,audio/xka_40_21.mp3,,36570
c0ea91a0eb94f24e028f780ea0099da1,xka_40_21.wav,,audio/x-wav,audio/xka_40_21.wav,,149352
e251dd3bcf5920975109d81a02c6206e,glh_ag_40_30.wav,,audio/x-wav,audio/glh_ag_40_30.wav,,119868
c63d1b4c5dc901223538ca66b8730d2a,glh_ag_40_30.mp3,,audio/mpeg,audio/glh_ag_40_30.mp3,,30301
96d79c48ee3379d4636f4a35525e6605,sgh_r_40_07.wav,,audio/x-wav,audio/sgh_r_40_07.wav,,135208
370f8188dd3b177d18264678a255eb3b,sgh_r_40_07.mp3,,audio/mpeg,audio/sgh_r_40_07.mp3,,33435
e36ac7d19a23855f805317ac45c90cd1,sgy_40_31.wav,,audio/x-wav,audio/sgy_40_31.wav,,139304
fb5a5ed59564d09e754845004d8d30c0,sgy_40_31.mp3,,audio/mpeg,audio/sgy_40_31.mp3,,34480
aaf2e1e3bbbf5b5e32ab86e8c6311bcf,sgh_r_40_23.wav,,audio/x-wav,audio/sgh_r_40_23.wav,,114184
49c6f597a0de8872eeb9bab223e7b32a,sgh_r_40_23.mp3,,audio/mpeg,audio/sgh_r_40_23.mp3,,28211
001d3d2b3c79751184f940f471ef9be7,isk_40_22.wav,,audio/x-wav,audio/isk_40_22.wav,,106468
83df6a42a37609e4be3e524ac527bf10,isk_40_22.mp3,,audio/mpeg,audio/isk_40_22.mp3,,27166
67faeebc3480ed72e21de82a248666bc,ydg_40_14.mp3,,audio/mpeg,audio/ydg_40_14.mp3,,36570
d5bff12cc6aa5b804d58678f8b3a540e,ydg_40_14.wav,,audio/x-wav,audio/ydg_40_14.wav,,148788
24ad23815f54598fbe993145684c04cf,bft_40_16.wav,,audio/x-wav,audio/bft_40_16.wav,,114148
0136ca6b3ddee9ec1a695040d750b902,bft_40_16.mp3,,audio/mpeg,audio/bft_40_16.mp3,,28211
f3e9e09454f745d39a1d1f250dc3b2b9,sgh_a_40_03.wav,,audio/x-wav,audio/sgh_a_40_03.wav,,159992
9fe4fb3cd31bffc681b558ea96bea8f2,sgh_a_40_03.mp3,,audio/mpeg,audio/sgh_a_40_03.mp3,,38660
7e2d00eb49032eaf040808356f4b3ee9,wbl_a_40_11.wav,,audio/x-wav,audio/wbl_a_40_11.wav,,90916
90b2b11200dbf0feafbb514aea063105,wbl_a_40_11.mp3,,audio/mpeg,audio/wbl_a_40_11.mp3,,22986
a2d58cb94d90ede7d310b0a328d51595,dml_40_23.wav,,audio/x-wav,audio/dml_40_23.wav,,139540
c9cd5f036cc4da3135433c28fdc946ae,dml_40_23.mp3,,audio/mpeg,audio/dml_40_23.mp3,,34480
943490adaec0e1679a4d66b32239bd7c,gju_p_40_37.wav,,audio/x-wav,audio/gju_p_40_37.wav,,90872
e78163970f8cf171b8c888259f503fbb,gju_p_40_37.mp3,,audio/mpeg,audio/gju_p_40_37.mp3,,22986
7aa5c3d0c72af7f6e7cdc8f89912b80d,xvi_40_28.mp3,,audio/mpeg,audio/xvi_40_28.mp3,,38660
87144846b14387d35167bd5e40c08694,xvi_40_28.wav,,audio/x-wav,audio/xvi_40_28.wav,,160616
f44162d7cd3e23fc0879a08bce1792f4,mnj_40_27.wav,,audio/x-wav,audio/mnj_40_27.wav,,148932
2c4dfec277c2715eb3788591ffe6b3c9,mnj_40_27.mp3,,audio/mpeg,audio/mnj_40_27.mp3,,36570
70635be403b74ef5cf79f33a9864c8c3,psi_am_40_02.wav,,audio/x-wav,audio/psi_am_40_02.wav,,108428
d83b45ce151a98a4d82d73d625f8ebb1,psi_am_40_02.mp3,,audio/mpeg,audio/psi_am_40_02.mp3,,27166
6f0ffec9e669f44aeecb74fb0fac3546,kir_40_13.wav,,audio/x-wav,audio/kir_40_13.wav,,132008
7e36b6a1f2364c894305bb210cc0195f,kir_40_13.mp3,,audio/mpeg,audio/kir_40_13.mp3,,32391
a597f01b856b923d71941d7b792e2012,pbu_p_40_21.wav,,audio/x-wav,audio/pbu_p_40_21.wav,,107084
195cd31bdaffe0c1da7eaba0b8337bfa,pbu_p_40_21.mp3,,audio/mpeg,audio/pbu_p_40_21.mp3,,27166
c37e40c9b574e51baabd5dd2f0cb8a4e,prs_d_40_21.wav,,audio/x-wav,audio/prs_d_40_21.wav,,113552
a1d55feb8ea852a84ea0fe9a036305ce,prs_d_40_21.mp3,,audio/mpeg,audio/prs_d_40_21.mp3,,28211
74a14a0e1cffd1f7ea333ca189f13b7e,bsk_n_40_22.wav,,audio/x-wav,audio/bsk_n_40_22.wav,,135872
225b6b29ea2a5356de2c005978601e5e,bsk_n_40_22.mp3,,audio/mpeg,audio/bsk_n_40_22.mp3,,33435
1e8be54e7aeaec5970c9053262175288,sgh_a_40_34.wav,,audio/x-wav,audio/sgh_a_40_34.wav,,121996
b582f549a5d4a5758c88c408bce84df8,sgh_a_40_34.mp3,,audio/mpeg,audio/sgh_a_40_34.mp3,,30301
c7900010d50403b23a9257c32726a040,uzs_40_06.wav,,audio/x-wav,audio/uzs_40_06.wav,,134024
633d75743148b78848df68419334f330,uzs_40_06.mp3,,audio/mpeg,audio/uzs_40_06.mp3,,33435
d655652b622ab184c8745cb37921f5ff,shd_40_18.wav,,audio/x-wav,audio/shd_40_18.wav,,121832
ce08a3d5a05103691ebe0db2b996a8f2,shd_40_18.mp3,,audio/mpeg,audio/shd_40_18.mp3,,30301
9aa4b9bb5ee6f994aaf5d0fa5fed09f2,bsk_h_40_32.wav,,audio/x-wav,audio/bsk_h_40_32.wav,,89716
d54746f39eeedb037feab6922bf00e7a,bsk_h_40_32.mp3,,audio/mpeg,audio/bsk_h_40_32.mp3,,22986
e59a0c1c694730240ba4ddf6ec4f104e,ush_40_04.wav,,audio/x-wav,audio/ush_40_04.wav,,119792
22419fd2e108ab58032b47d6198001fa,ush_40_04.mp3,,audio/mpeg,audio/ush_40_04.mp3,,29256
244946372620e10d3a1fca586d821fbc,trw_40_03.wav,,audio/x-wav,audio/trw_40_03.wav,,98456
c3231323844a225ad8e7d251bd4f124c,trw_40_03.mp3,,audio/mpeg,audio/trw_40_03.mp3,,25076
be8309d6d26a645a8586bbf17e060d65,glh_sn_40_32.wav,,audio/x-wav,audio/glh_sn_40_32.wav,,109628
890c0a1c2682c2b41139c3077c4f8825,glh_sn_40_32.mp3,,audio/mpeg,audio/glh_sn_40_32.mp3,,27166
3d57626ba7043f2c581a31e4e6b5dc82,uzs_40_21b.wav,,audio/x-wav,audio/uzs_40_21b.wav,,140116
855d703eefd070395a0c3a0c8594eafb,uzs_40_21b.mp3,,audio/mpeg,audio/uzs_40_21b.mp3,,34480
cda9ab7b8748f1beb1101aff19ef7c8b,wbk_40_11.wav,,audio/x-wav,audio/wbk_40_11.wav,,82348
549cab6f1d8372e14221e4bf978c1aba,wbk_40_11.mp3,,audio/mpeg,audio/wbk_40_11.mp3,,20897
334e5c614d7a3232789309c0ee2c94c3,sgh_a_40_21.wav,,audio/x-wav,audio/sgh_a_40_21.wav,,102556
e042e1b4d69857fc706817b998521441,sgh_a_40_21.mp3,,audio/mpeg,audio/sgh_a_40_21.mp3,,26121
b20b62da076959d4bfedb1510ee175b7,sgy_40_32.wav,,audio/x-wav,audio/sgy_40_32.wav,,169832
c2ff70b7ba3c016a01b892196696c781,sgy_40_32.mp3,,audio/mpeg,audio/sgy_40_32.mp3,,40750
7cc77ab3d59a78d9080a44c17cfbe924,hno_40_04.wav,,audio/x-wav,audio/hno_40_04.wav,,91960
c6f73ff499d6d29cb49eba39ed61baaf,hno_40_04.mp3,,audio/mpeg,audio/hno_40_04.mp3,,22986
295f899269d007e4dc5ca4f503289cd2,bft_40_17.wav,,audio/x-wav,audio/bft_40_17.wav,,149256
a0deb7c8340daa8f1e0f55eed94c4dfe,bft_40_17.mp3,,audio/mpeg,audio/bft_40_17.mp3,,36570
aca1e3af9f253ee51e1aba0936461c57,kas_i_40_39.wav,,audio/x-wav,audio/kas_i_40_39.wav,,122024
7540c12a439d2dc6741d2459efa42f79,kas_i_40_39.mp3,,audio/mpeg,audio/kas_i_40_39.mp3,,30301
0f1d9c2fa6832b3ae30a0a6346e201bc,khw_40_40.wav,,audio/x-wav,audio/khw_40_40.wav,,96996
ae53146d082dc83445147f7cf9ce9ab4,khw_40_40.mp3,,audio/mpeg,audio/khw_40_40.mp3,,25076
5f70456b503aec8c39e514575c0bb0f3,scl_p_40_16.wav,,audio/x-wav,audio/scl_p_40_16.wav,,126972
00012b14c00302c0a27a6b6ec6b92cba,scl_p_40_16.mp3,,audio/mpeg,audio/scl_p_40_16.mp3,,31346
3e5a2c1d87ba42261210d9a17577b536,bsk_n_40_24.wav,,audio/x-wav,audio/bsk_n_40_24.wav,,98776
ff253102307f5c2db9659a4108e6cafe,bsk_n_40_24.mp3,,audio/mpeg,audio/bsk_n_40_24.mp3,,25076
64401bde44be7c4259a9cb49076a1842,wbl_p_40_38.wav,,audio/x-wav,audio/wbl_p_40_38.wav,,133188
68aa8366ce181b8c8a6444106e4ed673,wbl_p_40_38.mp3,,audio/mpeg,audio/wbl_p_40_38.mp3,,32391
995dff7daac37c4d56beaa5da17136fb,glh_sn_40_34.wav,,audio/x-wav,audio/glh_sn_40_34.wav,,105440
e4378f08b594040684ff1f73051203a5,glh_sn_40_34.mp3,,audio/mpeg,audio/glh_sn_40_34.mp3,,26121
d059fdac274f9105b8199c36a3d42253,sgy_40_06.wav,,audio/x-wav,audio/sgy_40_06.wav,,125316
89481086e993b903567abb99efc21de7,sgy_40_06.mp3,,audio/mpeg,audio/sgy_40_06.mp3,,31346
87de478ddd0a17b3efab95d4237ef4cf,prn_40_22.wav,,audio/x-wav,audio/prn_40_22.wav,,100788
622a135d4153b4928b9b3bf096efa41f,prn_40_22.mp3,,audio/mpeg,audio/prn_40_22.mp3,,25076
3da717faee3a4a763e84e3ed51413a08,plk_40_01.wav,,audio/x-wav,audio/plk_40_01.wav,,131892
50683e38191b7e7615d94fd98d5fbd1c,plk_40_01.mp3,,audio/mpeg,audio/plk_40_01.mp3,,32391
59ddd366bbb4fef4363f490b48a88944,bsk_n_40_35.wav,,audio/x-wav,audio/bsk_n_40_35.wav,,111324
9e6bb7781ec6a45a62baa0a68509966a,bsk_n_40_35.mp3,,audio/mpeg,audio/bsk_n_40_35.mp3,,28211
bc491c7837425603ac153151b333d4a9,kir_40_36.wav,,audio/x-wav,audio/kir_40_36.wav,,198464
7d33a83614fd61de9491826751ac4572,kir_40_36.mp3,,audio/mpeg,audio/kir_40_36.mp3,,48064
4e79ebf7c1f552e984449ba45f04e604,xvi_40_02.mp3,,audio/mpeg,audio/xvi_40_02.mp3,,29256
ce45d83fc52b26d9ff8bc43d473fb6e7,xvi_40_02.wav,,audio/x-wav,audio/xvi_40_02.wav,,117692
11f0a7bcf84a453b537ade129c229dba,shd_40_07.wav,,audio/x-wav,audio/shd_40_07.wav,,125892
fe95608564073f6d9cc2f9b018bbfb55,shd_40_07.mp3,,audio/mpeg,audio/shd_40_07.mp3,,31346
e9751762676bf727b26f69bf7632006a,pbu_p_40_03.wav,,audio/x-wav,audio/pbu_p_40_03.wav,,107084
0cd0eabfc157a307b4efa6c5545cab20,pbu_p_40_03.mp3,,audio/mpeg,audio/pbu_p_40_03.mp3,,27166
8cfa61e614d4d57265e25ef6398a584e,shd_40_15.wav,,audio/x-wav,audio/shd_40_15.wav,,171220
56ca090b12c7b5918be0f80541ff28ec,shd_40_15.mp3,,audio/mpeg,audio/shd_40_15.mp3,,41795
d399890bb7018dea0a75df7f49860ba2,bsh_e_40_01.wav,,audio/x-wav,audio/bsh_e_40_01.wav,,138112
adcacbf57fbb513dd46a1dd150fd77a1,bsh_e_40_01.mp3,,audio/mpeg,audio/bsh_e_40_01.mp3,,33435
1c72466825856d5b2c271aa51ab204e9,bft_40_24.wav,,audio/x-wav,audio/bft_40_24.wav,,98140
6b65c92002cef9afcb59578898af9d67,bft_40_24.mp3,,audio/mpeg,audio/bft_40_24.mp3,,25076
7efbe1d9a5e96617b1c291266dad2a7d,scl_i_40_12.wav,,audio/x-wav,audio/scl_i_40_12.wav,,155344
b9c3aaa82a4b104db0b9f9565efdc0b5,scl_i_40_12.mp3,,audio/mpeg,audio/scl_i_40_12.mp3,,37615
7ea307bbe3a9b1d04ac7755a87aae14e,bsk_h_40_40.wav,,audio/x-wav,audio/bsk_h_40_40.wav,,61960
dcc3510878916e1ac55c08a278277d77,bsk_h_40_40.mp3,,audio/mpeg,audio/bsk_h_40_40.mp3,,16717
71541239da59f55849108409639a6a7a,wbl_a_40_39.wav,,audio/x-wav,audio/wbl_a_40_39.wav,,125940
45f3e1f846ac6839a90ac694b5122ff3,wbl_a_40_39.mp3,,audio/mpeg,audio/wbl_a_40_39.mp3,,31346
ccba9685a1467c1593fe6767875c4573,shd_40_05.wav,,audio/x-wav,audio/shd_40_05.wav,,147540
c556cb0e92d2e741986f4e70893e0442,shd_40_05.mp3,,audio/mpeg,audio/shd_40_05.mp3,,36570
508d60f87bc8e02895dbaff061225fc1,sgh_r_40_21.wav,,audio/x-wav,audio/sgh_r_40_21.wav,,110580
c0b8393f66053ae23129ae55990e15dd,sgh_r_40_21.mp3,,audio/mpeg,audio/sgh_r_40_21.mp3,,27166
ebcb829df2fd82180b0c48461c8ed764,psh_ai_40_33.wav,,audio/x-wav,audio/psh_ai_40_33.wav,,123408
2fdf1b9795ab189b21bcb728df87fbf5,psh_ai_40_33.mp3,,audio/mpeg,audio/psh_ai_40_33.mp3,,30301
407a31b23acc48f96b8b997978e301d6,wbl_p_40_01.wav,,audio/x-wav,audio/wbl_p_40_01.wav,,147516
d66cff946a20bc9c0eb5ca3fb2f0367b,wbl_p_40_01.mp3,,audio/mpeg,audio/wbl_p_40_01.mp3,,36570
3fc226de60cd0bb3d58da7265dca5c01,sgh_r_40_31b.wav,,audio/x-wav,audio/sgh_r_40_31b.wav,,167048
523c496b52e4246c64d7dd0a3bcd420f,sgh_r_40_31b.mp3,,audio/mpeg,audio/sgh_r_40_31b.mp3,,40750
61b7aa7b9383b1485712f032d66b2bcf,khw_40_20.wav,,audio/x-wav,audio/khw_40_20.wav,,125048
dd71068029a6e2cbb01f60be14db95ac,khw_40_20.mp3,,audio/mpeg,audio/khw_40_20.mp3,,31346
f9959468bcf3499e9c2cc57f735d3fe0,plk_40_10.wav,,audio/x-wav,audio/plk_40_10.wav,,145032
5aaec5e05be496ac70283a498866ecd1,plk_40_10.mp3,,audio/mpeg,audio/plk_40_10.mp3,,35525
aab35a15d96e0897a64489169dc57255,mvy_40_27.wav,,audio/x-wav,audio/mvy_40_27.wav,,156660
4a4bc20a8a9e4dcc99419198fa4aca8b,mvy_40_27.mp3,,audio/mpeg,audio/mvy_40_27.mp3,,37615
878c3cf1914c11b13b7a1d983042a027,glh_sn_40_31.wav,,audio/x-wav,audio/glh_sn_40_31.wav,,129176
53ef1c665cec4b5639c2d94de8327834,glh_sn_40_31.mp3,,audio/mpeg,audio/glh_sn_40_31.mp3,,32391
793a1f108e3f9fba5adea9717a2b347e,prs_d_40_14.wav,,audio/x-wav,audio/prs_d_40_14.wav,,184788
d70961c08310c5eb99d68c4bfd1765de,prs_d_40_14.mp3,,audio/mpeg,audio/prs_d_40_14.mp3,,44929
25afd0ccf829e30ea17eb194c46e9450,hno_40_05.wav,,audio/x-wav,audio/hno_40_05.wav,,129164
c3984affa6b5592c3b04d568bde4c9dd,hno_40_05.mp3,,audio/mpeg,audio/hno_40_05.mp3,,32391
0acb419157f025449a685c0b597e6d3f,prc_40_24.wav,,audio/x-wav,audio/prc_40_24.wav,,124156
3d85d96b22fc4c6d8c4e3ec53863aea0,prc_40_24.mp3,,audio/mpeg,audio/prc_40_24.mp3,,30301
43e763f285eccc55c4796a2ec8d3b542,scl_p_40_14.wav,,audio/x-wav,audio/scl_p_40_14.wav,,190432
bfe63302f6974181a70e921011bf9868,scl_p_40_14.mp3,,audio/mpeg,audio/scl_p_40_14.mp3,,45974
14853cfb0907eb7dbb362b0dff31542d,xvi_40_30.mp3,,audio/mpeg,audio/xvi_40_30.mp3,,28211
90ea5e7b42620deaba79e6b9ef412b74,xvi_40_30.wav,,audio/x-wav,audio/xvi_40_30.wav,,112128
f0a55ba3691d92f30f2d994f483c8a22,shd_40_37.wav,,audio/x-wav,audio/shd_40_37.wav,,160396
fc75c707c26859fa4ffe5edc86418caf,shd_40_37.mp3,,audio/mpeg,audio/shd_40_37.mp3,,38660
10338671d82f771024a78e6e78787f75,aae_at_40_35.wav,,audio/x-wav,audio/aae_at_40_35.wav,,66680
819d83e11dadbaf2345bfa4eb7fcedcb,aae_at_40_35.mp3,,audio/mpeg,audio/aae_at_40_35.mp3,,17762
9406bed4562ed35296dc1c990d1d2f42,sgh_r_40_10.wav,,audio/x-wav,audio/sgh_r_40_10.wav,,101568
4128fc7087dd9d30e4d58c7b8d15f963,sgh_r_40_10.mp3,,audio/mpeg,audio/sgh_r_40_10.mp3,,26121
51c84b297d304638f853593885e6ec5c,psi_am_40_12.wav,,audio/x-wav,audio/psi_am_40_12.wav,,114960
f4b131f4424c40b86e016ce519362962,psi_am_40_12.mp3,,audio/mpeg,audio/psi_am_40_12.mp3,,28211
eb3974f114023c6682c49f0cd45eb16a,kas_i_40_06.wav,,audio/x-wav,audio/kas_i_40_06.wav,,113044
07f9b7dfbf6e21c1770b887492e70d5f,kas_i_40_06.mp3,,audio/mpeg,audio/kas_i_40_06.mp3,,28211
0ce75f9daac690e8fc504652299f7319,isk_40_20.wav,,audio/x-wav,audio/isk_40_20.wav,,154032
7f32b21de814d435664ba980f3c96959,isk_40_20.mp3,,audio/mpeg,audio/isk_40_20.mp3,,37615
e0531cc582b64124235b66d8630aeff5,wbl_p_40_11.wav,,audio/x-wav,audio/wbl_p_40_11.wav,,70828
7d56f0550f214c34ef66fbd20dc82645,wbl_p_40_11.mp3,,audio/mpeg,audio/wbl_p_40_11.mp3,,18807
567b5891fcdb1f53730f1a6149a818b1,psi_am_40_31.wav,,audio/x-wav,audio/psi_am_40_31.wav,,96676
5b9ae12f164e9796d227046bb812442c,psi_am_40_31.mp3,,audio/mpeg,audio/psi_am_40_31.mp3,,24031
6cf348e1520c7f2aa1893db074f0283e,aee_kg_40_01.wav,,audio/x-wav,audio/aee_kg_40_01.wav,,105464
a6392cc66fcc1e3bc1206db043f5f88a,aee_kg_40_01.mp3,,audio/mpeg,audio/aee_kg_40_01.mp3,,26121
1edeed0063f095281c12cfe22b72f41a,mnj_40_31.wav,,audio/x-wav,audio/mnj_40_31.wav,,175928
f8304c7bcea53849f74c63f1e5493c44,mnj_40_31.mp3,,audio/mpeg,audio/mnj_40_31.mp3,,42840
3cafcdfea770d0638102db2cc9cfeb46,dml_40_25.wav,,audio/x-wav,audio/dml_40_25.wav,,127820
b883929ea680f21a9755b4da81e7775b,dml_40_25.mp3,,audio/mpeg,audio/dml_40_25.mp3,,31346
14747cc29f8f2589bc18db77cba050b1,prx_40_10.wav,,audio/x-wav,audio/prx_40_10.wav,,86812
3a127d83cac84951884114d5c351da1d,prx_40_10.mp3,,audio/mpeg,audio/prx_40_10.mp3,,21942
4d75dbde97edd0c1e5e2ade36235768d,gju_p_40_11.wav,,audio/x-wav,audio/gju_p_40_11.wav,,192628
c6c0fbcf8f8e3b9f5c56840af7e342dd,gju_p_40_11.mp3,,audio/mpeg,audio/gju_p_40_11.mp3,,45974
8ac794bc842de067b29404a8e940f3c5,ask_40_08.wav,,audio/x-wav,audio/ask_40_08.wav,,140224
b582572df20d50f5ae6f08a168c87186,ask_40_08.mp3,,audio/mpeg,audio/ask_40_08.mp3,,34480
69ab6b5c7043ec84f962fe314ef52faf,bkk_40_15.wav,,audio/x-wav,audio/bkk_40_15.wav,,122256
d0ea219bd10ce65217d90d261ecadf08,bkk_40_15.mp3,,audio/mpeg,audio/bkk_40_15.mp3,,30301
9741ed1f865a009d1457d6586a753c6b,aee_sh_40_27.wav,,audio/x-wav,audio/aee_sh_40_27.wav,,104200
eb672863edf4dea66744588a9c3e2cbf,aee_sh_40_27.mp3,,audio/mpeg,audio/aee_sh_40_27.mp3,,26121
904cc2339a69242fbb5e72ee6ff45a1b,pbu_p_40_02.wav,,audio/x-wav,audio/pbu_p_40_02.wav,,121080
b90c1fe0ad16f198e70560f74df39193,pbu_p_40_02.mp3,,audio/mpeg,audio/pbu_p_40_02.mp3,,30301
03abaa959f830c71bb8a5b566129630f,bsk_h_40_33.wav,,audio/x-wav,audio/bsk_h_40_33.wav,,88436
78bacb5f51584fb5cb3d170d2cbb5b31,bsk_h_40_33.mp3,,audio/mpeg,audio/bsk_h_40_33.mp3,,22986
5b69f8810311804507e0e7eb8634e51b,psh_ai_40_29.wav,,audio/x-wav,audio/psh_ai_40_29.wav,,129472
658ec9031be1395d63f7b1a5ed9b5191,psh_ai_40_29.mp3,,audio/mpeg,audio/psh_ai_40_29.mp3,,32391
60f72efc2607b0767bae5c2adee0ddc7,sgh_a_40_35.wav,,audio/x-wav,audio/sgh_a_40_35.wav,,188272
28a4aa4f1565296110fd1c3c73d55f8f,sgh_a_40_35.mp3,,audio/mpeg,audio/sgh_a_40_35.mp3,,44929
b1b50af80e0651b3db96d20612572e30,kir_40_30.wav,,audio/x-wav,audio/kir_40_30.wav,,185176
e92136ffc7527a5f5d6a5aaa3ca6f993,kir_40_30.mp3,,audio/mpeg,audio/kir_40_30.mp3,,44929
718731b1881de90e04cfa2ee01a2ff90,ydg_40_24.mp3,,audio/mpeg,audio/ydg_40_24.mp3,,36570
6a85c5898efbd8e1cbbc5f5700911d53,ydg_40_24.wav,,audio/x-wav,audio/ydg_40_24.wav,,152108
edbd30ac75157eda09c14ec035bff726,glh_sn_40_08.wav,,audio/x-wav,audio/glh_sn_40_08.wav,,93576
7afccd2d1f5d370d325fbff329542c62,glh_sn_40_08.mp3,,audio/mpeg,audio/glh_sn_40_08.mp3,,24031
24ec479ed84f7b6bc30c1768b4682578,pbu_p_40_18.wav,,audio/x-wav,audio/pbu_p_40_18.wav,,116140
8528bf4f0c6639ebe62b937680781c54,pbu_p_40_18.mp3,,audio/mpeg,audio/pbu_p_40_18.mp3,,29256
73bb79c5e9b267f9f03af2fb79ec0388,psi_ar_40_06.wav,,audio/x-wav,audio/psi_ar_40_06.wav,,141880
980ec19666a90388f4e43f7747088470,psi_ar_40_06.mp3,,audio/mpeg,audio/psi_ar_40_06.mp3,,34480
427483bdcadbdc14c0f0a8bc5b189e9e,pbu_a_40_06.wav,,audio/x-wav,audio/pbu_a_40_06.wav,,118908
ee4c8409cb64e0839c49d6f59848e76c,pbu_a_40_06.mp3,,audio/mpeg,audio/pbu_a_40_06.mp3,,29256
86d5a7971b33802c9a374080b24aba1a,psi_ar_40_10.wav,,audio/x-wav,audio/psi_ar_40_10.wav,,91708
1920940a8e75d36aaa294d176f36ed62,psi_ar_40_10.mp3,,audio/mpeg,audio/psi_ar_40_10.mp3,,22986
95f41d82fe776a7c30610fd3dd533bd3,aee_ch_40_19.wav,,audio/x-wav,audio/aee_ch_40_19.wav,,108528
acd3016b396f2cad8f45ca0586e2bf53,aee_ch_40_19.mp3,,audio/mpeg,audio/aee_ch_40_19.mp3,,27166
86f00171ddf7b66245965dbe3d8daaf0,phl_40_32.wav,,audio/x-wav,audio/phl_40_32.wav,,129240
e278a0e4c95911027ad7beef1f7dfa0d,phl_40_32.mp3,,audio/mpeg,audio/phl_40_32.mp3,,32391
d0f3e3e68f6be240c8ad73c77b2c10a6,uzs_40_29.wav,,audio/x-wav,audio/uzs_40_29.wav,,167520
dbaa0ce3d60f00ff3655f2082edf2404,uzs_40_29.mp3,,audio/mpeg,audio/uzs_40_29.mp3,,40750
fda292c2f6ac27da58b7e9e4422117a1,lbj_40_02.wav,,audio/x-wav,audio/lbj_40_02.wav,,155448
213d46c5ff0afe52c97108977dab6b09,lbj_40_02.mp3,,audio/mpeg,audio/lbj_40_02.mp3,,37615
557d5d0f836a6e26f99aa384f6a69ba0,prx_40_02.wav,,audio/x-wav,audio/prx_40_02.wav,,125768
152c6a15a8a009c61261f7a6ef316304,prx_40_02.mp3,,audio/mpeg,audio/prx_40_02.mp3,,31346
e2149b7d8bee926546f78f105a459c9e,bft_40_13.wav,,audio/x-wav,audio/bft_40_13.wav,,167840
59e335e9007bb7469fe6895953155a5f,bft_40_13.mp3,,audio/mpeg,audio/bft_40_13.mp3,,40750
1ae1c64e4ef9288fad12a536206bec95,scl_i_40_06.wav,,audio/x-wav,audio/scl_i_40_06.wav,,151620
3c02d478db9396772a431abd390b4d03,scl_i_40_06.mp3,,audio/mpeg,audio/scl_i_40_06.mp3,,36570
b3b1eff60b4dadd5fe08558c99dd6b63,psi_ar_40_18.wav,,audio/x-wav,audio/psi_ar_40_18.wav,,117760
13fa89420456eea18171e7e17b84f8eb,psi_ar_40_18.mp3,,audio/mpeg,audio/psi_ar_40_18.mp3,,29256
539f18597b73c03b2c46c6ba3f89e33b,wbk_40_17.wav,,audio/x-wav,audio/wbk_40_17.wav,,109632
7528d0d1828dfee3c92eec420a025926,wbk_40_17.mp3,,audio/mpeg,audio/wbk_40_17.mp3,,27166
497ce950012dcb5eec2fea2260b191e7,scl_i_40_26.wav,,audio/x-wav,audio/scl_i_40_26.wav,,114428
8aab24f33ed90bfffee591224bdb09f2,scl_i_40_26.mp3,,audio/mpeg,audio/scl_i_40_26.mp3,,28211
a0c8773333632e76fa9bc9510f7086b0,bsh_w_40_36.wav,,audio/x-wav,audio/bsh_w_40_36.wav,,126680
ebaf1fcaab2eb045878fc1f50beeb344,bsh_w_40_36.mp3,,audio/mpeg,audio/bsh_w_40_36.mp3,,31346
a5b62ecb9e0f8d94a07fca2b0fcea962,uzs_40_30.wav,,audio/x-wav,audio/uzs_40_30.wav,,145444
f1bfb740ce5cfa6e2283efeadb5c04f8,uzs_40_30.mp3,,audio/mpeg,audio/uzs_40_30.mp3,,35525
f942a5dce80439afd471cea00f250c8d,sdg_40_04.wav,,audio/x-wav,audio/sdg_40_04.wav,,136736
094d698ed515a2fd5f3efde15b5265cc,sdg_40_04.mp3,,audio/mpeg,audio/sdg_40_04.mp3,,33435
f5928d94c39a8c21538daeb3349a58f2,gwt_a_40_22.wav,,audio/x-wav,audio/gwt_a_40_22.wav,,96468
3b02cbe8888f7b554ebacbed5bc9e5e8,gwt_a_40_22.mp3,,audio/mpeg,audio/gwt_a_40_22.mp3,,24031
78abf7acf5a096015981b45df57ee2ea,ydg_40_04.mp3,,audio/mpeg,audio/ydg_40_04.mp3,,37615
c66fbc0035ed615f6f358337daade5d4,ydg_40_04.wav,,audio/x-wav,audio/ydg_40_04.wav,,152112
f70cab83d7a2ee1b731ad5faf4668dc2,scl_p_40_40.wav,,audio/x-wav,audio/scl_p_40_40.wav,,125876
549d7b57c7cf2eccdbd8c26519a58f18,scl_p_40_40.mp3,,audio/mpeg,audio/scl_p_40_40.mp3,,31346
a476fae3dcd2467d63b35872139292ef,btv_40_36.wav,,audio/x-wav,audio/btv_40_36.wav,,143128
fcbfe1b4546af9fb3c1d45769263fb51,btv_40_36.mp3,,audio/mpeg,audio/btv_40_36.mp3,,35525
ead4192f7ebf8895c0b47cf26c476c07,bsk_h_40_04.wav,,audio/x-wav,audio/bsk_h_40_04.wav,,58548
c14aa12d2daa81bfac1db6c78e04af7d,bsk_h_40_04.mp3,,audio/mpeg,audio/bsk_h_40_04.mp3,,15672
14781e84cab3d0171a8501bc1340eb3c,aee_kg_40_33.wav,,audio/x-wav,audio/aee_kg_40_33.wav,,89780
011f54e3471b25a63119b4f43843cc89,aee_kg_40_33.mp3,,audio/mpeg,audio/aee_kg_40_33.mp3,,22986
deb0591bfc575b4be861eabe8b135e32,khw_40_36.wav,,audio/x-wav,audio/khw_40_36.wav,,73864
47615ecd9f3cd146970cc10cd1ebdff1,khw_40_36.mp3,,audio/mpeg,audio/khw_40_36.mp3,,19852
46b7380d3805c75a13f3113ef85b80c8,lbj_40_18.wav,,audio/x-wav,audio/lbj_40_18.wav,,124864
bffe7abf0347b210974e48552eea9088,lbj_40_18.mp3,,audio/mpeg,audio/lbj_40_18.mp3,,31346
5327bdc7bd66f2ce0841a0bc183e6060,ydg_40_10.mp3,,audio/mpeg,audio/ydg_40_10.mp3,,30301
9668f4716d7d0be011ff2fc001299da9,ydg_40_10.wav,,audio/x-wav,audio/ydg_40_10.wav,,122196
247cc18a425505c344153e83e1a00a0a,sgh_r_40_20.wav,,audio/x-wav,audio/sgh_r_40_20.wav,,139416
5dad8c0f3591a8f522ec440056c76018,sgh_r_40_20.mp3,,audio/mpeg,audio/sgh_r_40_20.mp3,,34480
e51f953aff1d1470906c41409e6e638e,prx_40_20.wav,,audio/x-wav,audio/prx_40_20.wav,,84448
b1d0b92a45b2d2c63e6f72af8593f6cf,prx_40_20.mp3,,audio/mpeg,audio/prx_40_20.mp3,,21942
d2bee6a4677d945383e52c8043d1b5c5,wbl_a_40_38.wav,,audio/x-wav,audio/wbl_a_40_38.wav,,108424
9b75fd5c18e1e573a66c87fef5934292,wbl_a_40_38.mp3,,audio/mpeg,audio/wbl_a_40_38.mp3,,27166
aac3a851d2367a82d0064e2c29643b9b,aae_at_40_06.wav,,audio/x-wav,audio/aae_at_40_06.wav,,114188
0dfa7cd69f8c5d7dda174bb163124354,aae_at_40_06.mp3,,audio/mpeg,audio/aae_at_40_06.mp3,,28211
c4c51d238a5931c7da0f6943c2b7d303,gwt_a_40_07.wav,,audio/x-wav,audio/gwt_a_40_07.wav,,97352
8a9f6d5973914f0caacc231bf0c8f599,gwt_a_40_07.mp3,,audio/mpeg,audio/gwt_a_40_07.mp3,,25076
be0da71257b85c1c92a76968631d5eb3,trw_40_28.wav,,audio/x-wav,audio/trw_40_28.wav,,96308
572b103c036770923d9569c0cfff3d65,trw_40_28.mp3,,audio/mpeg,audio/trw_40_28.mp3,,24031
34145776dea161d2bcc5f97d1718a78d,bsh_e_40_32.wav,,audio/x-wav,audio/bsh_e_40_32.wav,,106092
3f19731ed47d64d598c98988a6ea65b1,bsh_e_40_32.mp3,,audio/mpeg,audio/bsh_e_40_32.mp3,,27166
07209428ae1cab9838b29622bc2aee37,pbu_a_40_34.wav,,audio/x-wav,audio/pbu_a_40_34.wav,,93532
d982a537b63bd004c66efacdfe2aa6f9,pbu_a_40_34.mp3,,audio/mpeg,audio/pbu_a_40_34.mp3,,24031
9e05a30eda5b284b64d0f801920d441d,bft_40_32.wav,,audio/x-wav,audio/bft_40_32.wav,,134280
2d91d517e7615b45428295bbd0fbf762,bft_40_32.mp3,,audio/mpeg,audio/bft_40_32.mp3,,33435
3a596baece5555ea45d7e327b50663c6,psi_ar_40_13.wav,,audio/x-wav,audio/psi_ar_40_13.wav,,103288
51405087f23a043f88eb6e680bfa21a2,psi_ar_40_13.mp3,,audio/mpeg,audio/psi_ar_40_13.mp3,,26121
a29312de51b4eae8293f23c42f55de21,hno_40_06.wav,,audio/x-wav,audio/hno_40_06.wav,,132448
6b34fd779eb412304399976b324386f6,hno_40_06.mp3,,audio/mpeg,audio/hno_40_06.mp3,,32391
b9d46352792baf5636677fda79c0dde9,lbj_40_14.wav,,audio/x-wav,audio/lbj_40_14.wav,,101716
44e637adfa62c74b6bc27355acbbe2ab,lbj_40_14.mp3,,audio/mpeg,audio/lbj_40_14.mp3,,26121
280427bc68d89f713ae4d0af7e2011ae,bsh_e_40_40.wav,,audio/x-wav,audio/bsh_e_40_40.wav,,106092
fa8b058ae195728a49e89f52500bf282,bsh_e_40_40.mp3,,audio/mpeg,audio/bsh_e_40_40.mp3,,27166
353b90d666bec38b3a5114fc37bcbfc7,phl_40_10.wav,,audio/x-wav,audio/phl_40_10.wav,,134340
8fd3304e383e81172c37c579324973eb,phl_40_10.mp3,,audio/mpeg,audio/phl_40_10.mp3,,33435
d4b75bf5953e375b2e967df31b9e5cfb,prn_40_12.wav,,audio/x-wav,audio/prn_40_12.wav,,126196
0404ce3728d9f1e04d07dabb9200e846,prn_40_12.mp3,,audio/mpeg,audio/prn_40_12.mp3,,31346
16bc653bb580941b21a2c2344846058f,uzs_40_33b.wav,,audio/x-wav,audio/uzs_40_33b.wav,,312156
2944cdc7b2d2a8454a34ca228282eb75,uzs_40_33b.mp3,,audio/mpeg,audio/uzs_40_33b.mp3,,73142
d324c36fd6f2ddb450a4e87e69361a15,scl_i_40_33.wav,,audio/x-wav,audio/scl_i_40_33.wav,,146044
8275ed66a83d58e0b67a1a4badec997d,scl_i_40_33.mp3,,audio/mpeg,audio/scl_i_40_33.mp3,,35525
0279db6c50b762bb90031f91f56b2331,xka_40_17.mp3,,audio/mpeg,audio/xka_40_17.mp3,,29256
fa42730e9401a5a5ec9b7141306d8449,xka_40_17.wav,,audio/x-wav,audio/xka_40_17.wav,,119200
97a2a3f1ff6a51a79e5cd97c32ec15a3,prs_d_40_25.wav,,audio/x-wav,audio/prs_d_40_25.wav,,132732
9490670b78e58b3bf3a8c8b7bf227b21,prs_d_40_25.mp3,,audio/mpeg,audio/prs_d_40_25.mp3,,32391
efc15402314bbfa77cf3c599cc724422,sgy_40_30.wav,,audio/x-wav,audio/sgy_40_30.wav,,137396
c960bc7e47af9dcc46c0c417f746f8ab,sgy_40_30.mp3,,audio/mpeg,audio/sgy_40_30.mp3,,33435
bcae1b2acc806857f6f20277e41aa36f,mvy_40_05.wav,,audio/x-wav,audio/mvy_40_05.wav,,127868
0861d3b65cbe82428da4fc5ebf5dad72,mvy_40_05.mp3,,audio/mpeg,audio/mvy_40_05.mp3,,31346
c3c7a051a2d9e6061fd0d21a6e9a8aa9,wbl_p_40_40.wav,,audio/x-wav,audio/wbl_p_40_40.wav,,102012
8fc90e762bba539af69015f1292fb64e,wbl_p_40_40.mp3,,audio/mpeg,audio/wbl_p_40_40.mp3,,26121
f6508b09dfa3aecd24232aa47fe6b0c9,btv_40_05.wav,,audio/x-wav,audio/btv_40_05.wav,,161176
51aa930aa6f1de2f7e82d5d336665fbd,btv_40_05.mp3,,audio/mpeg,audio/btv_40_05.mp3,,38660
81af217eed6d2cab19912f33b3e84f5f,plk_40_34.wav,,audio/x-wav,audio/plk_40_34.wav,,111304
82e5815264a25f4620163a2cc0560f7d,plk_40_34.mp3,,audio/mpeg,audio/plk_40_34.mp3,,28211
283f0b1c11baf98ff28faec72550f5ff,phr_40_25.wav,,audio/x-wav,audio/phr_40_25.wav,,115776
e86fca1121b2e9f1fb64627fb69e7eca,phr_40_25.mp3,,audio/mpeg,audio/phr_40_25.mp3,,29256
b35e0a1a6533c72ae701da54806c1b07,phl_40_40.wav,,audio/x-wav,audio/phl_40_40.wav,,51892
05895cab2f7e4539a94a83ac4e534109,phl_40_40.mp3,,audio/mpeg,audio/phl_40_40.mp3,,14627
bd6db7cd545034a45c425f4b104ca2cc,gwt_p_40_21.wav,,audio/x-wav,audio/gwt_p_40_21.wav,,152836
3a588e4f2c1f8e7867d5276bd9f58165,gwt_p_40_21.mp3,,audio/mpeg,audio/gwt_p_40_21.mp3,,37615
64a13961a7d7baffe25f238173c80091,bsk_h_40_14.wav,,audio/x-wav,audio/bsk_h_40_14.wav,,137972
f33c32d89380ffdebddf4e921c368808,bsk_h_40_14.mp3,,audio/mpeg,audio/bsk_h_40_14.mp3,,33435
1f47aef775c56dbfb7a8fa256f289800,prx_40_13.wav,,audio/x-wav,audio/prx_40_13.wav,,86812
6a510ce51bd9dce0a3f905348604cbd8,prx_40_13.mp3,,audio/mpeg,audio/prx_40_13.mp3,,21942
178cbcb33a2bdca7489a2a0770a18220,aee_kg_40_04.wav,,audio/x-wav,audio/aee_kg_40_04.wav,,99364
fe574b5ffbf753122d8487db7c78f458,aee_kg_40_04.mp3,,audio/mpeg,audio/aee_kg_40_04.mp3,,25076
dcbcb704c777650c507c364bfc2d4bb8,shd_40_10.wav,,audio/x-wav,audio/shd_40_10.wav,,138068
c8623d3ba8cb06a8cd4bba7a6e09a241,shd_40_10.mp3,,audio/mpeg,audio/shd_40_10.mp3,,33435
34d2b3e7a3b109a13feac67aa135f792,scl_i_40_22.wav,,audio/x-wav,audio/scl_i_40_22.wav,,129304
f237ab8b8aff1eedb1b8298a0d4bd806,scl_i_40_22.mp3,,audio/mpeg,audio/scl_i_40_22.mp3,,32391
fc93067329d44d5f30504d154e97dfa1,ush_40_12b.wav,,audio/x-wav,audio/ush_40_12b.wav,,134456
2a0ddfe68e1fc2ded1c4c4a9f2cefe9a,ush_40_12b.mp3,,audio/mpeg,audio/ush_40_12b.mp3,,33435
1f95e357a59a5eb0cbe594e0dc1758fc,ask_40_31.wav,,audio/x-wav,audio/ask_40_31.wav,,135844
a4a139e72ebbe0f35472f34ff564052e,ask_40_31.mp3,,audio/mpeg,audio/ask_40_31.mp3,,33435
efac0248f2a38fd63d9d382a00e16e54,glh_ag_40_28c.wav,,audio/x-wav,audio/glh_ag_40_28c.wav,,114460
4e0f6064d7bc0fc0321a839b6a0ce62a,glh_ag_40_28c.mp3,,audio/mpeg,audio/glh_ag_40_28c.mp3,,28211
30b493ae9767a384205b91dd059e65e3,wbl_a_40_33.wav,,audio/x-wav,audio/wbl_a_40_33.wav,,103220
2fe45f61d0ca0bd8e17834c2ad448c97,wbl_a_40_33.mp3,,audio/mpeg,audio/wbl_a_40_33.mp3,,26121
41195292a33f045d1d14ce9c3bee375d,pbu_p_40_19.wav,,audio/x-wav,audio/pbu_p_40_19.wav,,158956
88a893872a3c6d169768264888af5fc0,pbu_p_40_19.mp3,,audio/mpeg,audio/pbu_p_40_19.mp3,,38660
b8a5ee1d7b8b2efc0163366e3ddd06a0,kls_40_32.wav,,audio/x-wav,audio/kls_40_32.wav,,142552
122e356b5763e2e9fbab7f6bae820ddc,kls_40_32.mp3,,audio/mpeg,audio/kls_40_32.mp3,,34480
e0a0436f83c86ea14aefc4d173dc3837,gju_a_40_24.wav,,audio/x-wav,audio/gju_a_40_24.wav,,131708
1b4edafe7a190333b2f4db00f0441828,gju_a_40_24.mp3,,audio/mpeg,audio/gju_a_40_24.mp3,,32391
63e87e5e48e3300f1106d2ef568bb55d,khw_40_33.wav,,audio/x-wav,audio/khw_40_33.wav,,121600
5940d8211dc39dfc71168cf5d4f52bf2,khw_40_33.mp3,,audio/mpeg,audio/khw_40_33.mp3,,30301
3d4c0bc2526531dbcb836061969780f6,ask_40_35.wav,,audio/x-wav,audio/ask_40_35.wav,,123576
a6e4e16756611644c58a35d3d456c9d8,ask_40_35.mp3,,audio/mpeg,audio/ask_40_35.mp3,,30301
abc0e8177e8d139433103acb2ac9ba64,gwc_40_10.wav,,audio/x-wav,audio/gwc_40_10.wav,,102496
fa916488f592754e5e69304b9ba44f71,gwc_40_10.mp3,,audio/mpeg,audio/gwc_40_10.mp3,,26121
8f22cbba4fffa683494261db3eacd11a,plk_40_25.wav,,audio/x-wav,audio/plk_40_25.wav,,99916
5258dc18908432fe752ee3d410923d89,plk_40_25.mp3,,audio/mpeg,audio/plk_40_25.mp3,,25076
9ea46b1225ec5d99cb664117b0080023,wbk_40_23.wav,,audio/x-wav,audio/wbk_40_23.wav,,106856
b40433e8d85e5e6ef19277745b03f112,wbk_40_23.mp3,,audio/mpeg,audio/wbk_40_23.mp3,,27166
d27072af4602a3e1d3cb19b10f71f15f,mvy_40_17.wav,,audio/x-wav,audio/mvy_40_17.wav,,143136
8f37e2d8fc6cf604cfce314ec74863b4,mvy_40_17.mp3,,audio/mpeg,audio/mvy_40_17.mp3,,35525
6078a835835fca07317e765086991859,bsh_w_40_38.wav,,audio/x-wav,audio/bsh_w_40_38.wav,,117012
129236462bd02e0a6f2fc4201b4ce355,bsh_w_40_38.mp3,,audio/mpeg,audio/bsh_w_40_38.mp3,,29256
03a04e88a375e74af71a66e841d4bc1a,prc_40_37.wav,,audio/x-wav,audio/prc_40_37.wav,,101328
5d8014c1226417fbc68051b085a243f7,prc_40_37.mp3,,audio/mpeg,audio/prc_40_37.mp3,,25076
3d5a68bc306b00c2fa8ef7fcfa5c0b4b,gju_p_40_31.wav,,audio/x-wav,audio/gju_p_40_31.wav,,140728
acb5eddeba2924f7ad2e5b158cc7261b,gju_p_40_31.mp3,,audio/mpeg,audio/gju_p_40_31.mp3,,34480
e73e2100a43a51d067bcbd322b176084,xka_40_09.mp3,,audio/mpeg,audio/xka_40_09.mp3,,30301
7eda03ec11730826de532a7c16f46c65,xka_40_09.wav,,audio/x-wav,audio/xka_40_09.wav,,122140
99a47ac3287177146ea0c4a18fddb24c,kas_i_40_07.wav,,audio/x-wav,audio/kas_i_40_07.wav,,108556
eb3db731988114d1af3504f484637019,kas_i_40_07.mp3,,audio/mpeg,audio/kas_i_40_07.mp3,,27166
4fd2139368a195af7ed7f5555a3dbe6a,gju_a_40_23.wav,,audio/x-wav,audio/gju_a_40_23.wav,,125928
51b96f94d0a4f08d71fc204341ef911c,gju_a_40_23.mp3,,audio/mpeg,audio/gju_a_40_23.mp3,,31346
d17f2dc6dcc08b6a58810ef13c96954a,glh_ag_40_02.wav,,audio/x-wav,audio/glh_ag_40_02.wav,,112660
551cdc63737c8c0c2708b24c8813c5b4,glh_ag_40_02.mp3,,audio/mpeg,audio/glh_ag_40_02.mp3,,28211
1293db57c32a5a5156cd01a0dc009b3e,sgy_40_40.wav,,audio/x-wav,audio/sgy_40_40.wav,,104968
2aade9d7f93088c74c70a54cabf46e17,sgy_40_40.mp3,,audio/mpeg,audio/sgy_40_40.mp3,,26121
95dec48cbceb1bfca5998fd97f9b5bc3,bsk_h_40_19.wav,,audio/x-wav,audio/bsk_h_40_19.wav,,101676
85ca82c245aa9b7ac1378a40013b4c6a,bsk_h_40_19.mp3,,audio/mpeg,audio/bsk_h_40_19.mp3,,26121
7fb3a8631e6abd024305dad83f3cd6b0,xka_40_29.mp3,,audio/mpeg,audio/xka_40_29.mp3,,42840
c8231979a9d0df2fd1908dc4b51a9023,xka_40_29.wav,,audio/x-wav,audio/xka_40_29.wav,,176568
93aa33631ba2225883f35cb8752e4ca5,hno_40_11.wav,,audio/x-wav,audio/hno_40_11.wav,,131356
54c4958daad38ec64b4c7c75ae51cc72,hno_40_11.mp3,,audio/mpeg,audio/hno_40_11.mp3,,32391
9674902f240f494614171106b95ceee8,kir_40_11.wav,,audio/x-wav,audio/kir_40_11.wav,,180428
56418bec1f87b52f73d382fae0ab162e,kir_40_11.mp3,,audio/mpeg,audio/kir_40_11.mp3,,43884
7c3b6ed3f2546d4e4ddc6064d17cfd43,sdg_40_15.wav,,audio/x-wav,audio/sdg_40_15.wav,,136740
88049f505a522b784cd0de7c1e68ae34,sdg_40_15.mp3,,audio/mpeg,audio/sdg_40_15.mp3,,33435
eaf004711af26e47dfd1ed3815feecd8,pbu_p_40_04.wav,,audio/x-wav,audio/pbu_p_40_04.wav,,130140
5b9eca941ab9ac8e3002bf305682d632,pbu_p_40_04.mp3,,audio/mpeg,audio/pbu_p_40_04.mp3,,32391
11f0d0dfa845c61cd74c737efc62c783,scl_i_40_03.wav,,audio/x-wav,audio/scl_i_40_03.wav,,132092
6fe785cede95de24be697b15021ca93d,scl_i_40_03.mp3,,audio/mpeg,audio/scl_i_40_03.mp3,,32391
4cdebfaf2cae068f3e0aa862b9cae4ee,xvi_40_07.mp3,,audio/mpeg,audio/xvi_40_07.mp3,,30301
32b777d4f4a1ab281a7e6c1394fb9aa8,xvi_40_07.wav,,audio/x-wav,audio/xvi_40_07.wav,,122460
e0f0f79c13620e868005831b9dd7fadb,glh_ag_40_29.wav,,audio/x-wav,audio/glh_ag_40_29.wav,,152752
b8f83ba2477afb0abb3ad33a69b02af2,glh_ag_40_29.mp3,,audio/mpeg,audio/glh_ag_40_29.mp3,,37615
63c00d0dcf1d403a12012c6be4b6fe1b,pbu_p_40_28.wav,,audio/x-wav,audio/pbu_p_40_28.wav,,93088
d4b6c9de076d66b4fb1135d324bb91c9,pbu_p_40_28.mp3,,audio/mpeg,audio/pbu_p_40_28.mp3,,24031
edf97b6c8c012cb155c7950118fd2b35,bkk_40_22.wav,,audio/x-wav,audio/bkk_40_22.wav,,127812
601cf9180d60af8b75476f3f4e8ddc80,bkk_40_22.mp3,,audio/mpeg,audio/bkk_40_22.mp3,,31346
7e2cb5913722065266d93cd7563818fa,bkk_40_35.wav,,audio/x-wav,audio/bkk_40_35.wav,,137408
42f12a51e377aea0c7ed8d8c24595b7c,bkk_40_35.mp3,,audio/mpeg,audio/bkk_40_35.mp3,,33435
6422b8dd0117fee29630b57ff63fb26d,lbj_40_11.wav,,audio/x-wav,audio/lbj_40_11.wav,,114944
4b1eab9e5a8e21ab9243e00daed4d136,lbj_40_11.mp3,,audio/mpeg,audio/lbj_40_11.mp3,,28211
6bc4eec47b76453224f0e32bd6e3f62d,xvi_40_24.mp3,,audio/mpeg,audio/xvi_40_24.mp3,,32391
c17ff353492512fddf10a5d72f3c342d,xvi_40_24.wav,,audio/x-wav,audio/xvi_40_24.wav,,132796
68eaeac3adde5d829ebc09e5a7b3c81b,gju_a_40_37.wav,,audio/x-wav,audio/gju_a_40_37.wav,,141984
fe52584ec3ec2079c3280d8f8894aafb,gju_a_40_37.mp3,,audio/mpeg,audio/gju_a_40_37.mp3,,34480
b2374c4f3905b19189122a75c795a895,ush_40_33.wav,,audio/x-wav,audio/ush_40_33.wav,,134452
54be4855b907ac1070afe1185c4afd34,ush_40_33.mp3,,audio/mpeg,audio/ush_40_33.mp3,,33435
7c79c48436458a0dce607bee870177e4,bft_40_15.wav,,audio/x-wav,audio/bft_40_15.wav,,134284
ef18b6a9dea91be8152183d6c7e4215f,bft_40_15.mp3,,audio/mpeg,audio/bft_40_15.mp3,,33435
81f2712b40154bc72c91e4e876c5590b,bsk_h_40_38.wav,,audio/x-wav,audio/bsk_h_40_38.wav,,80324
d8c7eef97bc2793d89bdfec65d490db7,bsk_h_40_38.mp3,,audio/mpeg,audio/bsk_h_40_38.mp3,,20897
db6d7811b185a3428600edc3f074ebe9,gwt_a_40_15.wav,,audio/x-wav,audio/gwt_a_40_15.wav,,115044
4a9f4387f2a2a4876154747e9a6ee7c9,gwt_a_40_15.mp3,,audio/mpeg,audio/gwt_a_40_15.mp3,,28211
b68714f9853e4aca7f7673b3123424e3,gwt_a_40_30.wav,,audio/x-wav,audio/gwt_a_40_30.wav,,113276
2f5bb19309efd9e9bdb7d4c7e65ef39a,gwt_a_40_30.mp3,,audio/mpeg,audio/gwt_a_40_30.mp3,,28211
4277f73421b9a4da079355b9114da3bb,scl_i_40_19.wav,,audio/x-wav,audio/scl_i_40_19.wav,,106984
f14dbea43ff3b80493a1448389d55a58,scl_i_40_19.mp3,,audio/mpeg,audio/scl_i_40_19.mp3,,27166
45803bad6afa6cc3b5607bc8d29ecb1d,ydg_40_21.mp3,,audio/mpeg,audio/ydg_40_21.mp3,,36570
8b048c160fb26d482658db2d42b98a99,ydg_40_21.wav,,audio/x-wav,audio/ydg_40_21.wav,,150448
188465938a8a43ab9cc6f3988e301070,ush_40_31.wav,,audio/x-wav,audio/ush_40_31.wav,,116736
154733faf3ba427a6731f57b4c3fba52,ush_40_31.mp3,,audio/mpeg,audio/ush_40_31.mp3,,29256
c10a68bcfccf22848b4dc04e05943935,prc_40_10.wav,,audio/x-wav,audio/prc_40_10.wav,,112944
5a31dd1e19831d3a1995040a72ab99c4,prc_40_10.mp3,,audio/mpeg,audio/prc_40_10.mp3,,28211
af94b79675bea4e91c93680db65eabcd,sdg_40_08.wav,,audio/x-wav,audio/sdg_40_08.wav,,114572
12f00b72e1e14eb5d09c4885c5104cab,sdg_40_08.mp3,,audio/mpeg,audio/sdg_40_08.mp3,,28211
53e5a994b9d67f79bcc47081e425868c,bft_40_39a.wav,,audio/x-wav,audio/bft_40_39a.wav,,123956
d53c69f293893a9a0366d4ed7d250088,bft_40_39a.mp3,,audio/mpeg,audio/bft_40_39a.mp3,,30301
00c90905fc692d187072cbd3d91a9ccd,gwc_40_03.wav,,audio/x-wav,audio/gwc_40_03.wav,,89168
a116e5253a448b61d61dbdeb6495c783,gwc_40_03.mp3,,audio/mpeg,audio/gwc_40_03.mp3,,22986
adc8b27dbf6bd0687298942297eb659b,sgh_a_40_36.wav,,audio/x-wav,audio/sgh_a_40_36.wav,,144088
1b6e81fa5de4cc5d3d538c1a0f8b2223,sgh_a_40_36.mp3,,audio/mpeg,audio/sgh_a_40_36.mp3,,35525
ba3c786553af6adb0245eefae5e471cb,phr_40_29.wav,,audio/x-wav,audio/phr_40_29.wav,,144048
ceb5b6c0c3e67fb48665f719b40b0ba5,phr_40_29.mp3,,audio/mpeg,audio/phr_40_29.mp3,,35525
6a55027ebfb17a611c36addafa1843ca,prc_40_35.wav,,audio/x-wav,audio/prc_40_35.wav,,133284
709bf43197b297b2cbc9e7dfb2111a43,prc_40_35.mp3,,audio/mpeg,audio/prc_40_35.mp3,,32391
d4bb23db7a2f38e766bc60447e981b98,glh_ag_40_29b.wav,,audio/x-wav,audio/glh_ag_40_29b.wav,,113564
c5e602889c249ce765fcee62a5775781,glh_ag_40_29b.mp3,,audio/mpeg,audio/glh_ag_40_29b.mp3,,28211
c40a59e4e1208cd2f5224b4b846d1386,dml_40_37.wav,,audio/x-wav,audio/dml_40_37.wav,,94408
51fe536fe80e9c27ce62f2a4bdd214a4,dml_40_37.mp3,,audio/mpeg,audio/dml_40_37.mp3,,24031
d015a71b0d385fda49266234dae17271,phl_40_01.wav,,audio/x-wav,audio/phl_40_01.wav,,96940
f14e5f96a19d296a1e31afe02bb79bf2,phl_40_01.mp3,,audio/mpeg,audio/phl_40_01.mp3,,25076
4b6ab11921d0d532657a5ec169b5d7ea,ush_40_40b.wav,,audio/x-wav,audio/ush_40_40b.wav,,134452
963fbe2c9f93ee8a32d13248daca3348,ush_40_40b.mp3,,audio/mpeg,audio/ush_40_40b.mp3,,33435
ef4c6dad3926aaa888121a23c1e22489,prc_40_23.wav,,audio/x-wav,audio/prc_40_23.wav,,106304
4f36d9418f5a9429e438afc2ca9cf891,prc_40_23.mp3,,audio/mpeg,audio/prc_40_23.mp3,,27166
e2df761c7e2879f009577cdafbb0c9a3,isk_40_03.wav,,audio/x-wav,audio/isk_40_03.wav,,157600
4e35937e7689e1d0862c5c9f3cb45198,isk_40_03.mp3,,audio/mpeg,audio/isk_40_03.mp3,,38660
4ad68abf2a9a970b1dc0cc408caec080,xka_40_05.mp3,,audio/mpeg,audio/xka_40_05.mp3,,31346
da29e1c256d3e1865f9afa0c53b9eb4a,xka_40_05.wav,,audio/x-wav,audio/xka_40_05.wav,,126552
c9ae9f74f12f17142fc091d68935bc25,btv_40_35.wav,,audio/x-wav,audio/btv_40_35.wav,,130360
5811547859f39937b2512333f2a59ea6,btv_40_35.mp3,,audio/mpeg,audio/btv_40_35.mp3,,32391
c7623c59a0ccf105965e3ff046ef791d,hno_40_15.wav,,audio/x-wav,audio/hno_40_15.wav,,136828
6db48d7c435cec39050719c09811b100,hno_40_15.mp3,,audio/mpeg,audio/hno_40_15.mp3,,33435
38c187152e702cf90e1b552caeea498b,xka_40_02.mp3,,audio/mpeg,audio/xka_40_02.mp3,,26121
1a9e294e08579127fb6263af11dffc97,xka_40_02.wav,,audio/x-wav,audio/xka_40_02.wav,,105956
3d2a9e726a23cac389b45098fab8faa4,wbl_p_40_31.wav,,audio/x-wav,audio/wbl_p_40_31.wav,,151728
bfe1b7135a5976e731c032cdbc2e83c4,wbl_p_40_31.mp3,,audio/mpeg,audio/wbl_p_40_31.mp3,,36570
cc1d8688afcc59c2fba8f4834b38cd5c,wbl_a_40_20.wav,,audio/x-wav,audio/wbl_a_40_20.wav,,116944
b6765ac96e4b799b21fb7ae859bc7a64,wbl_a_40_20.mp3,,audio/mpeg,audio/wbl_a_40_20.mp3,,29256
ac5c4b2c15951555107564d13fb596c6,kas_p_40_20.wav,,audio/x-wav,audio/kas_p_40_20.wav,,145408
5146ca8e79cd5054bd82de1ede2f0647,kas_p_40_20.mp3,,audio/mpeg,audio/kas_p_40_20.mp3,,35525
56768f73db0cb5caa5716edcd50bc87f,bsk_n_40_33.wav,,audio/x-wav,audio/bsk_n_40_33.wav,,112412
c2f88df80b7f41879a6ef3f125208442,bsk_n_40_33.mp3,,audio/mpeg,audio/bsk_n_40_33.mp3,,28211
083896aae8744c89175089066ba65ff1,mnj_40_16.wav,,audio/x-wav,audio/mnj_40_16.wav,,118664
1cb780a5e369069c2b636a12a7204d5e,mnj_40_16.mp3,,audio/mpeg,audio/mnj_40_16.mp3,,29256
272ddc4e26278d0ab64f012ac0043abf,psi_am_40_24.wav,,audio/x-wav,audio/psi_am_40_24.wav,,114960
3f7775b93fc182cff5720f0d4a400174,psi_am_40_24.mp3,,audio/mpeg,audio/psi_am_40_24.mp3,,28211
d54f8210a3fc2409262f571cf973dcb3,shd_40_21.wav,,audio/x-wav,audio/shd_40_21.wav,,173252
9f8add068614b2595907145398a394c2,shd_40_21.mp3,,audio/mpeg,audio/shd_40_21.mp3,,41795
6a19ebb57b676a5e00baa4fc68dea9ad,lbj_40_26.wav,,audio/x-wav,audio/lbj_40_26.wav,,82708
22c1d594346f277102097830ee25540e,lbj_40_26.mp3,,audio/mpeg,audio/lbj_40_26.mp3,,20897
0e868be10205c4c7d89c3368bb44e036,isk_40_15.wav,,audio/x-wav,audio/isk_40_15.wav,,110036
3640c7ec1b1a1d85679f3e287568abef,isk_40_15.mp3,,audio/mpeg,audio/isk_40_15.mp3,,27166
e15dc35e614a37bb43ff80364ec65840,wbl_p_40_08.wav,,audio/x-wav,audio/wbl_p_40_08.wav,,124760
3f865815822eba1339d8ea603241210d,wbl_p_40_08.mp3,,audio/mpeg,audio/wbl_p_40_08.mp3,,31346
20f174ccfb7cf3f0395e80f8e03e6da6,pbu_p_40_13.wav,,audio/x-wav,audio/pbu_p_40_13.wav,,117788
d2bc76b837927dc9016173120012dea8,pbu_p_40_13.mp3,,audio/mpeg,audio/pbu_p_40_13.mp3,,29256
25271ee1a5df9e79714c60c9bcd21d3d,bsk_n_40_13.wav,,audio/x-wav,audio/bsk_n_40_13.wav,,131504
ec4b2d16c92347eb8885caf0ad067467,bsk_n_40_13.mp3,,audio/mpeg,audio/bsk_n_40_13.mp3,,32391
12919e86d03da800683ce156b1e15643,phr_40_04b.wav,,audio/x-wav,audio/phr_40_04b.wav,,135212
24f2ee6758c5c1ee8ea6365c77c77b00,phr_40_04b.mp3,,audio/mpeg,audio/phr_40_04b.mp3,,33435
e7c488d90143f57b1e622afed73e0dbb,wbl_a_40_40.wav,,audio/x-wav,audio/wbl_a_40_40.wav,,64884
a784ded675db45f5a3308f6102eb9c47,wbl_a_40_40.mp3,,audio/mpeg,audio/wbl_a_40_40.mp3,,17762
897d1d9c19ba16cfd23d25b304691229,xvi_40_01.mp3,,audio/mpeg,audio/xvi_40_01.mp3,,30301
fef904c2676214be75dd062ecbd3cef4,xvi_40_01.wav,,audio/x-wav,audio/xvi_40_01.wav,,120872
a8deaf35eba339f866c30cdd80ea59e4,phl_40_21.wav,,audio/x-wav,audio/phl_40_21.wav,,101188
5ea8079ed5ed9847fb25cd084447c018,phl_40_21.mp3,,audio/mpeg,audio/phl_40_21.mp3,,25076
2f556a528a8870168847987499426a34,prn_40_02.wav,,audio/x-wav,audio/prn_40_02.wav,,133200
c3b5db8862649371a1c822072f53d488,prn_40_02.mp3,,audio/mpeg,audio/prn_40_02.mp3,,32391
25896bb0a4aa7bd135f8ea5f8d76c4ea,prc_40_39.wav,,audio/x-wav,audio/prc_40_39.wav,,124156
b74b9f9f55599683e216f0cc47fc7beb,prc_40_39.mp3,,audio/mpeg,audio/prc_40_39.mp3,,30301
599716b1f27af0cf4a510655a360bc1b,gwt_p_40_21a.wav,,audio/x-wav,audio/gwt_p_40_21a.wav,,121308
40557d63a08931dbfef63cd9a8d31dc4,gwt_p_40_21a.mp3,,audio/mpeg,audio/gwt_p_40_21a.mp3,,30301
8e8d6dc52ccee96c911f79c7b72001c6,aae_at_40_40.wav,,audio/x-wav,audio/aae_at_40_40.wav,,72844
2e80c7738e44e4ee30b9808709c556e7,aae_at_40_40.mp3,,audio/mpeg,audio/aae_at_40_40.mp3,,18807
dd4bde59c41128804237ce944de3f18f,shd_40_33.wav,,audio/x-wav,audio/shd_40_33.wav,,159720
03d96acda07e6d640d956731eaeee7b7,shd_40_33.mp3,,audio/mpeg,audio/shd_40_33.mp3,,38660
a84d9cf4715eb3f32ef129d5284a6c1c,ydg_40_06.mp3,,audio/mpeg,audio/ydg_40_06.mp3,,26121
d09bfc058391306f6620f1feac586dfd,ydg_40_06.wav,,audio/x-wav,audio/ydg_40_06.wav,,102252
09eed4db4a2d2c1210b42f53dcca2aff,psi_am_40_36.wav,,audio/x-wav,audio/psi_am_40_36.wav,,124100
398fb762028f544bbfd98092a3265b2a,psi_am_40_36.mp3,,audio/mpeg,audio/psi_am_40_36.mp3,,30301
4468814387be617719e5dae5ad08c142,prc_40_36.wav,,audio/x-wav,audio/prc_40_36.wav,,116684
96b8d526a80399c892f8628e6561b2ca,prc_40_36.mp3,,audio/mpeg,audio/prc_40_36.mp3,,29256
98856a3aab698c42d32fae370c69173a,mvy_40_32.wav,,audio/x-wav,audio/mvy_40_32.wav,,157536
b0a44be71a45a33b411a23e82eef2fbe,mvy_40_32.mp3,,audio/mpeg,audio/mvy_40_32.mp3,,38660
98d5f483fb61bdbb6f64d979db739549,ush_40_26.wav,,audio/x-wav,audio/ush_40_26.wav,,106960
3d8719d66e9b4d0f4db100becc38b52f,ush_40_26.mp3,,audio/mpeg,audio/ush_40_26.mp3,,27166
b445fc3e6b48d05901fb7c4aceff59da,shd_40_32.wav,,audio/x-wav,audio/shd_40_32.wav,,182724
4a206d7b5bb85b4dc950d401b6c86797,shd_40_32.mp3,,audio/mpeg,audio/shd_40_32.mp3,,43884
99feae81841a2f8a68cd23345a8fafb9,glh_ag_40_25.wav,,audio/x-wav,audio/glh_ag_40_25.wav,,98244
4458bef0318679c05b0c3bddefefc38a,glh_ag_40_25.mp3,,audio/mpeg,audio/glh_ag_40_25.mp3,,25076
7a4f92fd1bfaeb81aff1a3dd074a2f0f,gju_p_40_29.wav,,audio/x-wav,audio/gju_p_40_29.wav,,145508
5f23430c093a8a58eb0e9ebfe5948ba8,gju_p_40_29.mp3,,audio/mpeg,audio/gju_p_40_29.mp3,,35525
638764ff0a003a1134c9b39a570bbd62,hno_40_22.wav,,audio/x-wav,audio/hno_40_22.wav,,152144
669d6dd9b8f333a16c4b0c53a98d9d7b,hno_40_22.mp3,,audio/mpeg,audio/hno_40_22.mp3,,37615
0eb1a7e8f12cea946870f106e1e6cff8,kir_40_17.wav,,audio/x-wav,audio/kir_40_17.wav,,209860
dbd1c37e87d40ffa75d8db12bc0bfdec,kir_40_17.mp3,,audio/mpeg,audio/kir_40_17.mp3,,50154
8008fd18dedb9f938266ca5da8c50b2f,prs_d_40_20.wav,,audio/x-wav,audio/prs_d_40_20.wav,,126076
ae3762f3d6bd656f22f9c0ba926b2acf,prs_d_40_20.mp3,,audio/mpeg,audio/prs_d_40_20.mp3,,31346
2d3addf8b92ed8ddc10fdf58a4ed49b6,glh_sn_40_33.wav,,audio/x-wav,audio/glh_sn_40_33.wav,,97764
192f187e7426f2fc80396421d169a93b,glh_sn_40_33.mp3,,audio/mpeg,audio/glh_sn_40_33.mp3,,25076
b970655584fb790896570e74bcff0d91,bft_40_33.wav,,audio/x-wav,audio/bft_40_33.wav,,137380
6aa726e52b6d8037d5805a4e476fbeb1,bft_40_33.mp3,,audio/mpeg,audio/bft_40_33.mp3,,33435
1dac832a5e8a90853a116d053ef04acb,xka_40_11.mp3,,audio/mpeg,audio/xka_40_11.mp3,,31346
9dcaa6abdc8d51dfdf752bada396f3d4,xka_40_11.wav,,audio/x-wav,audio/xka_40_11.wav,,127288
37272962fe6258f3a636b1620d2420cb,pbu_i_40_16.wav,,audio/x-wav,audio/pbu_i_40_16.wav,,90224
c0d05fcd0ede189800a54e9cd5467e0b,pbu_i_40_16.mp3,,audio/mpeg,audio/pbu_i_40_16.mp3,,22986
65c14f5f2adbc693f74423773acfcdaf,dml_40_10.wav,,audio/x-wav,audio/dml_40_10.wav,,154776
0772d59d03e9bf932f1e32882edea8d2,dml_40_10.mp3,,audio/mpeg,audio/dml_40_10.mp3,,37615
4b61eb8a289b3fae55a4f63361a94cee,scl_i_40_31.wav,,audio/x-wav,audio/scl_i_40_31.wav,,140464
e0f3ff2e734f681b51e7e3bd148bb86f,scl_i_40_31.mp3,,audio/mpeg,audio/scl_i_40_31.mp3,,34480
c356ac0939a6c5bfb2a8cfba82e0e3d0,wbl_a_40_31.wav,,audio/x-wav,audio/wbl_a_40_31.wav,,140608
1482fa0cdee68d1954beac477cf9c290,wbl_a_40_31.mp3,,audio/mpeg,audio/wbl_a_40_31.mp3,,34480
443171c8fded1557929281263b557101,sdg_40_06.wav,,audio/x-wav,audio/sdg_40_06.wav,,136740
7a9cf2978f7a9125989d2cf8878dfd46,sdg_40_06.mp3,,audio/mpeg,audio/sdg_40_06.mp3,,33435
7791ed315598ea7c26fca6bce45adf48,kas_i_40_28b.wav,,audio/x-wav,audio/kas_i_40_28b.wav,,174412
018bf6297a50ff3a6e3a6d678b3a0f7d,kas_i_40_28b.mp3,,audio/mpeg,audio/kas_i_40_28b.mp3,,41795
68dea9749b939d73c20ae94926000c99,shd_40_09.wav,,audio/x-wav,audio/shd_40_09.wav,,140096
60d1f199082995e5b82e72607f70154c,shd_40_09.mp3,,audio/mpeg,audio/shd_40_09.mp3,,34480
86dab103939cbc2d55b915e69d61c958,khw_40_34.wav,,audio/x-wav,audio/khw_40_34.wav,,124552
c9b0f7b6cb7b61f251015f9ff613f427,khw_40_34.mp3,,audio/mpeg,audio/khw_40_34.mp3,,31346
6edf2288f5dcaac86920374412c31935,kls_40_37.wav,,audio/x-wav,audio/kls_40_37.wav,,145224
ed6d721d947ccf98c11fde691c3c7186,kls_40_37.mp3,,audio/mpeg,audio/kls_40_37.mp3,,35525
adc3a01df31da1df64edb929ed910e96,sgh_a_40_14.wav,,audio/x-wav,audio/sgh_a_40_14.wav,,150276
9d791e52a3a328e92951d5195dc85b18,sgh_a_40_14.mp3,,audio/mpeg,audio/sgh_a_40_14.mp3,,36570
abe63a7fe48d0fe05031a29ace908f45,ydg_40_36.mp3,,audio/mpeg,audio/ydg_40_36.mp3,,30301
fd47fd582b79cb994f3829c0cce31aa9,ydg_40_36.wav,,audio/x-wav,audio/ydg_40_36.wav,,123856
3e8b11992c8f4fb68789d0d6e629479e,bsh_w_40_28.wav,,audio/x-wav,audio/bsh_w_40_28.wav,,192900
bb7919509d95bce8336afe0666b3bd14,bsh_w_40_28.mp3,,audio/mpeg,audio/bsh_w_40_28.mp3,,45974
5eee4f6b324f4d6878eae6a12ae73283,ydg_40_27.mp3,,audio/mpeg,audio/ydg_40_27.mp3,,25076
03af67fe9003cfdb38015e377e27e438,ydg_40_27.wav,,audio/x-wav,audio/ydg_40_27.wav,,97264
5d19da82f12562f9c60f00fc63511180,wbl_a_40_10.wav,,audio/x-wav,audio/wbl_a_40_10.wav,,136824
dd7c1cb3900aa73e8ed87115d5e7e2a8,wbl_a_40_10.mp3,,audio/mpeg,audio/wbl_a_40_10.mp3,,33435
f845f0c48c784526aa5a71f64bebb737,sdg_40_16.wav,,audio/x-wav,audio/sdg_40_16.wav,,112728
ed80ebcbdf56e2f13b6eaf16ccc5b50a,sdg_40_16.mp3,,audio/mpeg,audio/sdg_40_16.mp3,,28211
054550fedc47df509bd78e9f6f63a668,prc_40_18.wav,,audio/x-wav,audio/prc_40_18.wav,,84720
3a7798ef1a607c05b4cb2ae56c85bdb4,prc_40_18.mp3,,audio/mpeg,audio/prc_40_18.mp3,,21942
b74f6dca4170ce915940e3b0d8bd36d5,sgy_40_09.wav,,audio/x-wav,audio/sgy_40_09.wav,,124680
9ee9d2a13e16db164deb4a67f424882b,sgy_40_09.mp3,,audio/mpeg,audio/sgy_40_09.mp3,,31346
0d9fd0aaeca3b106721dfaec45f96fd5,xvi_40_17.mp3,,audio/mpeg,audio/xvi_40_17.mp3,,27166
d43d5a9541c18420cfdf5806b74221d9,xvi_40_17.wav,,audio/x-wav,audio/xvi_40_17.wav,,110540
f1c2506bc2a3fd6a17e90466897a536f,sgy_40_26.wav,,audio/x-wav,audio/sgy_40_26.wav,,128496
b95f544e7231888d41d3240bc66448f1,sgy_40_26.mp3,,audio/mpeg,audio/sgy_40_26.mp3,,31346
4c5c24db127b97cf07dbe1a9ff53b9cf,lbj_40_35.wav,,audio/x-wav,audio/lbj_40_35.wav,,96756
d5a4135623b0c2a7a2fb49b06e1c93eb,lbj_40_35.mp3,,audio/mpeg,audio/lbj_40_35.mp3,,24031
de9c3042dd9b12d9add1a7bb257a7695,glh_sn_40_27.wav,,audio/x-wav,audio/glh_sn_40_27.wav,,133360
eae632700c7caab4553136a565ceb1b8,glh_sn_40_27.mp3,,audio/mpeg,audio/glh_sn_40_27.mp3,,32391
7826c0ae875a9ccb2c91a10a074a2c9b,ydg_40_32.mp3,,audio/mpeg,audio/ydg_40_32.mp3,,26121
40981b18073d0294ff88a2f38c9e9f4d,ydg_40_32.wav,,audio/x-wav,audio/ydg_40_32.wav,,105572
9a43034555540d9eb24ea8e8dc21236d,prc_40_03.wav,,audio/x-wav,audio/prc_40_03.wav,,107552
9465f33ee4d6df74b340d6d792a77e45,prc_40_03.mp3,,audio/mpeg,audio/prc_40_03.mp3,,27166
c38927c5f79c84e9da4ff8c951c5b6bd,ydg_40_08.mp3,,audio/mpeg,audio/ydg_40_08.mp3,,28211
0f74dc1872f3843b61cf3fc73115053a,ydg_40_08.wav,,audio/x-wav,audio/ydg_40_08.wav,,113056
219d89a00d7d1a0e8bc3118e002b0206,pbu_i_40_03.wav,,audio/x-wav,audio/pbu_i_40_03.wav,,122688
ae3e81f8f4fa431a4d73d5b99e69ef5e,pbu_i_40_03.mp3,,audio/mpeg,audio/pbu_i_40_03.mp3,,30301
5de57e278fb83418ac96f7064b14971d,mnj_40_18.wav,,audio/x-wav,audio/mnj_40_18.wav,,142388
23ed5eaa0eb76950454b6c117aa9b147,mnj_40_18.mp3,,audio/mpeg,audio/mnj_40_18.mp3,,34480
be810f2a26589f87be11798a7f4e6af6,sdg_40_24.wav,,audio/x-wav,audio/sdg_40_24.wav,,161676
6a536705c597d450f067b41bacc7a413,sdg_40_24.mp3,,audio/mpeg,audio/sdg_40_24.mp3,,39705
a3433e7ae964b4516a93d1f527799938,psi_am_40_17.wav,,audio/x-wav,audio/psi_am_40_17.wav,,97984
d9a0166ac98bc61e15c59b36ffba864d,psi_am_40_17.mp3,,audio/mpeg,audio/psi_am_40_17.mp3,,25076
11f0a4be9910adde8947ec7238674e75,xka_40_33.mp3,,audio/mpeg,audio/xka_40_33.mp3,,33435
676a57c5817d64f85da60637d2d17dea,xka_40_33.wav,,audio/x-wav,audio/xka_40_33.wav,,137584
db473016d15819b4da904b4a55ffac97,ask_40_03.wav,,audio/x-wav,audio/ask_40_03.wav,,114816
b190b9bc1cbef604a08b1e475d181d65,ask_40_03.mp3,,audio/mpeg,audio/ask_40_03.mp3,,28211
77faa4e4f3e0a1d69bc3e9c6bc36f2d2,glh_ag_40_31.wav,,audio/x-wav,audio/glh_ag_40_31.wav,,146444
2acc092e412f32bb5daad43f4ccb761e,glh_ag_40_31.mp3,,audio/mpeg,audio/glh_ag_40_31.mp3,,35525
6cbd689c3cd1de905fddca117a4ed3d7,bkk_40_19.wav,,audio/x-wav,audio/bkk_40_19.wav,,144480
506918c48b9d9a2252b18eb7c81a702f,bkk_40_19.mp3,,audio/mpeg,audio/bkk_40_19.mp3,,35525
e7aa81707abfd0b658f5f50ba057fcd8,mnj_40_09.wav,,audio/x-wav,audio/mnj_40_09.wav,,124388
b5a482f764780f8a0c90d821dedd09bf,mnj_40_09.mp3,,audio/mpeg,audio/mnj_40_09.mp3,,30301
5c9a555ea66840002450aa4288dbfb84,prx_40_27.wav,,audio/x-wav,audio/prx_40_27.wav,,112780
6652c7249279c0f425b4ddc4899b8ff3,prx_40_27.mp3,,audio/mpeg,audio/prx_40_27.mp3,,28211
73693dd06a14755a731eaff3e69780d1,prn_40_35.wav,,audio/x-wav,audio/prn_40_35.wav,,116556
9f23ad73bf684d9da05096baabf845c3,prn_40_35.mp3,,audio/mpeg,audio/prn_40_35.mp3,,29256
9a7863474297bded369f1dc58f9004df,prs_d_40_03b.wav,,audio/x-wav,audio/prs_d_40_03b.wav,,128032
d4c52302337a53849ad2e06b49723683,prs_d_40_03b.mp3,,audio/mpeg,audio/prs_d_40_03b.mp3,,31346
152e84ec5beea9cbf89b6d6c8120f53b,sgh_r_40_15.wav,,audio/x-wav,audio/sgh_r_40_15.wav,,129204
d3b262056354ff0cfb9fc4428d43239f,sgh_r_40_15.mp3,,audio/mpeg,audio/sgh_r_40_15.mp3,,32391
5b21aa69289779b2775c85db4dee5bac,bsh_w_40_06.wav,,audio/x-wav,audio/bsh_w_40_06.wav,,121368
cc686b9aec59a3d6d8b14804c38f71fc,bsh_w_40_06.mp3,,audio/mpeg,audio/bsh_w_40_06.mp3,,30301
ed63f405160d4eaca6c54af1cf472d8e,wbl_a_40_07.wav,,audio/x-wav,audio/wbl_a_40_07.wav,,134928
4ea47dc37f472cf52a87f70301915f53,wbl_a_40_07.mp3,,audio/mpeg,audio/wbl_a_40_07.mp3,,33435
0c0b3aff573a898a61b4319456596bab,glh_ag_40_22.wav,,audio/x-wav,audio/glh_ag_40_22.wav,,100500
7152a8048d9a25a3c7e3726b30ab933f,glh_ag_40_22.mp3,,audio/mpeg,audio/glh_ag_40_22.mp3,,25076
0a440151eacc431830ad9ec8ac8d3d06,prs_d_40_18.wav,,audio/x-wav,audio/prs_d_40_18.wav,,133516
ee0a1a261cb028d77d3db8a56017a36a,prs_d_40_18.mp3,,audio/mpeg,audio/prs_d_40_18.mp3,,32391
5df19be1d9074be556ba24ddf5a4bf5a,plk_40_39.wav,,audio/x-wav,audio/plk_40_39.wav,,127952
b17923192f83345f8923fc0b552821cd,plk_40_39.mp3,,audio/mpeg,audio/plk_40_39.mp3,,31346
dffe055ec900931b88690bb2338fc693,dml_40_30.wav,,audio/x-wav,audio/dml_40_30.wav,,137780
f09bcc5f36087004e237ca4df0500538,dml_40_30.mp3,,audio/mpeg,audio/dml_40_30.mp3,,33435
f2595999976e12b0a0011fcea95166a0,lbj_40_36.wav,,audio/x-wav,audio/lbj_40_36.wav,,151316
702007309ee110725541c79c0a74b2fd,lbj_40_36.mp3,,audio/mpeg,audio/lbj_40_36.mp3,,36570
1c5a6492aef7231855183826c68285a4,wbl_a_40_35.wav,,audio/x-wav,audio/wbl_a_40_35.wav,,139664
6a61a77010591bd4187d76ddbaaf2c96,wbl_a_40_35.mp3,,audio/mpeg,audio/wbl_a_40_35.mp3,,34480
8e9550220b2f85d64b8c1e913f37be16,gju_p_40_25.wav,,audio/x-wav,audio/gju_p_40_25.wav,,144140
6ede79d6b62ef677eb8ccd30af7dc6f4,gju_p_40_25.mp3,,audio/mpeg,audio/gju_p_40_25.mp3,,35525
71e74e54df4e522f23da92f797474fca,sgh_a_40_30.wav,,audio/x-wav,audio/sgh_a_40_30.wav,,161764
324c786c834400c70ef09a88da25471a,sgh_a_40_30.mp3,,audio/mpeg,audio/sgh_a_40_30.mp3,,39705
88d90af56309b51ec960124e1f1c24f2,glh_ag_40_03b.wav,,audio/x-wav,audio/glh_ag_40_03b.wav,,110856
dd1df4e99a1181c7ec99f892bd3a40d6,glh_ag_40_03b.mp3,,audio/mpeg,audio/glh_ag_40_03b.mp3,,28211
d2671c28a8c20e822ffd53bfdd671aa7,bsh_w_40_34.wav,,audio/x-wav,audio/bsh_w_40_34.wav,,123296
4d7bc52d75d53537412f5226ff479688,bsh_w_40_34.mp3,,audio/mpeg,audio/bsh_w_40_34.mp3,,30301
10293e1db24d72368980b42bdf3458f5,aee_ch_40_37.wav,,audio/x-wav,audio/aee_ch_40_37.wav,,108528
001ec70bcc813ef7d55f2ef292a99e11,aee_ch_40_37.mp3,,audio/mpeg,audio/aee_ch_40_37.mp3,,27166
6105730b1df366d0a49d096d5bb01e33,bsk_n_40_20.wav,,audio/x-wav,audio/bsk_n_40_20.wav,,140236
20ee4f577a2dc18e6a64d289a26c7974,bsk_n_40_20.mp3,,audio/mpeg,audio/bsk_n_40_20.mp3,,34480
07aa3255402adac3a360c9212c3efe40,uzs_40_34.wav,,audio/x-wav,audio/uzs_40_34.wav,,100528
7da55dd0486a48eae45967f5a8408486,uzs_40_34.mp3,,audio/mpeg,audio/uzs_40_34.mp3,,25076
408229b5b38835ec2e4cdf5f53867f45,gwt_p_40_34.wav,,audio/x-wav,audio/gwt_p_40_34.wav,,118396
82c42d0442733b691d36ee1b6a7d130a,gwt_p_40_34.mp3,,audio/mpeg,audio/gwt_p_40_34.mp3,,29256
87d83b5babc3c8799be8ac04d2b8e3b2,prn_40_26.wav,,audio/x-wav,audio/prn_40_26.wav,,101664
b752191d47332e716e9e1869f3dcf901,prn_40_26.mp3,,audio/mpeg,audio/prn_40_26.mp3,,26121
8a20a8a5f5d89dfa64ab031bfedad8d9,wbl_p_40_25.wav,,audio/x-wav,audio/wbl_p_40_25.wav,,112968
3fb9499efb9e0fd8a996f9128b91638a,wbl_p_40_25.mp3,,audio/mpeg,audio/wbl_p_40_25.mp3,,28211
17084b11f82b0447c0f6bfb6e8db9f26,sgy_40_35.wav,,audio/x-wav,audio/sgy_40_35.wav,,122772
9be56dca8dbb161e5f5361ffb047519d,sgy_40_35.mp3,,audio/mpeg,audio/sgy_40_35.mp3,,30301
f3d9b2e1c3606f56c44cd60e3cdffcfb,psi_ar_40_30b.wav,,audio/x-wav,audio/psi_ar_40_30b.wav,,131268
8f42c3012a6f90deb865ce4d968e30f8,psi_ar_40_30b.mp3,,audio/mpeg,audio/psi_ar_40_30b.mp3,,32391
e9c61a681044668bcf28fc7a7ce9bc52,scl_p_40_26.wav,,audio/x-wav,audio/scl_p_40_26.wav,,114936
3ab0dfad51b34c9119b3613d1ddcfccd,scl_p_40_26.mp3,,audio/mpeg,audio/scl_p_40_26.mp3,,28211
67bcfd8c91aa01430bd431af055b02cb,bsk_h_40_30.wav,,audio/x-wav,audio/bsk_h_40_30.wav,,98684
c82b273e2cd0f109fb5ccf2289a32528,bsk_h_40_30.mp3,,audio/mpeg,audio/bsk_h_40_30.mp3,,25076
5cd1a5708bf8230825471fcde07c5873,glh_sn_40_24.wav,,audio/x-wav,audio/glh_sn_40_24.wav,,100552
bccba836309d9c69af9a4740571302c9,glh_sn_40_24.mp3,,audio/mpeg,audio/glh_sn_40_24.mp3,,25076
d756041180dac2347443507b80cac5f3,btv_40_13.wav,,audio/x-wav,audio/btv_40_13.wav,,121996
67f59ceb01e21ee56a09f7f77a086a1f,btv_40_13.mp3,,audio/mpeg,audio/btv_40_13.mp3,,30301
d37d67c634d5833dffad5734d7beeebb,sgy_40_19.wav,,audio/x-wav,audio/sgy_40_19.wav,,146304
d854204edf0a3419e724f391c666609f,sgy_40_19.mp3,,audio/mpeg,audio/sgy_40_19.mp3,,35525
c4434a2c56ae94eb504849e796dbfaf2,prc_40_33.wav,,audio/x-wav,audio/prc_40_33.wav,,112532
3ba8a88afde49a747ce6b2c3310def18,prc_40_33.mp3,,audio/mpeg,audio/prc_40_33.mp3,,28211
96767b28d8006d2e5b824bb262bc12e8,prx_40_24.wav,,audio/x-wav,audio/prx_40_24.wav,,87400
6fad0b9680ec80055f39b273cee2bcac,prx_40_24.mp3,,audio/mpeg,audio/prx_40_24.mp3,,21942
b02d20a1a1b1c104b99fe5cce52ba91c,wbk_40_19.wav,,audio/x-wav,audio/wbk_40_19.wav,,106396
3ea19e9649e9a520ef2614e082a3f0cf,wbk_40_19.mp3,,audio/mpeg,audio/wbk_40_19.mp3,,27166
8b18eadbcdf3d731563c58f94efc3532,gju_a_40_32.wav,,audio/x-wav,audio/gju_a_40_32.wav,,149692
e96fef28779c85819b3406999e5df688,gju_a_40_32.mp3,,audio/mpeg,audio/gju_a_40_32.mp3,,36570
577d322ca14c76c7fc491596be4a5892,pbu_a_40_36.wav,,audio/x-wav,audio/pbu_a_40_36.wav,,88856
fda65f8727396531f44075fd8a936da2,pbu_a_40_36.mp3,,audio/mpeg,audio/pbu_a_40_36.mp3,,22986
bad27f7bf93cbb531bc4bd5ae4ebbc60,ush_40_17.wav,,audio/x-wav,audio/ush_40_17.wav,,91684
fe4fba4fc1fed1ef996cbdfd101d3ba0,ush_40_17.mp3,,audio/mpeg,audio/ush_40_17.mp3,,22986
02bd02c14087495070aabf836ace7ee8,mvy_40_04.wav,,audio/x-wav,audio/mvy_40_04.wav,,117396
c886516a1cae8469cb96bbff777f46b3,mvy_40_04.mp3,,audio/mpeg,audio/mvy_40_04.mp3,,29256
46dfdd12ab1a653b57a6e5428bcc9eeb,glh_ag_40_28b.wav,,audio/x-wav,audio/glh_ag_40_28b.wav,,132932
80b733df4ed5d4177f8eae1fc07f5a3e,glh_ag_40_28b.mp3,,audio/mpeg,audio/glh_ag_40_28b.mp3,,32391
e9f0340ef41e19575af07adfd3310530,bft_40_11.wav,,audio/x-wav,audio/bft_40_11.wav,,118796
7c1d6a873b7cf92365bd813491ee47fc,bft_40_11.mp3,,audio/mpeg,audio/bft_40_11.mp3,,29256
c181af31bfbbb17d6761cd2fd4e45339,prx_40_37.wav,,audio/x-wav,audio/prx_40_37.wav,,123996
1a7840e8979078f16cbcd0a1bd86cc56,prx_40_37.mp3,,audio/mpeg,audio/prx_40_37.mp3,,30301
6b204a36ccf923aea95091224ab6986d,wbl_a_40_14.wav,,audio/x-wav,audio/wbl_a_40_14.wav,,150072
0d25d18db09ea995254b4fa0723d58a6,wbl_a_40_14.mp3,,audio/mpeg,audio/wbl_a_40_14.mp3,,36570
e1bec193a537a7d01ea8f67089a5b4d0,gwt_a_40_02.wav,,audio/x-wav,audio/gwt_a_40_02.wav,,126988
9b3874ff2886c8bc4e169b64890883cc,gwt_a_40_02.mp3,,audio/mpeg,audio/gwt_a_40_02.mp3,,31346
22ad7ddc50d369722ced860a8698224b,aee_ch_40_40.wav,,audio/x-wav,audio/aee_ch_40_40.wav,,62540
0c9520d7b41a8906c75cb24e83fbc55f,aee_ch_40_40.mp3,,audio/mpeg,audio/aee_ch_40_40.mp3,,16717
bc096b35e3af431b3c0bec57e08467ff,psi_am_40_27.wav,,audio/x-wav,audio/psi_am_40_27.wav,,88840
a243f9c5967ac003f8dd673fece955d7,psi_am_40_27.mp3,,audio/mpeg,audio/psi_am_40_27.mp3,,22986
559c22b016a3048e9d883351b5ae2a46,aee_ch_40_28.wav,,audio/x-wav,audio/aee_ch_40_28.wav,,100276
6406622f4cfc0154ba094125f1d9d660,aee_ch_40_28.mp3,,audio/mpeg,audio/aee_ch_40_28.mp3,,25076
d0418358b46bbd1feec148f3e483c31c,wbl_p_40_13.wav,,audio/x-wav,audio/wbl_p_40_13.wav,,110436
7e7fd306f66c6ce8495f031fd5906162,wbl_p_40_13.mp3,,audio/mpeg,audio/wbl_p_40_13.mp3,,27166
30b58bcc3c3ad661e686515403ad1b90,bsh_e_40_27.wav,,audio/x-wav,audio/bsh_e_40_27.wav,,85088
4e8d52940c0e60c5db60ec653c344bbb,bsh_e_40_27.mp3,,audio/mpeg,audio/bsh_e_40_27.mp3,,21942
4296611bd61b86b8955ad6abc5d87363,shd_40_24.wav,,audio/x-wav,audio/shd_40_24.wav,,147540
2f2f469cb2e2091ee4369153fd94eb42,shd_40_24.mp3,,audio/mpeg,audio/shd_40_24.mp3,,36570
b6d54b3bd2fc3441bc809cbce0efecb3,bkk_40_12.wav,,audio/x-wav,audio/bkk_40_12.wav,,135388
33bb93c10ffadb1aa44be4dfaacf7dbf,bkk_40_12.mp3,,audio/mpeg,audio/bkk_40_12.mp3,,33435
dadc43adfafc205a93a8863bf2347918,phl_40_08.wav,,audio/x-wav,audio/phl_40_08.wav,,105440
96aeb8ad83be5fa9f9dfbed415cc1c7d,phl_40_08.mp3,,audio/mpeg,audio/phl_40_08.mp3,,26121
a3f7544b3b09fab6447471de60eb01e8,kas_i_40_13.wav,,audio/x-wav,audio/kas_i_40_13.wav,,116788
4a0166cf05c8cfa004e9005531db883b,kas_i_40_13.mp3,,audio/mpeg,audio/kas_i_40_13.mp3,,29256
d9f6f8c0cc6164e91013788ddde9ba60,trw_40_14.wav,,audio/x-wav,audio/trw_40_14.wav,,114596
b02dd0539659aa2fa9a2c4a9e9033a56,trw_40_14.mp3,,audio/mpeg,audio/trw_40_14.mp3,,28211
2e76e111288dc031e2b85d0759bd3cc9,phl_40_26.wav,,audio/x-wav,audio/phl_40_26.wav,,108840
cb53ce2d00cb9e4935290c4da50ac411,phl_40_26.mp3,,audio/mpeg,audio/phl_40_26.mp3,,27166
b8750259d8a6313306c011fc7b424e29,bkk_40_28.wav,,audio/x-wav,audio/bkk_40_28.wav,,127816
7cc3c0e795183ef216d389a52b2100ef,bkk_40_28.mp3,,audio/mpeg,audio/bkk_40_28.mp3,,31346
91e6e00b556aff5b5973e386d940a494,lbj_40_31.wav,,audio/x-wav,audio/lbj_40_31.wav,,148004
a430219deb5723b6289ca3f241a77807,lbj_40_31.mp3,,audio/mpeg,audio/lbj_40_31.mp3,,36570
86e0544afdd44660b0c850125c8d942c,aae_at_40_22.wav,,audio/x-wav,audio/aae_at_40_22.wav,,82100
cc1fa8920eb142edf9cb096860687540,aae_at_40_22.mp3,,audio/mpeg,audio/aae_at_40_22.mp3,,20897
22e38256b0ab04a6575455da24525450,psi_am_40_38.wav,,audio/x-wav,audio/psi_am_40_38.wav,,121488
823b83d453c9887e34b70c8370450900,psi_am_40_38.mp3,,audio/mpeg,audio/psi_am_40_38.mp3,,30301
c7e8928b437bb2bdfc0741a999a94995,kir_40_39.wav,,audio/x-wav,audio/kir_40_39.wav,,139604
a5f3ef44c78adf33a29cfd37f75e7283,kir_40_39.mp3,,audio/mpeg,audio/kir_40_39.mp3,,34480
c2b230490cb6c705b3a274dd64eeaf36,wbl_p_40_02.wav,,audio/x-wav,audio/wbl_p_40_02.wav,,155940
f29196a43e5260ea8cfc4b15978fbd57,wbl_p_40_02.mp3,,audio/mpeg,audio/wbl_p_40_02.mp3,,37615
1c0695fbbb9ab544a42bdcde549c8067,ush_40_30.wav,,audio/x-wav,audio/ush_40_30.wav,,148504
0351d984ca9e2a84cf9a22717fbbb64f,ush_40_30.mp3,,audio/mpeg,audio/ush_40_30.mp3,,36570
1c4d8490829c449b6ec218443aa5b6b2,xka_40_34.mp3,,audio/mpeg,audio/xka_40_34.mp3,,27166
95e069862e3e1f2454c72bcb4fc828a8,xka_40_34.wav,,audio/x-wav,audio/xka_40_34.wav,,108164
343bf8d245a71ece7b00746826bf7901,psi_ar_40_23.wav,,audio/x-wav,audio/psi_ar_40_23.wav,,137056
3b6665403cf5fb158783ee401e0bd475,psi_ar_40_23.mp3,,audio/mpeg,audio/psi_ar_40_23.mp3,,33435
a1c3e70ec6d9b398a8b8048def4680a0,kas_p_40_39.wav,,audio/x-wav,audio/kas_p_40_39.wav,,157116
e36464c9616018deda00f05a0639db68,kas_p_40_39.mp3,,audio/mpeg,audio/kas_p_40_39.mp3,,38660
6dd8bd28d4b0644132734e0d581e2266,trw_40_39.wav,,audio/x-wav,audio/trw_40_39.wav,,107600
5586e809f1620ddc2b8bca9ef12aa76b,trw_40_39.mp3,,audio/mpeg,audio/trw_40_39.mp3,,27166
6e54df7c1d20305ed2b28ad00b4bc3d3,psi_ar_40_31b.wav,,audio/x-wav,audio/psi_ar_40_31b.wav,,168896
519b0662e85d545ef89714abdd3a4916,psi_ar_40_31b.mp3,,audio/mpeg,audio/psi_ar_40_31b.mp3,,40750
09d5b6f7c946b693b1064f617e174006,ydg_40_17.mp3,,audio/mpeg,audio/ydg_40_17.mp3,,26121
eab783ec26a0a0adad163a8d2caff3db,ydg_40_17.wav,,audio/x-wav,audio/ydg_40_17.wav,,103084
da7ffb15506080f91031e5d0e18c89bc,psi_am_40_18.wav,,audio/x-wav,audio/psi_am_40_18.wav,,126712
46f3efd0df229b21aed8fdaf0fd75af0,psi_am_40_18.mp3,,audio/mpeg,audio/psi_am_40_18.mp3,,31346
9a564c088675d46a051bab8c4e9b6d70,prc_40_22.wav,,audio/x-wav,audio/prc_40_22.wav,,103816
c8ee821257cda350d6a48426c783fbbf,prc_40_22.mp3,,audio/mpeg,audio/prc_40_22.mp3,,26121
0908042ef63edcc7dc2e29e8b76d4065,aee_kg_40_34.wav,,audio/x-wav,audio/aee_kg_40_34.wav,,78456
12a841103aa0b3ee8568703595c7e3d8,aee_kg_40_34.mp3,,audio/mpeg,audio/aee_kg_40_34.mp3,,20897
c52cf831aa97bf1f9a63baebc7739363,wbk_40_30.wav,,audio/x-wav,audio/wbk_40_30.wav,,83276
46c709fb5ecbcf5fcfc0444e9ef06e49,wbk_40_30.mp3,,audio/mpeg,audio/wbk_40_30.mp3,,21942
5cc668cf1f996b769b1e8c134780dd73,gwt_a_40_36.wav,,audio/x-wav,audio/gwt_a_40_36.wav,,101332
09b720dcbd97e6787aa7a4a3850b1111,gwt_a_40_36.mp3,,audio/mpeg,audio/gwt_a_40_36.mp3,,25076
ad771c2ea58346b7ffe9de7a905bde4d,hno_40_09.wav,,audio/x-wav,audio/hno_40_09.wav,,111660
25c27574bc3eb1df9bc23882d96ebba6,hno_40_09.mp3,,audio/mpeg,audio/hno_40_09.mp3,,28211
16c2aa5634bc33d20389d60b10984eb1,pbu_i_40_15.wav,,audio/x-wav,audio/pbu_i_40_15.wav,,106816
b0b7d3b4da7c923ad582a244abbc3d5b,pbu_i_40_15.mp3,,audio/mpeg,audio/pbu_i_40_15.mp3,,27166
411b22b38ce8e7597388b68007be60eb,wbk_40_25.wav,,audio/x-wav,audio/wbk_40_25.wav,,104544
b584c0e62af860bb402c51e7292e8570,wbk_40_25.mp3,,audio/mpeg,audio/wbk_40_25.mp3,,26121
8af9294b9fb09ca9ccfa4a4e990bf682,kir_40_29.wav,,audio/x-wav,audio/kir_40_29.wav,,180428
04f26c1bd9467625c19592b7b8cca24b,kir_40_29.mp3,,audio/mpeg,audio/kir_40_29.mp3,,43884
0462183ae133f255b46297477fc3c7da,dml_40_12.wav,,audio/x-wav,audio/dml_40_12.wav,,133092
b56fa0e3463d6177ab3e51237ffc3137,dml_40_12.mp3,,audio/mpeg,audio/dml_40_12.mp3,,32391
a643831ce23de7b86c8883d3f045cd17,gju_a_40_08.wav,,audio/x-wav,audio/gju_a_40_08.wav,,125288
1638b691103392f8a80087d7433d6640,gju_a_40_08.mp3,,audio/mpeg,audio/gju_a_40_08.mp3,,31346
17f9d5eaac46da1d91c08c4cd0a7e496,kas_p_40_03.wav,,audio/x-wav,audio/kas_p_40_03.wav,,126388
1c36fcd7081b45ea0677e451dd80ee3c,kas_p_40_03.mp3,,audio/mpeg,audio/kas_p_40_03.mp3,,31346
35a6da0617ddcfed4a395a17e2d5c956,gwc_40_19.wav,,audio/x-wav,audio/gwc_40_19.wav,,99452
999fab2a0a87ae8ed157360c99cda9b3,gwc_40_19.mp3,,audio/mpeg,audio/gwc_40_19.mp3,,25076
63a1245ae6b959983fc0b834d277a2d8,bkk_40_25.wav,,audio/x-wav,audio/bkk_40_25.wav,,149020
0dc755896cabc1e01713301d9a93e747,bkk_40_25.mp3,,audio/mpeg,audio/bkk_40_25.mp3,,36570
99ff4ceb58e1face9f0fc512b65d7fa3,trw_40_08.wav,,audio/x-wav,audio/trw_40_08.wav,,108676
0a59eba11dce9db1dfe2cb283c3cb20e,trw_40_08.mp3,,audio/mpeg,audio/trw_40_08.mp3,,27166
c6c3395885d4b08469a4b90e6649f83f,pbu_i_40_29.wav,,audio/x-wav,audio/pbu_i_40_29.wav,,105372
f3a163aa6416edd0704c6592077e6a0d,pbu_i_40_29.mp3,,audio/mpeg,audio/pbu_i_40_29.mp3,,26121
4d818081224f60eb37bf3003e0b7094a,gwt_p_40_12.wav,,audio/x-wav,audio/gwt_p_40_12.wav,,123732
36b037f7218666383d4c978901d4e946,gwt_p_40_12.mp3,,audio/mpeg,audio/gwt_p_40_12.mp3,,30301
20e4f51b682a1590d0edd71dec631cab,isk_40_28.wav,,audio/x-wav,audio/isk_40_28.wav,,122520
55672eeecdd1c70cea3ce51f51c61f29,isk_40_28.mp3,,audio/mpeg,audio/isk_40_28.mp3,,30301
ea2ea6a75c969be355eb1eb20f9b3cce,gwt_p_40_13.wav,,audio/x-wav,audio/gwt_p_40_13.wav,,118880
a881da62f76bdf4d9d40e10d70853e54,gwt_p_40_13.mp3,,audio/mpeg,audio/gwt_p_40_13.mp3,,29256
84daefa1bfadecf74aa07e1ac6b8aba0,sgh_a_40_19.wav,,audio/x-wav,audio/sgh_a_40_19.wav,,145856
6b1b97c175f17c212dbfdab525e83421,sgh_a_40_19.mp3,,audio/mpeg,audio/sgh_a_40_19.mp3,,35525
4f8c0e0e9c076b9c65a3bff6241433e3,phr_40_03.wav,,audio/x-wav,audio/phr_40_03.wav,,166132
8d9df25b683fa210224f7e2dc968e13a,phr_40_03.mp3,,audio/mpeg,audio/phr_40_03.mp3,,40750
b845c671f1e86cb2a585f483bcbcf9e6,wbl_p_40_17.wav,,audio/x-wav,audio/wbl_p_40_17.wav,,135716
6ce8ca3c7345c1d6ea7f6223f1e87dc8,wbl_p_40_17.mp3,,audio/mpeg,audio/wbl_p_40_17.mp3,,33435
3b358302c1fa729e1a9074430755a186,scl_i_40_30.wav,,audio/x-wav,audio/scl_i_40_30.wav,,138604
5a36addea4a03520726e2b1f585ab8a7,scl_i_40_30.mp3,,audio/mpeg,audio/scl_i_40_30.mp3,,34480
b0c366b669c0969b8860637e52843542,bkk_40_17.wav,,audio/x-wav,audio/bkk_40_17.wav,,126296
1cd0f51d73a8850b717975fe86d42f20,bkk_40_17.mp3,,audio/mpeg,audio/bkk_40_17.mp3,,31346
9b5dececa6c668fcae342fc5e1663b5b,gwc_40_20.wav,,audio/x-wav,audio/gwc_40_20.wav,,122304
19993883a73898a8884672f7aad62e22,gwc_40_20.mp3,,audio/mpeg,audio/gwc_40_20.mp3,,30301
cd00bc4d493f7d84f17facaab2275672,aee_sh_40_29.wav,,audio/x-wav,audio/aee_sh_40_29.wav,,104968
2329eabb702b488475d33dbc8fd9a4d0,aee_sh_40_29.mp3,,audio/mpeg,audio/aee_sh_40_29.mp3,,26121
e11bb57d75ecc8699c783988cb74fc6a,sgh_a_40_24.wav,,audio/x-wav,audio/sgh_a_40_24.wav,,137904
034a45d6e55015afed23af50504907e9,sgh_a_40_24.mp3,,audio/mpeg,audio/sgh_a_40_24.mp3,,33435
bb9dcfaac6775c2bd40d7044f5f19b14,sgy_40_29.wav,,audio/x-wav,audio/sgy_40_29.wav,,131040
5eed0489e0de11be79bdd9c9166af86d,sgy_40_29.mp3,,audio/mpeg,audio/sgy_40_29.mp3,,32391
6fd830d4babbbfb83e122ebaf604746e,shd_40_20.wav,,audio/x-wav,audio/shd_40_20.wav,,163104
01277e34ec6fe141affe81fd0d4ea8f8,shd_40_20.mp3,,audio/mpeg,audio/shd_40_20.mp3,,39705
9759782e6ef53be4fec2a1126bf8aa7a,mvy_40_10.wav,,audio/x-wav,audio/mvy_40_10.wav,,145316
8120b92081f37f1cdcfcb7925fc6721c,mvy_40_10.mp3,,audio/mpeg,audio/mvy_40_10.mp3,,35525
635225ad6abfb2241c84eab68d354460,psi_ar_40_28.wav,,audio/x-wav,audio/psi_ar_40_28.wav,,120656
5d6e760235f0a96258216587bbf158d1,psi_ar_40_28.mp3,,audio/mpeg,audio/psi_ar_40_28.mp3,,30301
4c208102ae37496547fe595a33187e4b,isk_40_04.wav,,audio/x-wav,audio/isk_40_04.wav,,120144
fa9c7a4ee14873da3a16874716693b92,isk_40_04.mp3,,audio/mpeg,audio/isk_40_04.mp3,,30301
9b595958212e1404b9afa66cb07a8b7b,ush_40_20.wav,,audio/x-wav,audio/ush_40_20.wav,,124680
1ee7495f47e3bea7f4214d3a57ac2b53,ush_40_20.mp3,,audio/mpeg,audio/ush_40_20.mp3,,31346
6b58904673b82ef384172c1fa80c058e,bft_40_23b.wav,,audio/x-wav,audio/bft_40_23b.wav,,150288
3f2063c2a33526cc797f36b45cc09c77,bft_40_23b.mp3,,audio/mpeg,audio/bft_40_23b.mp3,,36570
487ebe47833b54f062b19a54461439a1,sdg_40_14.wav,,audio/x-wav,audio/sdg_40_14.wav,,152440
20e36b1283eb9bd725d6d03933e435ba,sdg_40_14.mp3,,audio/mpeg,audio/sdg_40_14.mp3,,37615
9df767a9711612aebe02c205df37d53c,gwc_40_24.wav,,audio/x-wav,audio/gwc_40_24.wav,,110496
788d192a366e56bcb1cf873ee51da138,gwc_40_24.mp3,,audio/mpeg,audio/gwc_40_24.mp3,,27166
41e9d9253c5f8fa5e58038c2267504f9,hno_40_36.wav,,audio/x-wav,audio/hno_40_36.wav,,139016
df9c89d88105662ea9beae996aa24e85,hno_40_36.mp3,,audio/mpeg,audio/hno_40_36.mp3,,34480
0be5f442efddabb747455a01e0ccfba4,sdg_40_10.wav,,audio/x-wav,audio/sdg_40_10.wav,,163524
0ea36cb1cd726a4f893f8031ceb72c1b,sdg_40_10.mp3,,audio/mpeg,audio/sdg_40_10.mp3,,39705
dcb6fb61766549b7a318b175d45ee2d7,kas_i_40_18.wav,,audio/x-wav,audio/kas_i_40_18.wav,,142980
a0e942106814a55f06ef68cba3175414,kas_i_40_18.mp3,,audio/mpeg,audio/kas_i_40_18.mp3,,35525
2f648acb2051ab5fa673fab0dbdabb00,bsh_e_40_04.wav,,audio/x-wav,audio/bsh_e_40_04.wav,,158120
0ffad6882e880c75a9b0da19954faf46,bsh_e_40_04.mp3,,audio/mpeg,audio/bsh_e_40_04.mp3,,38660
1e33bddbfd4a4a7ae5ddc21548063ad5,bsh_w_40_09.wav,,audio/x-wav,audio/bsh_w_40_09.wav,,139248
c564817a667c41be16fe9224287f1ec6,bsh_w_40_09.mp3,,audio/mpeg,audio/bsh_w_40_09.mp3,,34480
fae3bbaaf4a76d77fdc7ea741eb657fe,psh_ai_40_02.wav,,audio/x-wav,audio/psh_ai_40_02.wav,,131496
4803c4702d03138e9d9f41440fbb835d,psh_ai_40_02.mp3,,audio/mpeg,audio/psh_ai_40_02.mp3,,32391
248807eb98349e1d3f9df80b0b278f84,ydg_40_01.mp3,,audio/mpeg,audio/ydg_40_01.mp3,,27166
80ba29e80d2235e855b4b05e5e1a01d6,ydg_40_01.wav,,audio/x-wav,audio/ydg_40_01.wav,,110560
7fbffb3c151d58846c52bdb0dad33fb6,xka_40_22.mp3,,audio/mpeg,audio/xka_40_22.mp3,,32391
d57a74533480cfc369648d7a0caeb31a,xka_40_22.wav,,audio/x-wav,audio/xka_40_22.wav,,129496
55366aa1e1e22a46c3ed7d06831d19fb,wbl_a_40_24.wav,,audio/x-wav,audio/wbl_a_40_24.wav,,125936
b70a21094ccff8f5f9a99384251ff8c4,wbl_a_40_24.mp3,,audio/mpeg,audio/wbl_a_40_24.mp3,,31346
0f0f14b0815e18fb3ec6e444b720290c,prx_40_06.wav,,audio/x-wav,audio/prx_40_06.wav,,86808
e3cfe0ae2d401ed15e8d1202fc4d0b89,prx_40_06.mp3,,audio/mpeg,audio/prx_40_06.mp3,,21942
17783d829525bbe8bcfb0fc3895d6718,aee_ch_40_13.wav,,audio/x-wav,audio/aee_ch_40_13.wav,,97324
9b1d49b70d113bfb8560fa06f436cca1,aee_ch_40_13.mp3,,audio/mpeg,audio/aee_ch_40_13.mp3,,25076
1b2aa5d82d8ca7890e9991f77a839c74,pbu_i_40_08.wav,,audio/x-wav,audio/pbu_i_40_08.wav,,104652
620c382055ab97dd5803ac28c1e1e0bd,pbu_i_40_08.mp3,,audio/mpeg,audio/pbu_i_40_08.mp3,,26121
6ea3fce02856d58e6d3503f71f239a6f,kir_40_40.wav,,audio/x-wav,audio/kir_40_40.wav,,119668
3ef707fc87d419a41fecd70fa604a178,kir_40_40.mp3,,audio/mpeg,audio/kir_40_40.mp3,,29256
68f0f3a7790a0911b00b45b610d5597f,ask_40_21.wav,,audio/x-wav,audio/ask_40_21.wav,,120076
3f414cc512792fbc3f0f032f930280cb,ask_40_21.mp3,,audio/mpeg,audio/ask_40_21.mp3,,30301
2ccee4603436f5bb7f59815d5464fe17,aae_at_40_12.wav,,audio/x-wav,audio/aae_at_40_12.wav,,90740
0454d3dc0a2c764be0c22dc3aff6d2b0,aae_at_40_12.mp3,,audio/mpeg,audio/aae_at_40_12.mp3,,22986
9bab0438bc7c3883609a9d2bf6915450,psh_ai_40_28.wav,,audio/x-wav,audio/psh_ai_40_28.wav,,128460
7096c0d2c7f37c8388b615a774c29fdd,psh_ai_40_28.mp3,,audio/mpeg,audio/psh_ai_40_28.mp3,,31346
2356b7a75e1f04c410d60fe7328835d0,kir_40_05.wav,,audio/x-wav,audio/kir_40_05.wav,,259228
34fa4b001d5020bc35058c33eae0c2cb,kir_40_05.mp3,,audio/mpeg,audio/kir_40_05.mp3,,61648
b3175c6373492d33ab16b705bd04e924,xvi_40_08.mp3,,audio/mpeg,audio/xvi_40_08.mp3,,48064
c71343c58fc395e7fc272b0805b19785,xvi_40_08.wav,,audio/x-wav,audio/xvi_40_08.wav,,199568
4c23dc554bfb1e0cf2d2ebc2a99bd288,aee_ch_40_09.wav,,audio/x-wav,audio/aee_ch_40_09.wav,,93788
108861dd417ea139835291e8b2fad47e,aee_ch_40_09.mp3,,audio/mpeg,audio/aee_ch_40_09.mp3,,24031
e3065e29a88684b6e7165c1d203a36f6,prn_40_34.wav,,audio/x-wav,audio/prn_40_34.wav,,126192
e71d6d6dc4d67e145d0de8766773d323,prn_40_34.mp3,,audio/mpeg,audio/prn_40_34.mp3,,31346
38ca4317a91f11fd41a526e6d35f4282,gwc_40_39.wav,,audio/x-wav,audio/gwc_40_39.wav,,99832
6e16ff59538f4b8d4f41ed5b32f13e4e,gwc_40_39.mp3,,audio/mpeg,audio/gwc_40_39.mp3,,25076
967790d74f3c82058ca20feaa8a675eb,ask_40_30.wav,,audio/x-wav,audio/ask_40_30.wav,,113060
2ab3e2cf24f8e5b39b33e34c518ce211,ask_40_30.mp3,,audio/mpeg,audio/ask_40_30.mp3,,28211
45cc63816338676f8d1a0a0a4b50c4d2,psi_ar_40_03.wav,,audio/x-wav,audio/psi_ar_40_03.wav,,136092
aa4ca57a017424747c77fc03e530e5c6,psi_ar_40_03.mp3,,audio/mpeg,audio/psi_ar_40_03.mp3,,33435
d41f5ec6b9388f7bda7c00ddf24760aa,wbk_40_39.wav,,audio/x-wav,audio/wbk_40_39.wav,,84200
b1e7178174e77ebfb9dc81cfd66a5917,wbk_40_39.mp3,,audio/mpeg,audio/wbk_40_39.mp3,,21942
8f2049033edc8d55461b556ed26d3f78,sdg_40_20.wav,,audio/x-wav,audio/sdg_40_20.wav,,130276
9f4b8203ddbc21ae5964fb51e8259a55,sdg_40_20.mp3,,audio/mpeg,audio/sdg_40_20.mp3,,32391
034c62cd8b9b341558ff90c02a61b234,kir_40_18.wav,,audio/x-wav,audio/kir_40_18.wav,,160492
e1564720711c9399a73a580377fc9e75,kir_40_18.mp3,,audio/mpeg,audio/kir_40_18.mp3,,38660
7afdec57c4727e66a55d7e31e04d3d99,bsk_n_40_37.wav,,audio/x-wav,audio/bsk_n_40_37.wav,,172416
c4d48fac9d6f5060d133b6d0b122321a,bsk_n_40_37.mp3,,audio/mpeg,audio/bsk_n_40_37.mp3,,41795
91f306297c67820626b46dd8eec8e0cb,gju_p_40_03.wav,,audio/x-wav,audio/gju_p_40_03.wav,,163948
53bb2b4c3f10c74b69295b4497d8cd08,gju_p_40_03.mp3,,audio/mpeg,audio/gju_p_40_03.mp3,,39705
64352a27dcc031c737071aa44c521402,aee_ch_40_39.wav,,audio/x-wav,audio/aee_ch_40_39.wav,,95556
03cef27a8bd3f72617172051ef126de0,aee_ch_40_39.mp3,,audio/mpeg,audio/aee_ch_40_39.mp3,,24031
0c7542c9537618036dc87480a29043ba,sgh_r_40_26.wav,,audio/x-wav,audio/sgh_r_40_26.wav,,108176
e8fd03f5d8b1d0ac2a234aabf7fdc681,sgh_r_40_26.mp3,,audio/mpeg,audio/sgh_r_40_26.mp3,,27166
74d673a6285bb26c209df3f72dc54e63,aae_at_40_15.wav,,audio/x-wav,audio/aae_at_40_15.wav,,104312
8b5cb94055483cba61209895dcc8dad3,aae_at_40_15.mp3,,audio/mpeg,audio/aae_at_40_15.mp3,,26121
2b67c2e821ac3434feaa585d051148d1,shd_40_16.wav,,audio/x-wav,audio/shd_40_16.wav,,161072
4cd09f4fd0042c7c2ce09a7fa9a27dcd,shd_40_16.mp3,,audio/mpeg,audio/shd_40_16.mp3,,38660
2cb7f53a188213db9b8bd722d8b6e124,bsk_n_40_11.wav,,audio/x-wav,audio/bsk_n_40_11.wav,,122776
e985c94aac8a71bd5ba96cfe906b46ec,bsk_n_40_11.mp3,,audio/mpeg,audio/bsk_n_40_11.mp3,,30301
7a4c10199b05ef361e9ff3ab67fdb378,phl_40_24.wav,,audio/x-wav,audio/phl_40_24.wav,,119036
f0449ad29d189fac10eed03e39adb9c2,phl_40_24.mp3,,audio/mpeg,audio/phl_40_24.mp3,,29256
fc0a712a15b1caf0cbbfb5a0e8fd0806,aee_ch_40_34.wav,,audio/x-wav,audio/aee_ch_40_34.wav,,94376
277cf16940f672f752442c0ef617b0ec,aee_ch_40_34.mp3,,audio/mpeg,audio/aee_ch_40_34.mp3,,24031
5cf7b0a7a70a47313c42cdb87398a90b,pbu_a_40_19.wav,,audio/x-wav,audio/pbu_a_40_19.wav,,98876
8d85515b5900c4ecf2902de8db31a84c,pbu_a_40_19.mp3,,audio/mpeg,audio/pbu_a_40_19.mp3,,25076
ca8252689e475c7a78b45e30d0b79977,sgy_40_07.wav,,audio/x-wav,audio/sgy_40_07.wav,,146300
a1188d0473fce65dbd9b5dff545b843d,sgy_40_07.mp3,,audio/mpeg,audio/sgy_40_07.mp3,,35525
b97c3237745f28708b66c71bd9970f0b,mnj_40_21.wav,,audio/x-wav,audio/mnj_40_21.wav,,162840
5dd066c9ef038673f72507cb0ef2fa53,mnj_40_21.mp3,,audio/mpeg,audio/mnj_40_21.mp3,,39705
139fbfbfd688f10f13a406c90a3e1972,psi_ar_40_33b.wav,,audio/x-wav,audio/psi_ar_40_33b.wav,,131268
ce539f38214f64f2efd31b40d544f8c0,psi_ar_40_33b.mp3,,audio/mpeg,audio/psi_ar_40_33b.mp3,,32391
82a0248798e7fc2eb309dd22f1f4fc42,bsk_h_40_36.wav,,audio/x-wav,audio/bsk_h_40_36.wav,,79472
8fde07f6854530713120f1313e7f6a48,bsk_h_40_36.mp3,,audio/mpeg,audio/bsk_h_40_36.mp3,,20897
34dd8125d967dc70cac5872b02696354,aee_sh_40_26.wav,,audio/x-wav,audio/aee_sh_40_26.wav,,122584
6de336b685b8a01fa322b448d5b1fd06,aee_sh_40_26.mp3,,audio/mpeg,audio/aee_sh_40_26.mp3,,30301
b7f6cad09276ea0da1d512fbe085961a,xka_40_15.mp3,,audio/mpeg,audio/xka_40_15.mp3,,36570
4a3a39e096b3905f9d0b688732c9e1c7,xka_40_15.wav,,audio/x-wav,audio/xka_40_15.wav,,151560
166d7cfded3e3e8f9946f0466d56d742,bsh_w_40_05.wav,,audio/x-wav,audio/bsh_w_40_05.wav,,130548
68bf1731ce6221031887ce97213b2dd6,bsh_w_40_05.mp3,,audio/mpeg,audio/bsh_w_40_05.mp3,,32391
ba0e5140fe937de1824fc1b1cd48a566,wbl_a_40_37.wav,,audio/x-wav,audio/wbl_a_40_37.wav,,136824
d7026e2a32bc5878615b07a21823342b,wbl_a_40_37.mp3,,audio/mpeg,audio/wbl_a_40_37.mp3,,33435
611fe84b4a5ba1c6637400fc6c2006cc,pbu_p_40_17.wav,,audio/x-wav,audio/pbu_p_40_17.wav,,154840
1faf4edf0b618558fc7102e19587147b,pbu_p_40_17.mp3,,audio/mpeg,audio/pbu_p_40_17.mp3,,37615
8c554c5beab53c32251200772293a89b,plk_40_32.wav,,audio/x-wav,audio/plk_40_32.wav,,116560
853ae72444e8a923d5f401ce7d4d44dd,plk_40_32.mp3,,audio/mpeg,audio/plk_40_32.mp3,,29256
7f91389233637c37b06f77f44a6a9224,kas_i_40_28.wav,,audio/x-wav,audio/kas_i_40_28.wav,,121276
3de72d4234500daa08c60d0c7a739943,kas_i_40_28.mp3,,audio/mpeg,audio/kas_i_40_28.mp3,,30301
46e72844debaf08e3a1c75da2a84a520,psh_ai_40_07.wav,,audio/x-wav,audio/psh_ai_40_07.wav,,110264
a2b979c1e0f37b987773d025959cda4c,psh_ai_40_07.mp3,,audio/mpeg,audio/psh_ai_40_07.mp3,,27166
34f4dc8024cef1d8fa81061b93d9baf9,ush_40_37.wav,,audio/x-wav,audio/ush_40_37.wav,,114904
1512f6d89f9c96ed2a17614beaca48c9,ush_40_37.mp3,,audio/mpeg,audio/ush_40_37.mp3,,28211
c1426a15be39a3202e26365ebee0ce36,aee_sh_40_37.wav,,audio/x-wav,audio/aee_sh_40_37.wav,,117988
1d20cec793dcf05c428fc722eaaebff9,aee_sh_40_37.mp3,,audio/mpeg,audio/aee_sh_40_37.mp3,,29256
9ff0402fb17aca00477c153daa790d24,uzs_40_25.wav,,audio/x-wav,audio/uzs_40_25.wav,,118036
2a3e7ee3e7717864b112fd4320ea3aff,uzs_40_25.mp3,,audio/mpeg,audio/uzs_40_25.mp3,,29256
93009b20f5a3f6b62b49abc71ff91287,khw_40_23.wav,,audio/x-wav,audio/khw_40_23.wav,,111760
1328bcdd607e21478f944ef89d8debd9,khw_40_23.mp3,,audio/mpeg,audio/khw_40_23.mp3,,28211
1f7f1f40a7823e76a63a7d8851ff24d0,scl_i_40_35.wav,,audio/x-wav,audio/scl_i_40_35.wav,,136740
25502577463732b000d526a2d7d157af,scl_i_40_35.mp3,,audio/mpeg,audio/scl_i_40_35.mp3,,33435
3b2568f957f84d8274889a1b44248ba9,scl_p_40_04.wav,,audio/x-wav,audio/scl_p_40_04.wav,,213956
32269170dce30e17744104df907f0bb6,scl_p_40_04.mp3,,audio/mpeg,audio/scl_p_40_04.mp3,,51199
9de19cb51da7a49e0cffb39f048981f3,prs_d_40_29.wav,,audio/x-wav,audio/prs_d_40_29.wav,,145644
f8e5affa01c24b68b8bb172de79d7f61,prs_d_40_29.mp3,,audio/mpeg,audio/prs_d_40_29.mp3,,35525
0023c46fca71f268dc0cbc1307bd8c0b,scl_i_40_24.wav,,audio/x-wav,audio/scl_i_40_24.wav,,130232
d926df3c95cca6ccebef918a27c01400,scl_i_40_24.mp3,,audio/mpeg,audio/scl_i_40_24.mp3,,32391
39aec82f01d48a02918fd0c9e6727520,btv_40_33.wav,,audio/x-wav,audio/btv_40_33.wav,,133004
3339062988f624c96797129d14a31436,btv_40_33.mp3,,audio/mpeg,audio/btv_40_33.mp3,,32391
235d331debc2c322a93ec2202ed98118,ush_40_19.wav,,audio/x-wav,audio/ush_40_19.wav,,138732
8cdc78ff2d78457eaed60a34e1d3d4d6,ush_40_19.mp3,,audio/mpeg,audio/ush_40_19.mp3,,34480
13d1ea5b7d43745fbe98502a5aafb632,wbk_40_29.wav,,audio/x-wav,audio/wbk_40_29.wav,,112408
0f926c1fc85f4a98a7f803d22a9aa9d5,wbk_40_29.mp3,,audio/mpeg,audio/wbk_40_29.mp3,,28211
529a1aa7086de2e9bcb72680a16fd73d,wbl_p_40_24.wav,,audio/x-wav,audio/wbl_p_40_24.wav,,123076
00185943963a15edc79edfb80860fe39,wbl_p_40_24.mp3,,audio/mpeg,audio/wbl_p_40_24.mp3,,30301
2e2f4dd215462481e134652e36725b08,gwc_40_04.wav,,audio/x-wav,audio/gwc_40_04.wav,,113924
eba41dc96213dca50df33c61c8331b25,gwc_40_04.mp3,,audio/mpeg,audio/gwc_40_04.mp3,,28211
7670310fbff7a9c3e6faf8854123a0a2,wbl_p_40_36.wav,,audio/x-wav,audio/wbl_p_40_36.wav,,153412
c4464b1e161e2ea05d07128c0914fa4f,wbl_p_40_36.mp3,,audio/mpeg,audio/wbl_p_40_36.mp3,,37615
c1dbff828cc75ce8e942f99c921d231a,xka_40_25.mp3,,audio/mpeg,audio/xka_40_25.mp3,,45974
0cb4deeeeaf7ace29cbb1e18f080403c,xka_40_25.wav,,audio/x-wav,audio/xka_40_25.wav,,192012
489f1bf8adcbd9df07f58c045b0e2acc,psh_ai_40_13.wav,,audio/x-wav,audio/psh_ai_40_13.wav,,120372
d624e4ecaf5cfea4bddbede5c71cb4f2,psh_ai_40_13.mp3,,audio/mpeg,audio/psh_ai_40_13.mp3,,30301
f5d12a6469143b5bf6a49dd3d000430a,sgh_r_40_27.wav,,audio/x-wav,audio/sgh_r_40_27.wav,,120792
1d36319530fd00095f509dc0b67eb50d,sgh_r_40_27.mp3,,audio/mpeg,audio/sgh_r_40_27.mp3,,30301
2b0a58f381fb94ee5143aa247bc3e11d,glh_ag_40_34.wav,,audio/x-wav,audio/glh_ag_40_34.wav,,109056
3f7b1fc70ff5fc800b10c0b4546bf69b,glh_ag_40_34.mp3,,audio/mpeg,audio/glh_ag_40_34.mp3,,27166
3011e3e18bc0da2ecb3a20cdcac027b0,kls_40_14.wav,,audio/x-wav,audio/kls_40_14.wav,,211136
7f56350144fab7894eebfa711d34f770,kls_40_14.mp3,,audio/mpeg,audio/kls_40_14.mp3,,50154
0dc5c307b9dc0a7fd420b0c7dd1c4813,ush_40_21.wav,,audio/x-wav,audio/ush_40_21.wav,,117956
494a62c1bee0c426feed789fd86ab689,ush_40_21.mp3,,audio/mpeg,audio/ush_40_21.mp3,,29256
e0b3f839db6194b49ca7d98491d09c99,aae_at_40_21.wav,,audio/x-wav,audio/aae_at_40_21.wav,,92592
1deb3409a30ef052d7f11b1c3775c70c,aae_at_40_21.mp3,,audio/mpeg,audio/aae_at_40_21.mp3,,24031
38fb603ad4ff9e49d5e35c363007cccb,sdg_40_19.wav,,audio/x-wav,audio/sdg_40_19.wav,,121960
e296415c43a422c9491c74213865f22b,sdg_40_19.mp3,,audio/mpeg,audio/sdg_40_19.mp3,,30301
73fb556159f069074505e26adfe10332,bsh_e_40_30.wav,,audio/x-wav,audio/bsh_e_40_30.wav,,116100
82a39a080ff7cd2c355a555a2ac4805c,bsh_e_40_30.mp3,,audio/mpeg,audio/bsh_e_40_30.mp3,,29256
25aba418ad6494f438b6e4205b0108b9,pbu_a_40_11.wav,,audio/x-wav,audio/pbu_a_40_11.wav,,90860
708ea3e86a91f0444c68d33f8a93c479,pbu_a_40_11.mp3,,audio/mpeg,audio/pbu_a_40_11.mp3,,22986
90818b1e414bfbc79bf22391fb8cbafc,sgy_40_11.wav,,audio/x-wav,audio/sgy_40_11.wav,,160924
a9b200652290764d43fcc79ff3ad231c,sgy_40_11.mp3,,audio/mpeg,audio/sgy_40_11.mp3,,38660
6707c9afa39b5abe52c880de73b75c63,wbl_a_40_02.wav,,audio/x-wav,audio/wbl_a_40_02.wav,,121676
028bec6e21d7ca81bcd6e0cbeb5574d7,wbl_a_40_02.mp3,,audio/mpeg,audio/wbl_a_40_02.mp3,,30301
f3fa6b656ea9e7cc6c0e49b409f5c767,aee_kg_40_11.wav,,audio/x-wav,audio/aee_kg_40_11.wav,,131600
e382d61841b33b6160c0757e9b46aa81,aee_kg_40_11.mp3,,audio/mpeg,audio/aee_kg_40_11.mp3,,32391
a6de674f92d89244ada65992db92f00d,phr_40_10.wav,,audio/x-wav,audio/phr_40_10.wav,,107824
740eff039b96697930a6e79c316a0c2a,phr_40_10.mp3,,audio/mpeg,audio/phr_40_10.mp3,,27166
47ecf8f414fe989cd3d100cadc71de8c,sgh_r_40_05.wav,,audio/x-wav,audio/sgh_r_40_05.wav,,120792
4386d672b685b0b42975c079a6204313,sgh_r_40_05.mp3,,audio/mpeg,audio/sgh_r_40_05.mp3,,30301
00644b8ae180fb35a24bbfca9e019c20,lbj_40_09.wav,,audio/x-wav,audio/lbj_40_09.wav,,76092
d0790ebb2ee738d652a72b20174d012e,lbj_40_09.mp3,,audio/mpeg,audio/lbj_40_09.mp3,,19852
af0c3cfe29d9c3d0e8ff795cfa25c0ac,kls_40_17.wav,,audio/x-wav,audio/kls_40_17.wav,,340288
7ad10c2c6fe4c7167ebe1ea0d430ae5b,kls_40_17.mp3,,audio/mpeg,audio/kls_40_17.mp3,,79411
3fe68fba9d3a1f5a398c882d190d6984,bsh_e_40_26.wav,,audio/x-wav,audio/bsh_e_40_26.wav,,109100
2b22e00c49a763285a1bb39a809b13d2,bsh_e_40_26.mp3,,audio/mpeg,audio/bsh_e_40_26.mp3,,27166
99e29d3795ff9f44a70dcc37baa432d6,lbj_40_38.wav,,audio/x-wav,audio/lbj_40_38.wav,,83532
a89e30ef770fb8deec81d96b38c2dac0,lbj_40_38.mp3,,audio/mpeg,audio/lbj_40_38.mp3,,21942
d03c9dd71c0ba4e02594404f29da0040,gwc_40_31.wav,,audio/x-wav,audio/gwc_40_31.wav,,94120
e80129d66869c8ae224d546764fce78d,gwc_40_31.mp3,,audio/mpeg,audio/gwc_40_31.mp3,,24031
ac49544ef9412e5aa731b75b27e24147,mnj_40_36.wav,,audio/x-wav,audio/mnj_40_36.wav,,154656
2047d01651952d9d9a65df6ef067410f,mnj_40_36.mp3,,audio/mpeg,audio/mnj_40_36.mp3,,37615
269fd9094419f6e3a84f163aa87baad4,bsk_n_40_32b.wav,,audio/x-wav,audio/bsk_n_40_32b.wav,,122232
cf124f74257383dd45908b691154e7a6,bsk_n_40_32b.mp3,,audio/mpeg,audio/bsk_n_40_32b.mp3,,30301
a57b0ff2dbdc08f9d32c6eb5eff4c810,ask_40_32.wav,,audio/x-wav,audio/ask_40_32.wav,,114816
016e86be3e80486641eb1241b34642af,ask_40_32.mp3,,audio/mpeg,audio/ask_40_32.mp3,,28211
97677cb72926f683d9c35f313bab145b,khw_40_26.wav,,audio/x-wav,audio/khw_40_26.wav,,67464
47dd2b7e8319bf1f11007a16f3531b2b,khw_40_26.mp3,,audio/mpeg,audio/khw_40_26.mp3,,17762
367de29e3e5c7ad37ef1e0416fdd72e0,ask_40_19.wav,,audio/x-wav,audio/ask_40_19.wav,,128832
b483b880f2e38954a991c81c5bd3ca0b,ask_40_19.mp3,,audio/mpeg,audio/ask_40_19.mp3,,31346
aa4988f23934bcfab2e1e69fdff6288b,gju_a_40_29.wav,,audio/x-wav,audio/gju_a_40_29.wav,,156116
bec1cceb7a96161c3f818ffd381b525a,gju_a_40_29.mp3,,audio/mpeg,audio/gju_a_40_29.mp3,,37615
b3a77831eab63d3a1d3484286e0520ea,prx_40_17.wav,,audio/x-wav,audio/prx_40_17.wav,,99208
1a918a360d0b3432cea19b0223b649ff,prx_40_17.mp3,,audio/mpeg,audio/prx_40_17.mp3,,25076
75a7408158c22f57f889498cf1ba9f22,sgh_r_40_25.wav,,audio/x-wav,audio/sgh_r_40_25.wav,,100964
fee3c975ab8ef37d56f6fb9859644318,sgh_r_40_25.mp3,,audio/mpeg,audio/sgh_r_40_25.mp3,,25076
891965044e45c4d5ddebe732818f6519,prx_40_01.wav,,audio/x-wav,audio/prx_40_01.wav,,90352
6cee68657a79c522bb669dca97abaa7a,prx_40_01.mp3,,audio/mpeg,audio/prx_40_01.mp3,,22986
2b277a2ae9ad74a3716a946cc62c1a8b,isk_40_07.wav,,audio/x-wav,audio/isk_40_07.wav,,105280
5168ca92a2de0f591b5bcf6c0207a6cc,isk_40_07.mp3,,audio/mpeg,audio/isk_40_07.mp3,,26121
e54809e2b42148d7cf4726ec64fc785b,prx_40_30.wav,,audio/x-wav,audio/prx_40_30.wav,,83856
7f20c1de4de6b68f8c80247bd64927d9,prx_40_30.mp3,,audio/mpeg,audio/prx_40_30.mp3,,21942
ca924ac6aaf946a55638a6f8024ece19,aee_sh_40_22.wav,,audio/x-wav,audio/aee_sh_40_22.wav,,117220
5abfc29b4d1861ae8c8f208a86e9bd1c,aee_sh_40_22.mp3,,audio/mpeg,audio/aee_sh_40_22.mp3,,29256
cfbe09ec946177a38f076a724321853f,kir_40_01.wav,,audio/x-wav,audio/kir_40_01.wav,,80740
f450dde96f73f027256068f7e806aaff,kir_40_01.mp3,,audio/mpeg,audio/kir_40_01.mp3,,20897
fb51f8a52b68091e8c77f127fb256f77,kls_40_38.wav,,audio/x-wav,audio/kls_40_38.wav,,116724
9788b90f52c3b6cb4a0d0f5fcd58f13c,kls_40_38.mp3,,audio/mpeg,audio/kls_40_38.mp3,,29256
2b69b1e01eeef5fcdb5d470f94c1c815,gju_p_40_35.wav,,audio/x-wav,audio/gju_p_40_35.wav,,125020
1510413e7ec7a33b507df481a5f9c9a0,gju_p_40_35.mp3,,audio/mpeg,audio/gju_p_40_35.mp3,,31346
811c0e065504e7ab7c35a017eeed672d,bft_40_36.wav,,audio/x-wav,audio/bft_40_36.wav,,182300
89a212694df05e16fd70ce0787357145,bft_40_36.mp3,,audio/mpeg,audio/bft_40_36.mp3,,43884
9b0b4531c6baa427ba4e9cafd8c98a2b,glh_ag_40_08.wav,,audio/x-wav,audio/glh_ag_40_08.wav,,126172
25648accace7174c8b26f49ce45b522f,glh_ag_40_08.mp3,,audio/mpeg,audio/glh_ag_40_08.mp3,,31346
b26bf8065d0ca176fdf1bde23c5173d6,aae_at_40_05.wav,,audio/x-wav,audio/aae_at_40_05.wav,,76548
f52b28a9cdd7cf51c6e5e92317d57a4c,aae_at_40_05.mp3,,audio/mpeg,audio/aae_at_40_05.mp3,,19852
c6913147a9df9228ac2ad807ea31d99d,prn_40_21.wav,,audio/x-wav,audio/prn_40_21.wav,,105168
d058c5713b2f9071f174971791e5284f,prn_40_21.mp3,,audio/mpeg,audio/prn_40_21.mp3,,26121
1ec5fd5fd3cca6bd69f016ab7f026870,kas_p_40_30.wav,,audio/x-wav,audio/kas_p_40_30.wav,,125408
bb15e40abc5696b8fd355a60bb827821,kas_p_40_30.mp3,,audio/mpeg,audio/kas_p_40_30.mp3,,31346
d9ba5237ddc9f29154307035eec4e820,bft_40_29.wav,,audio/x-wav,audio/bft_40_29.wav,,136864
968c4f05b90b2a3422f41807a65e6742,bft_40_29.mp3,,audio/mpeg,audio/bft_40_29.mp3,,33435
6cf88b2a8d10b637e87f085a50d5210d,prc_40_16.wav,,audio/x-wav,audio/prc_40_16.wav,,97588
bd304d8b52e13e20eff2d0823f48bc80,prc_40_16.mp3,,audio/mpeg,audio/prc_40_16.mp3,,25076
23e858e1611c511b3d783d154e53753f,aee_sh_40_16.wav,,audio/x-wav,audio/aee_sh_40_16.wav,,88120
60ae5f9737bb2eba4235d18da896ccd0,aee_sh_40_16.mp3,,audio/mpeg,audio/aee_sh_40_16.mp3,,22986
ecc10d8d3ec64490c98cee8b257de214,aee_sh_40_12.wav,,audio/x-wav,audio/aee_sh_40_12.wav,,109564
4db813c40e2f9a9176f79fceb36f0069,aee_sh_40_12.mp3,,audio/mpeg,audio/aee_sh_40_12.mp3,,27166
0f55bf5038d8843216bbcde132988d32,prx_40_08.wav,,audio/x-wav,audio/prx_40_08.wav,,128128
067fe9031f328bedb11c77a27a6ac2cd,prx_40_08.mp3,,audio/mpeg,audio/prx_40_08.mp3,,31346
853660b6f403960036be5cdce0be79b9,sgy_40_13.wav,,audio/x-wav,audio/sgy_40_13.wav,,143760
92009fb9461fd28a0556e9023305475e,sgy_40_13.mp3,,audio/mpeg,audio/sgy_40_13.mp3,,35525
02081f6eea04fd7fe45cf1b99f020121,ydg_40_09.mp3,,audio/mpeg,audio/ydg_40_09.mp3,,25076
7767d754071a70f4b59033fa8c16a485,ydg_40_09.wav,,audio/x-wav,audio/ydg_40_09.wav,,97264
d8d2eea6eba9f4bf79fa3d4baedc591b,gwt_a_40_29.wav,,audio/x-wav,audio/gwt_a_40_29.wav,,98676
8d27aa7fe2778de4a7080a44dbcfacc0,gwt_a_40_29.mp3,,audio/mpeg,audio/gwt_a_40_29.mp3,,25076
1b249d1afd686cece3074b074f6766f4,aee_kg_40_06.wav,,audio/x-wav,audio/aee_kg_40_06.wav,,94140
b607b790ba9ab1d0d6a544dc5bce1116,aee_kg_40_06.mp3,,audio/mpeg,audio/aee_kg_40_06.mp3,,24031
7217a4209ff15b3cf139a0d15e54f15d,sdg_40_26.wav,,audio/x-wav,audio/sdg_40_26.wav,,97944
4d10fda24f29af2edc6e5bdc1cdaedf9,sdg_40_26.mp3,,audio/mpeg,audio/sdg_40_26.mp3,,25076
ae57c7947b257ca1bcbd57d2ed0a17a5,gwt_a_40_31.wav,,audio/x-wav,audio/gwt_a_40_31.wav,,117260
7d972ede11f1207f9e1929907c841ce6,gwt_a_40_31.mp3,,audio/mpeg,audio/gwt_a_40_31.mp3,,29256
a6ae7a26d39cc045b6825b30c7adf03a,pbu_i_40_34.wav,,audio/x-wav,audio/pbu_i_40_34.wav,,77960
a36d5d58060e44d1d32ff471b6d224f5,pbu_i_40_34.mp3,,audio/mpeg,audio/pbu_i_40_34.mp3,,19852
69e642cce2cc755357d98d75d4040a3e,bsh_w_40_29.wav,,audio/x-wav,audio/bsh_w_40_29.wav,,146984
c3a5984521d2861a291cc14884e8b0d9,bsh_w_40_29.mp3,,audio/mpeg,audio/bsh_w_40_29.mp3,,35525
44c99f30226199ffdf71eaac46c7f856,xvi_40_10.mp3,,audio/mpeg,audio/xvi_40_10.mp3,,30301
1b029f7088c5454630281cb2d8e2b27c,xvi_40_10.wav,,audio/x-wav,audio/xvi_40_10.wav,,122460
640d61947a5c50fa7f9793247b675e24,khw_40_18.wav,,audio/x-wav,audio/khw_40_18.wav,,97980
c3ba1f49459a03efa86a8fc99140ea34,khw_40_18.mp3,,audio/mpeg,audio/khw_40_18.mp3,,25076
edb8a64c747fa267ffb74402c1118e18,btv_40_27.wav,,audio/x-wav,audio/btv_40_27.wav,,123320
4dc4b5ce3b499e538a0688a032fffe9f,btv_40_27.mp3,,audio/mpeg,audio/btv_40_27.mp3,,30301
a344d802cd2cebaecebe8359a1e88ebd,bft_40_10.wav,,audio/x-wav,audio/bft_40_10.wav,,121892
ed71c660e30016c28aa9ce921fe612b0,bft_40_10.mp3,,audio/mpeg,audio/bft_40_10.mp3,,30301
161918b0ff9b264a53ffe63a74e2a1b9,gju_a_40_22.wav,,audio/x-wav,audio/gju_a_40_22.wav,,147124
c03e9129e3b0d01abbd68d8ff9033d34,gju_a_40_22.mp3,,audio/mpeg,audio/gju_a_40_22.mp3,,35525
1c664b561ea371a50a5c8eee20aec04d,scl_i_40_02.wav,,audio/x-wav,audio/scl_i_40_02.wav,,108848
8bffb8ee875e855f83bb61499e9f6079,scl_i_40_02.mp3,,audio/mpeg,audio/scl_i_40_02.mp3,,27166
9a4a428c2d307caeee878440b00e28a8,pbu_i_40_18.wav,,audio/x-wav,audio/pbu_i_40_18.wav,,92384
098e38a2b63875e64d5e1e4dfd0d3f76,pbu_i_40_18.mp3,,audio/mpeg,audio/pbu_i_40_18.mp3,,24031
f40adcc44ffc6ce888b53faaffdfd93c,mnj_40_07.wav,,audio/x-wav,audio/mnj_40_07.wav,,182472
ffe5957e2aa1ed7cd1e00ed5a76ba9dc,mnj_40_07.mp3,,audio/mpeg,audio/mnj_40_07.mp3,,43884
d24acd82ba0e26d34c65bfc2e42c3e8c,psi_ar_40_04.wav,,audio/x-wav,audio/psi_ar_40_04.wav,,105216
64ad8cc15e20a31b127e35bfceccd3bc,psi_ar_40_04.mp3,,audio/mpeg,audio/psi_ar_40_04.mp3,,26121
755274e8c159233bafb59da7f9a741d5,aee_sh_40_38.wav,,audio/x-wav,audio/aee_sh_40_38.wav,,123352
2b2a755dcc5da65653586c477f2ff126,aee_sh_40_38.mp3,,audio/mpeg,audio/aee_sh_40_38.mp3,,30301
3d3dab28b2c5ee49f0680afe05c68729,bft_40_34.wav,,audio/x-wav,audio/bft_40_34.wav,,124988
867ade434161ee74fbf24728d5913cfe,bft_40_34.mp3,,audio/mpeg,audio/bft_40_34.mp3,,31346
440c4b7565089689911361a755a928bc,prx_40_40.wav,,audio/x-wav,audio/prx_40_40.wav,,102156
d2a9af15bad7e0e0be7a8f7869033d37,prx_40_40.mp3,,audio/mpeg,audio/prx_40_40.mp3,,26121
1218b126f0cc8a1dd3da5d1f534226dc,lbj_40_12.wav,,audio/x-wav,audio/lbj_40_12.wav,,142220
5397c6efc5f91fc53e19281dc90cf24e,lbj_40_12.mp3,,audio/mpeg,audio/lbj_40_12.mp3,,34480
963c80d577e06ff855ab2af84b5d3eaa,kas_p_40_08.wav,,audio/x-wav,audio/kas_p_40_08.wav,,120532
523b88e677495515836ea3e25e1e7fc0,kas_p_40_08.mp3,,audio/mpeg,audio/kas_p_40_08.mp3,,30301
71251dae506f4eed210e784160f8d276,hno_40_32.wav,,audio/x-wav,audio/hno_40_32.wav,,146672
c9a5fa615de583baedbb55bccd1252ca,hno_40_32.mp3,,audio/mpeg,audio/hno_40_32.mp3,,35525
08210ed62d091982c3ebac1147cc4846,bsk_n_40_36a.wav,,audio/x-wav,audio/bsk_n_40_36a.wav,,91684
ea52ce9ed9b3b8d6c16f8e15f74d08cb,bsk_n_40_36a.mp3,,audio/mpeg,audio/bsk_n_40_36a.mp3,,22986
6644da9580c1272d21c28f06225934a9,glh_ag_40_22b.wav,,audio/x-wav,audio/glh_ag_40_22b.wav,,137436
abe2813fbfa206c5c82f62d96793ad96,glh_ag_40_22b.mp3,,audio/mpeg,audio/glh_ag_40_22b.mp3,,33435
df9204c60cc0a822823006b3d402aefe,phr_40_40.wav,,audio/x-wav,audio/phr_40_40.wav,,142280
de8b0b0ce3a8d2d6cea9a73dd8a538e5,phr_40_40.mp3,,audio/mpeg,audio/phr_40_40.mp3,,34480
5cf6cf12e6b5216b227c6472ed6529dd,bsk_n_40_27.wav,,audio/x-wav,audio/bsk_n_40_27.wav,,111324
e2e6dbe3f28df7615def712b3d3983c2,bsk_n_40_27.mp3,,audio/mpeg,audio/bsk_n_40_27.mp3,,28211
29c54a18dea391cf0e343d8781740af7,gju_a_40_12.wav,,audio/x-wav,audio/gju_a_40_12.wav,,153548
8660ae7d0fa5b35eae2795d3479086d0,gju_a_40_12.mp3,,audio/mpeg,audio/gju_a_40_12.mp3,,37615
b7d8f4a9b4521b1c7bba9e633aeeb82b,scl_p_40_03.wav,,audio/x-wav,audio/scl_p_40_03.wav,,168000
ea22afe747fb68271386f4c9d2c265bc,scl_p_40_03.mp3,,audio/mpeg,audio/scl_p_40_03.mp3,,40750
0d986c1048231575b6bd1983d34d5ab3,aee_sh_40_18.wav,,audio/x-wav,audio/aee_sh_40_18.wav,,114156
6b14d91133ee98df6f6d66ee6b7747f4,aee_sh_40_18.mp3,,audio/mpeg,audio/aee_sh_40_18.mp3,,28211
4e872c50274dc8d42b7c67dab5720ca5,gwc_40_27.wav,,audio/x-wav,audio/gwc_40_27.wav,,97928
22274d7d3969b9408b32114569889634,gwc_40_27.mp3,,audio/mpeg,audio/gwc_40_27.mp3,,25076
bf702e331668e0a4dd6a750cc596bfcc,phl_40_25.wav,,audio/x-wav,audio/phl_40_25.wav,,136036
d0df450238d20f1f83caabe3fec5bb67,phl_40_25.mp3,,audio/mpeg,audio/phl_40_25.mp3,,33435
816dad3ba4c03e045af7d001459e85a6,sgh_a_40_25.wav,,audio/x-wav,audio/sgh_a_40_25.wav,,115808
f88473927b683309db087115be9b1204,sgh_a_40_25.mp3,,audio/mpeg,audio/sgh_a_40_25.mp3,,29256
879495a19208c4e64dca6028db247b22,prc_40_02.wav,,audio/x-wav,audio/prc_40_02.wav,,137020
ba2c128f3b4b64a091916edabb1a20b3,prc_40_02.mp3,,audio/mpeg,audio/prc_40_02.mp3,,33435
2bb2839beb83cbee79a1f39be06cf88f,kas_i_40_35.wav,,audio/x-wav,audio/kas_i_40_35.wav,,128760
bf445f97b6d831e25a2449a82cf47774,kas_i_40_35.mp3,,audio/mpeg,audio/kas_i_40_35.mp3,,31346
aed1ad86929c506c84d092b2c278db1f,bsh_e_40_05.wav,,audio/x-wav,audio/bsh_e_40_05.wav,,159120
ec870551598595985ad5503845b4b3b7,bsh_e_40_05.mp3,,audio/mpeg,audio/bsh_e_40_05.mp3,,38660
f6039f760c0c388ee3ca1a881f0f250d,glh_ag_40_24.wav,,audio/x-wav,audio/glh_ag_40_24.wav,,116716
3e02fad8459d66da40ce507aee481cf4,glh_ag_40_24.mp3,,audio/mpeg,audio/glh_ag_40_24.mp3,,29256
1c390d846ee97805963d36cb1debb9af,bsh_w_40_18.wav,,audio/x-wav,audio/bsh_w_40_18.wav,,109764
e0ddc26d492c386bc263cc7caa82e33c,bsh_w_40_18.mp3,,audio/mpeg,audio/bsh_w_40_18.mp3,,27166
85ab5217123048dba524d1792cd8e34b,bkk_40_38.wav,,audio/x-wav,audio/bkk_40_38.wav,,121752
65bb59772d313f1c1f69336add25bdf6,bkk_40_38.mp3,,audio/mpeg,audio/bkk_40_38.mp3,,30301
bc0efdc4403189c0a083355474858b30,pbu_a_40_08.wav,,audio/x-wav,audio/pbu_a_40_08.wav,,92864
8a5437573d1a4928ade161def2221c4a,pbu_a_40_08.mp3,,audio/mpeg,audio/pbu_a_40_08.mp3,,24031
0d83f458d0629b971c240507bfd62bd6,prs_d_40_40.wav,,audio/x-wav,audio/prs_d_40_40.wav,,68540
89134426ce864010662528201deb36ce,prs_d_40_40.mp3,,audio/mpeg,audio/prs_d_40_40.mp3,,17762
e01512f90e2a2fe958e6a0c837a20179,isk_40_30.wav,,audio/x-wav,audio/isk_40_30.wav,,121928
fe49d69999687e0c9878f51d11b083ff,isk_40_30.mp3,,audio/mpeg,audio/isk_40_30.mp3,,30301
d3c4a3d593725bd90fdc8f483aa38b35,kls_40_08.wav,,audio/x-wav,audio/kls_40_08.wav,,153240
e60fb19df98c2d02171acd557d99e9bf,kls_40_08.mp3,,audio/mpeg,audio/kls_40_08.mp3,,37615
e3900832f4b1cd362751994d01adf9c1,bft_40_27.wav,,audio/x-wav,audio/bft_40_27.wav,,113116
347d9ca6a41742cbd253eeec94c79dc4,bft_40_27.mp3,,audio/mpeg,audio/bft_40_27.mp3,,28211
08d9b4b672178f770ae5f173b0c023d4,uzs_40_05.wav,,audio/x-wav,audio/uzs_40_05.wav,,165996
af1984e7f2405cd1f1af9bf6491ea7c4,uzs_40_05.mp3,,audio/mpeg,audio/uzs_40_05.mp3,,40750
c3b95b5fcf968be9e9dea0feaee7641c,wbl_p_40_21.wav,,audio/x-wav,audio/wbl_p_40_21.wav,,67460
305a0e3856f209fbf837ab3e1f2986b4,wbl_p_40_21.mp3,,audio/mpeg,audio/wbl_p_40_21.mp3,,17762
8f604da31c2464437a05ee40d84735a1,phr_40_05.wav,,audio/x-wav,audio/phr_40_05.wav,,429396
a727cbc459ed6279185114074177b6b3,phr_40_05.mp3,,audio/mpeg,audio/phr_40_05.mp3,,100309
2a20d2ac8354a1b40f5c559556c1ce4b,sgy_40_15.wav,,audio/x-wav,audio/sgy_40_15.wav,,128496
c94e7f1ae1b552ee2ce07345733cf0e6,sgy_40_15.mp3,,audio/mpeg,audio/sgy_40_15.mp3,,31346
f37be909554a28782d1ac633184d79c7,wbl_p_40_27.wav,,audio/x-wav,audio/wbl_p_40_27.wav,,144148
131b52e2d3a309e619622fabcd4b598a,wbl_p_40_27.mp3,,audio/mpeg,audio/wbl_p_40_27.mp3,,35525
7ab9160857bd58bc3a9825c303139e02,glh_ag_40_36.wav,,audio/x-wav,audio/glh_ag_40_36.wav,,117616
a597f35d6a9389b417e9ed5a53d3dbae,glh_ag_40_36.mp3,,audio/mpeg,audio/glh_ag_40_36.mp3,,29256
01314de1bb99e4fa8a107d350fe9e950,prn_40_07.wav,,audio/x-wav,audio/prn_40_07.wav,,145464
3c93118e97544b7bf6e078d9800c5998,prn_40_07.mp3,,audio/mpeg,audio/prn_40_07.mp3,,35525
1639be0f78f4eebc5072055243dd85c7,khw_40_38.wav,,audio/x-wav,audio/khw_40_38.wav,,93060
2b40a3fbdab426632ea621d1f5977c83,khw_40_38.mp3,,audio/mpeg,audio/khw_40_38.mp3,,24031
6ea7603ff684a2bb340e76affe9a68bb,gwt_a_40_26.wav,,audio/x-wav,audio/gwt_a_40_26.wav,,98240
84d844ca09b46450964e67ee8fa466b4,gwt_a_40_26.mp3,,audio/mpeg,audio/gwt_a_40_26.mp3,,25076
d4a668aa77ae40efe5249e1196e84df1,aee_sh_40_10.wav,,audio/x-wav,audio/aee_sh_40_10.wav,,99608
ad6ec63abfc1374ad7e533590caf63f5,aee_sh_40_10.mp3,,audio/mpeg,audio/aee_sh_40_10.mp3,,25076
68dad20ee094127050292b129f9b5a29,kir_40_15.wav,,audio/x-wav,audio/kir_40_15.wav,,194668
2c1b5524d880a841d9b916c15a4d8b0f,kir_40_15.mp3,,audio/mpeg,audio/kir_40_15.mp3,,47019
0d97108c4165537de7dc6cc94defcb83,xvi_40_35.mp3,,audio/mpeg,audio/xvi_40_35.mp3,,32391
88990a6371527d7ae7f2da044f3ab50d,xvi_40_35.wav,,audio/x-wav,audio/xvi_40_35.wav,,133588
66f19b5e1a51149f4c7c626fa337e528,ush_40_12.wav,,audio/x-wav,audio/ush_40_12.wav,,146064
c8fabff873d52f921ac6b0d14e0c2279,ush_40_12.mp3,,audio/mpeg,audio/ush_40_12.mp3,,35525
11a4f0cc21f8781b61513a17ee822cd9,bft_40_35.wav,,audio/x-wav,audio/bft_40_35.wav,,108984
7115ae353c72ce13b76a6861e7f1fc64,bft_40_35.mp3,,audio/mpeg,audio/bft_40_35.mp3,,27166
c7a94696ee3c019f065cddf7a073bad5,psi_am_40_03.wav,,audio/x-wav,audio/psi_am_40_03.wav,,126712
6ed93d5fb5f0cf074343d47ed5f0a714,psi_am_40_03.mp3,,audio/mpeg,audio/psi_am_40_03.mp3,,31346
5b439e67d54addff3aec31e8dcffc2ab,prs_d_40_05.wav,,audio/x-wav,audio/prs_d_40_05.wav,,120208
a514388f3fa1b05c2cf373a140e69ce9,prs_d_40_05.mp3,,audio/mpeg,audio/prs_d_40_05.mp3,,30301
99b4e5c8519f323a7e7345bf5f3136b5,gwt_a_40_03.wav,,audio/x-wav,audio/gwt_a_40_03.wav,,101332
226722e4920b135c9dad19975597cea6,gwt_a_40_03.mp3,,audio/mpeg,audio/gwt_a_40_03.mp3,,25076
20e2ad076543b344be402191d22f9435,wbl_p_40_06.wav,,audio/x-wav,audio/wbl_p_40_06.wav,,151728
7cea70b95f163615506690228b4cfd5a,wbl_p_40_06.mp3,,audio/mpeg,audio/wbl_p_40_06.mp3,,36570
2f9774e4627933862017085d79420271,pbu_i_40_28.wav,,audio/x-wav,audio/pbu_i_40_28.wav,,77956
b99896d3bcecdd32e8127f08cc94e159,pbu_i_40_28.mp3,,audio/mpeg,audio/pbu_i_40_28.mp3,,19852
82f61de3808c3fd3d88b3966ed43f363,gju_a_40_04.wav,,audio/x-wav,audio/gju_a_40_04.wav,,124000
228895fd867022fd5aa82b38f7d7073d,gju_a_40_04.mp3,,audio/mpeg,audio/gju_a_40_04.mp3,,30301
853d03eccb325de7f0fb1d1badff2057,gju_a_40_31.wav,,audio/x-wav,audio/gju_a_40_31.wav,,131068
ec061f3a51f598051122958b3af8f1c2,gju_a_40_31.mp3,,audio/mpeg,audio/gju_a_40_31.mp3,,32391
f2735c3f5dcfb8120e33dbf53a3447aa,psi_ar_40_31.wav,,audio/x-wav,audio/psi_ar_40_31.wav,,152492
79c59cc40b11f62cb05f1210ed8a73cf,psi_ar_40_31.mp3,,audio/mpeg,audio/psi_ar_40_31.mp3,,37615
97db530761f65b40b05f3a828fa2e3b2,bft_40_37.wav,,audio/x-wav,audio/bft_40_37.wav,,135832
ea5bab2a5d35e578165dc813a9d7889c,bft_40_37.mp3,,audio/mpeg,audio/bft_40_37.mp3,,33435
d17b57b132af1eade987887f8b8fce9c,sgy_40_34.wav,,audio/x-wav,audio/sgy_40_34.wav,,139308
c941a120115acd26ac7229888524bdcf,sgy_40_34.mp3,,audio/mpeg,audio/sgy_40_34.mp3,,34480
71f2ef3d08cd3a2c04ab12e0c8772bc0,sdg_40_18.wav,,audio/x-wav,audio/sdg_40_18.wav,,125652
6a45e5536d96a2f3a656e390a96bc2e4,sdg_40_18.mp3,,audio/mpeg,audio/sdg_40_18.mp3,,31346
2480ce1966f0f185a47e6426fc22885f,uzs_40_36.wav,,audio/x-wav,audio/uzs_40_36.wav,,130980
2b0e43b8dc42f0e67bfeeb9b07b2092f,uzs_40_36.mp3,,audio/mpeg,audio/uzs_40_36.mp3,,32391
d2a636dc158e1e264790eeacd33aac4d,xvi_40_03.mp3,,audio/mpeg,audio/xvi_40_03.mp3,,29256
e07bebbc92aa7ea23b7154b7c1587a65,xvi_40_03.wav,,audio/x-wav,audio/xvi_40_03.wav,,116896
ed54da0f216c4afa6e2257ec4d4e346c,glh_ag_40_11.wav,,audio/x-wav,audio/glh_ag_40_11.wav,,150500
bde4678a5d9ada91bde76c490303e842,glh_ag_40_11.mp3,,audio/mpeg,audio/glh_ag_40_11.mp3,,36570
c948b1f106f44d5f7891d303cece38b0,hno_40_34.wav,,audio/x-wav,audio/hno_40_34.wav,,129164
213c61a0674aaab9bb109121e0b16e83,hno_40_34.mp3,,audio/mpeg,audio/hno_40_34.mp3,,32391
7286bfb76669c7f75e9e6ff3d6263ced,bsh_e_40_19.wav,,audio/x-wav,audio/bsh_e_40_19.wav,,125108
3e8e9a9626d10d239211c8da194b10f9,bsh_e_40_19.mp3,,audio/mpeg,audio/bsh_e_40_19.mp3,,31346
3ba3e95ec13405246abef10dcafb0ce1,kas_i_40_08.wav,,audio/x-wav,audio/kas_i_40_08.wav,,110800
c5cc1a929c6378297cd957aa0ce0ba80,kas_i_40_08.mp3,,audio/mpeg,audio/kas_i_40_08.mp3,,28211
aad9e0212768ebc62fa4f2a41c1f4f37,prs_d_40_23.wav,,audio/x-wav,audio/prs_d_40_23.wav,,103768
93aa46a47176015ec6bbbe2653e221a5,prs_d_40_23.mp3,,audio/mpeg,audio/prs_d_40_23.mp3,,26121
1d12aab57f1b1f9119da85c3723bfcc4,scl_i_40_38.wav,,audio/x-wav,audio/scl_i_40_38.wav,,131164
21bdeec478c9b64d42cea93ccda5a361,scl_i_40_38.mp3,,audio/mpeg,audio/scl_i_40_38.mp3,,32391
b1c8bdd5d5d8a5438a6ab62bcaef298e,prn_40_31.wav,,audio/x-wav,audio/prn_40_31.wav,,119184
8aed8add3e92ffa7cdc778cbd987d444,prn_40_31.mp3,,audio/mpeg,audio/prn_40_31.mp3,,29256
8be488516a2d11ef8d48a1b8b74b9526,gwt_a_40_37.wav,,audio/x-wav,audio/gwt_a_40_37.wav,,87620
e6f38a98da2df94160b8d7cfa9833657,gwt_a_40_37.mp3,,audio/mpeg,audio/gwt_a_40_37.mp3,,22986
a8f0c08853464b232506b371ff27f781,bsh_e_40_31.wav,,audio/x-wav,audio/bsh_e_40_31.wav,,117100
247cac1b5c9220788bac776f79838cb8,bsh_e_40_31.mp3,,audio/mpeg,audio/bsh_e_40_31.mp3,,29256
62b36e00c5ffc8b9b3b4068774a0fb5a,mnj_40_11.wav,,audio/x-wav,audio/mnj_40_11.wav,,157112
0d876697f4bc1357b40c145c4f37f58f,mnj_40_11.mp3,,audio/mpeg,audio/mnj_40_11.mp3,,38660
273ebf2bef313694a6bd0cacdf432ca9,dml_40_22.wav,,audio/x-wav,audio/dml_40_22.wav,,126056
55252a9795fb87c561a32da3f45acb47,dml_40_22.mp3,,audio/mpeg,audio/dml_40_22.mp3,,31346
666788fcde78e9569495b51fa2242070,kas_p_40_11.wav,,audio/x-wav,audio/kas_p_40_11.wav,,150288
2009ce473d542f11921f48134dc7b504,kas_p_40_11.mp3,,audio/mpeg,audio/kas_p_40_11.mp3,,36570
af979d9397ecd882cba74d2fd006db56,bft_40_26.wav,,audio/x-wav,audio/bft_40_26.wav,,88332
ae3360c9440befb59c3a3dc672074b33,bft_40_26.mp3,,audio/mpeg,audio/bft_40_26.mp3,,22986
b3029e373caccb0a350acb2cd65cc7bf,gju_p_40_10.wav,,audio/x-wav,audio/gju_p_40_10.wav,,135264
7525919ed4d94780b5a95db45e7a8856,gju_p_40_10.mp3,,audio/mpeg,audio/gju_p_40_10.mp3,,33435
06f5147f00ce6d0f8685376015c8ce29,bsk_n_40_02.wav,,audio/x-wav,audio/bsk_n_40_02.wav,,84596
2812269db59493b828dd5ca17a9ae879,bsk_n_40_02.mp3,,audio/mpeg,audio/bsk_n_40_02.mp3,,21942
73a116d3ebe6db90374d28b5bb63d62e,glh_sn_40_37.wav,,audio/x-wav,audio/glh_sn_40_37.wav,,104044
c34e98f1176fdda85487d95dc49eccaf,glh_sn_40_37.mp3,,audio/mpeg,audio/glh_sn_40_37.mp3,,26121
ac4bbea7be94d486db52558c8b5b3f8c,gwt_p_40_20.wav,,audio/x-wav,audio/gwt_p_40_20.wav,,108212
2c19c3488966143e6ac5990c3ad6ac45,gwt_p_40_20.mp3,,audio/mpeg,audio/gwt_p_40_20.mp3,,27166
fd34c4335c1cc9dc1ec8716dfad70312,btv_40_03.wav,,audio/x-wav,audio/btv_40_03.wav,,90800
9608479be5be3dd0d518bff714bf215d,btv_40_03.mp3,,audio/mpeg,audio/btv_40_03.mp3,,22986
6deffb039b9d614fc486fb644c10f8d2,bsk_h_40_07.wav,,audio/x-wav,audio/bsk_h_40_07.wav,,143520
2139e0fcf4b37b01f19c8769251727a3,bsk_h_40_07.mp3,,audio/mpeg,audio/bsk_h_40_07.mp3,,35525
9d63dc56e008868e0a93aaf8f0feb031,aae_at_40_04.wav,,audio/x-wav,audio/aae_at_40_04.wav,,77784
568a827606e2470f5b96ae2a8dd7c844,aae_at_40_04.mp3,,audio/mpeg,audio/aae_at_40_04.mp3,,19852
3b72e45c8922c48b4b1b0a4af5ff5c10,kas_i_40_16.wav,,audio/x-wav,audio/kas_i_40_16.wav,,94336
5ad0b5ff127a60cc45c966c511591630,kas_i_40_16.mp3,,audio/mpeg,audio/kas_i_40_16.mp3,,24031
7be54a8f7213cc9898174be4608751cd,hno_40_21.wav,,audio/x-wav,audio/hno_40_21.wav,,147768
572d0fdddae95dc9286435de35a9985a,hno_40_21.mp3,,audio/mpeg,audio/hno_40_21.mp3,,36570
487b45436a429c3b871cae27f3c76398,bkk_40_33.wav,,audio/x-wav,audio/bkk_40_33.wav,,134884
755c6d3b70c458a32666c89cdb130b14,bkk_40_33.mp3,,audio/mpeg,audio/bkk_40_33.mp3,,33435
0375307f59c2c2187c2980492ef9dbed,bsh_w_40_22.wav,,audio/x-wav,audio/bsh_w_40_22.wav,,234468
61ee442dc81bf501986560a6b4cb0afc,bsh_w_40_22.mp3,,audio/mpeg,audio/bsh_w_40_22.mp3,,55378
2325caeee643f64aeb515f6fc5811e12,kas_i_40_03.wav,,audio/x-wav,audio/kas_i_40_03.wav,,150464
4765e677a2686c4449a5b3a4990ab28c,kas_i_40_03.mp3,,audio/mpeg,audio/kas_i_40_03.mp3,,36570
63324218839bcd08e4ee459a23295bc5,gju_a_40_39.wav,,audio/x-wav,audio/gju_a_40_39.wav,,132996
fca5c62bcd1d029933f9d317f24e85ef,gju_a_40_39.mp3,,audio/mpeg,audio/gju_a_40_39.mp3,,32391
be29b9196f5936e09c53dc19cbb31730,shd_40_03.wav,,audio/x-wav,audio/shd_40_03.wav,,194904
9a28a964dd27cd4412b57a6ca34ec497,shd_40_03.mp3,,audio/mpeg,audio/shd_40_03.mp3,,47019
dfc91d82b65fdbf5a6a41692883fb3a9,wbl_a_40_27.wav,,audio/x-wav,audio/wbl_a_40_27.wav,,136824
725e825d16a41319794cf1cde5f0461a,wbl_a_40_27.mp3,,audio/mpeg,audio/wbl_a_40_27.mp3,,33435
c443a67b361dd1f024e1bae105e18f9b,bsk_h_40_17.wav,,audio/x-wav,audio/bsk_h_40_17.wav,,116620
628b206404ab9f63e003d464cf41e114,bsk_h_40_17.mp3,,audio/mpeg,audio/bsk_h_40_17.mp3,,29256
5e0e63c0879596d0b38bb55c2d23d468,gwc_40_13.wav,,audio/x-wav,audio/gwc_40_13.wav,,107828
772fc0e641c8736537e4688035db65cf,gwc_40_13.mp3,,audio/mpeg,audio/gwc_40_13.mp3,,27166
9e609deb07a7798934818209e73f37d5,prs_d_40_28.wav,,audio/x-wav,audio/prs_d_40_28.wav,,138208
aa7c3488307d5f529df3722b01443448,prs_d_40_28.mp3,,audio/mpeg,audio/prs_d_40_28.mp3,,33435
bbf3bac42e08248c562ba0e7b168168d,sdg_40_35.wav,,audio/x-wav,audio/sdg_40_35.wav,,148744
d38147f981f4aefe82fd4158c8bfd2b5,sdg_40_35.mp3,,audio/mpeg,audio/sdg_40_35.mp3,,36570
53a6fba18d4e9b29d9a9ef5abea2c8da,psh_ai_40_11.wav,,audio/x-wav,audio/psh_ai_40_11.wav,,139584
144deedb51a0a050e0da25ad6f1f2e4d,psh_ai_40_11.mp3,,audio/mpeg,audio/psh_ai_40_11.mp3,,34480
eb1394655f8a94f67e01e648f51ad9b2,gju_p_40_32.wav,,audio/x-wav,audio/gju_p_40_32.wav,,161900
3c146bf82438ace1dde9743118013213,gju_p_40_32.mp3,,audio/mpeg,audio/gju_p_40_32.mp3,,39705
07eea2a9578e0c1c83c2dd8a48c91f8c,scl_p_40_28.wav,,audio/x-wav,audio/scl_p_40_28.wav,,166360
6446324d44d2e26060885760c8218c72,scl_p_40_28.mp3,,audio/mpeg,audio/scl_p_40_28.mp3,,40750
b60c8eff9100ccde9419016b64dd4531,xka_40_31.mp3,,audio/mpeg,audio/xka_40_31.mp3,,31346
a00ad451b7123f6868cf2491609950ab,xka_40_31.wav,,audio/x-wav,audio/xka_40_31.wav,,125084
48037c87d96872d47bf8cee1bcc61c20,prn_40_28.wav,,audio/x-wav,audio/prn_40_28.wav,,144588
7c1295241cbbc215812d25517ef85eec,prn_40_28.mp3,,audio/mpeg,audio/prn_40_28.mp3,,35525
e9a7cafc1fe7cc33f045d544663cdd32,trw_40_23.wav,,audio/x-wav,audio/trw_40_23.wav,,102760
7a101c9ee9932c46c56c5ecaa8266c16,trw_40_23.mp3,,audio/mpeg,audio/trw_40_23.mp3,,26121
2d5e45b9b7650de583d856c449a2f123,kls_40_19.wav,,audio/x-wav,audio/kls_40_19.wav,,169272
4ccc519790374eab843944403a5cb286,kls_40_19.mp3,,audio/mpeg,audio/kls_40_19.mp3,,40750
e9aca981dad037dc1da9e9392e66633d,glh_ag_40_17b.wav,,audio/x-wav,audio/glh_ag_40_17b.wav,,100048
99e1a78e9f43fc2937dc685db22c4a4c,glh_ag_40_17b.mp3,,audio/mpeg,audio/glh_ag_40_17b.mp3,,25076
fbdf9c446e74f74cb6ba77ae19e4467b,kas_i_40_14.wav,,audio/x-wav,audio/kas_i_40_14.wav,,149716
09cb5dcbf2514fc9fcca50701509fc35,kas_i_40_14.mp3,,audio/mpeg,audio/kas_i_40_14.mp3,,36570
11826cbe43cede49f4d69b25e7383ae7,wbk_40_33.wav,,audio/x-wav,audio/wbk_40_33.wav,,80500
535301b44b7febcb550ad03a95da5e1d,wbk_40_33.mp3,,audio/mpeg,audio/wbk_40_33.mp3,,20897
3435fcea14091796a2d58e9841e78d23,psi_am_40_40.wav,,audio/x-wav,audio/psi_am_40_40.wav,,67948
a6a48f3e397a4ff2842d92b72573a057,psi_am_40_40.mp3,,audio/mpeg,audio/psi_am_40_40.mp3,,17762
f48b65ee42ad7ccefc9be8b14e90b336,scl_p_40_09.wav,,audio/x-wav,audio/scl_p_40_09.wav,,166904
d891f1b759c4ba54c9d5256e12505e6a,scl_p_40_09.mp3,,audio/mpeg,audio/scl_p_40_09.mp3,,40750
6f1336b09bc528797f65c0c88c8db551,psi_ar_40_12.wav,,audio/x-wav,audio/psi_ar_40_12.wav,,113896
d7f0978274ba7302e0d48c4b945ecda4,psi_ar_40_12.mp3,,audio/mpeg,audio/psi_ar_40_12.mp3,,28211
d6e553a5d8c1697cb330bba6c1e2f01d,bsh_w_40_16.wav,,audio/x-wav,audio/bsh_w_40_16.wav,,139732
c13de7adf698776f447fc0bdf0d175d5,bsh_w_40_16.mp3,,audio/mpeg,audio/bsh_w_40_16.mp3,,34480
49af0920303acfc22c192c40b94b6816,mvy_40_16.wav,,audio/x-wav,audio/mvy_40_16.wav,,111728
536ee5bd50d3e6899cc9a3bb539053f8,mvy_40_16.mp3,,audio/mpeg,audio/mvy_40_16.mp3,,28211
56bb1773189f282fa695ed52cf4abb7b,prc_40_07.wav,,audio/x-wav,audio/prc_40_07.wav,,113364
e69ce209d2a6c777abdbd0711a2c1d66,prc_40_07.mp3,,audio/mpeg,audio/prc_40_07.mp3,,28211
b6f3863d862ccbabba1a9f5d621c3104,prx_40_31.wav,,audio/x-wav,audio/prx_40_31.wav,,139340
8dc298c8bd1538c2576501a2f56d9bc9,prx_40_31.mp3,,audio/mpeg,audio/prx_40_31.mp3,,34480
2a4db5023b5f39c4bf17528fc49f619b,bsh_w_40_04.wav,,audio/x-wav,audio/bsh_w_40_04.wav,,135380
94be5d8288a7b42f485ec1c82e24b7c0,bsh_w_40_04.mp3,,audio/mpeg,audio/bsh_w_40_04.mp3,,33435
e1c8f69fdf53de2688f52bdf4b054251,sgh_a_40_33.wav,,audio/x-wav,audio/sgh_a_40_33.wav,,135252
3cf3483fe8122c8e2c2e43e599a07e2e,sgh_a_40_33.mp3,,audio/mpeg,audio/sgh_a_40_33.mp3,,33435
4dcf14a72dd2a0512d3fc4aabff95d2f,shd_40_08.wav,,audio/x-wav,audio/shd_40_08.wav,,152276
0abfdf50e85f9ef456d753bcca0f8ea3,shd_40_08.mp3,,audio/mpeg,audio/shd_40_08.mp3,,37615
a1c1d8b64e3f01121a1c955f55a54bad,dml_40_14.wav,,audio/x-wav,audio/dml_40_14.wav,,150092
242a7d275cc3985cfb60d4a4d69b0e84,dml_40_14.mp3,,audio/mpeg,audio/dml_40_14.mp3,,36570
a8df6b6d1865874abee46c6030ba7253,psi_ar_40_36b.wav,,audio/x-wav,audio/psi_ar_40_36b.wav,,130304
ad75a532fde7c1b14a1fc1b4cfb92026,psi_ar_40_36b.mp3,,audio/mpeg,audio/psi_ar_40_36b.mp3,,32391
042fa8871ff17f14bcd21d4d8d8cedcf,pbu_a_40_14.wav,,audio/x-wav,audio/pbu_a_40_14.wav,,159640
b198177fad765ff4b8ab6a725fa3eb1f,pbu_a_40_14.mp3,,audio/mpeg,audio/pbu_a_40_14.mp3,,38660
4f17419cd2f1cb012af1c837c0777af1,lbj_40_15.wav,,audio/x-wav,audio/lbj_40_15.wav,,117424
5352a2ec314ff8355a9dc37a0a915966,lbj_40_15.mp3,,audio/mpeg,audio/lbj_40_15.mp3,,29256
7d1b1aaac134c294983b618a79486419,gwt_a_40_33.wav,,audio/x-wav,audio/gwt_a_40_33.wav,,117260
b0659ab62336d30cf565882b3c558c5b,gwt_a_40_33.mp3,,audio/mpeg,audio/gwt_a_40_33.mp3,,29256
d4d32da31a8def92c582f1166bdb711f,lbj_40_07.wav,,audio/x-wav,audio/lbj_40_07.wav,,79400
4a27a3b2143abd4a55717950a327f3aa,lbj_40_07.mp3,,audio/mpeg,audio/lbj_40_07.mp3,,20897
18928e305f02acacd9a8cbc39713115c,isk_40_33.wav,,audio/x-wav,audio/isk_40_33.wav,,181972
4cab774eee67ea34c9196a47a2967c13,isk_40_33.mp3,,audio/mpeg,audio/isk_40_33.mp3,,43884
bd2afe957b984f13835df18b40748d61,wbk_40_07.wav,,audio/x-wav,audio/wbk_40_07.wav,,79576
8aee851546a43001a578f36f5cfdd56d,wbk_40_07.mp3,,audio/mpeg,audio/wbk_40_07.mp3,,20897
14559298b600dfa3624b8e2597a7b36e,trw_40_04.wav,,audio/x-wav,audio/trw_40_04.wav,,106528
1e1308c745d7db9acb424a68be889888,trw_40_04.mp3,,audio/mpeg,audio/trw_40_04.mp3,,27166
54e2531ecf7b184814a2d2328af3101a,isk_40_27.wav,,audio/x-wav,audio/isk_40_27.wav,,159380
e793d24c70e88d294631b67c5cff6f02,isk_40_27.mp3,,audio/mpeg,audio/isk_40_27.mp3,,38660
511d6b87189b44d700834839700f81fc,bft_40_18.wav,,audio/x-wav,audio/bft_40_18.wav,,133768
e7ff64a247a8d9d8717737db6d918c6d,bft_40_18.mp3,,audio/mpeg,audio/bft_40_18.mp3,,33435
de1753e90e7d349eede3adec4edfceae,kls_40_16.wav,,audio/x-wav,audio/kls_40_16.wav,,116724
cf340145b26e437a11f06aa46d51d7f1,kls_40_16.mp3,,audio/mpeg,audio/kls_40_16.mp3,,29256
a871c60b4b4ef7de5018d3319fe13b96,gwt_a_40_39.wav,,audio/x-wav,audio/gwt_a_40_39.wav,,88948
6894e3380190580c3559af401bcafd84,gwt_a_40_39.mp3,,audio/mpeg,audio/gwt_a_40_39.mp3,,22986
3c6401434acd12db2072133bb51fcece,aee_sh_40_24.wav,,audio/x-wav,audio/aee_sh_40_24.wav,,124880
4c2367c265ba7be330cefce84e51669f,aee_sh_40_24.mp3,,audio/mpeg,audio/aee_sh_40_24.mp3,,31346
0a3c1c1218c0b647213db78bef71e165,trw_40_02.wav,,audio/x-wav,audio/trw_40_02.wav,,112980
08b26f6a3f59802ddbf0bfd150a60f59,trw_40_02.mp3,,audio/mpeg,audio/trw_40_02.mp3,,28211
7d2c59e2f1db0e784b07623bfd6bcd13,aee_kg_40_18.wav,,audio/x-wav,audio/aee_kg_40_18.wav,,115048
f28eaaf79ff82c4cd05b9cabdf0cda56,aee_kg_40_18.mp3,,audio/mpeg,audio/aee_kg_40_18.mp3,,28211
a778fc8e0521124362f23a6ce0def225,hno_40_20.wav,,audio/x-wav,audio/hno_40_20.wav,,121504
0121b24f518174b2662b7dce40ed8da7,hno_40_20.mp3,,audio/mpeg,audio/hno_40_20.mp3,,30301
21f57d0e4a532b51756eacf8e810b91f,pbu_a_40_03.wav,,audio/x-wav,audio/pbu_a_40_03.wav,,81512
c9149bdc46b4630b5deeb7145185212a,pbu_a_40_03.mp3,,audio/mpeg,audio/pbu_a_40_03.mp3,,20897
071e5cfa389c23c46da706288e06b6f3,gju_a_40_36.wav,,audio/x-wav,audio/gju_a_40_36.wav,,109232
f3419a2cad56dac06bfb5ba258a6f670,gju_a_40_36.mp3,,audio/mpeg,audio/gju_a_40_36.mp3,,27166
5c206bf3fa4552eee6e6a505ba0e9bd7,aae_at_40_01.wav,,audio/x-wav,audio/aae_at_40_01.wav,,98144
209ceeec04df3501911a1e4ec3337943,aae_at_40_01.mp3,,audio/mpeg,audio/aae_at_40_01.mp3,,25076
0deeb127cc4a40692b0f6ae7bab72949,sdg_40_13.wav,,audio/x-wav,audio/sdg_40_13.wav,,115496
28f17c24c9cc5ab4d5c710992433e963,sdg_40_13.mp3,,audio/mpeg,audio/sdg_40_13.mp3,,29256
d66b6a6071c02ba96fe3592d8b20a324,pbu_a_40_01.wav,,audio/x-wav,audio/pbu_a_40_01.wav,,85520
f21ba4f697cf82991701e86050860942,pbu_a_40_01.mp3,,audio/mpeg,audio/pbu_a_40_01.mp3,,21942
86fde1f545d7356caceb335c00d763b3,glh_sn_40_11.wav,,audio/x-wav,audio/glh_sn_40_11.wav,,114512
176bda0ac6dbbfbd7535622a87eb2462,glh_sn_40_11.mp3,,audio/mpeg,audio/glh_sn_40_11.mp3,,28211
24fcf7e5078828d8be9c80c83e0966cb,kas_p_40_28.wav,,audio/x-wav,audio/kas_p_40_28.wav,,170288
9dc06c96040fc87e0ae95f8ce7e40ede,kas_p_40_28.mp3,,audio/mpeg,audio/kas_p_40_28.mp3,,40750
57aeaad94d16f9ade4a1a6c8b92aa29b,gju_p_40_16.wav,,audio/x-wav,audio/gju_p_40_16.wav,,136628
0b9938495464225c91476cb736bdea38,gju_p_40_16.mp3,,audio/mpeg,audio/gju_p_40_16.mp3,,33435
0291179aae74b8a832098b7f2fe87f62,bsk_n_40_17.wav,,audio/x-wav,audio/bsk_n_40_17.wav,,159324
22abb276f1ec95f04dda5774daa3ccf4,bsk_n_40_17.mp3,,audio/mpeg,audio/bsk_n_40_17.mp3,,38660
8cad4b73ef4cb6b9c970badd2f7f032a,glh_ag_40_01.wav,,audio/x-wav,audio/glh_ag_40_01.wav,,80228
b0d97a780d59696452d4e80834253eaa,glh_ag_40_01.mp3,,audio/mpeg,audio/glh_ag_40_01.mp3,,20897
dcd03e141f381c83fc037a935802983e,lbj_40_28.wav,,audio/x-wav,audio/lbj_40_28.wav,,95104
a31bcef022f1c4c0d90a8736e5b4d9e1,lbj_40_28.mp3,,audio/mpeg,audio/lbj_40_28.mp3,,24031
9cae55130a341791c5667d1f350490ba,sgy_40_16.wav,,audio/x-wav,audio/sgy_40_16.wav,,140576
f830cea2e30a24b8e896e12afeb16d1a,sgy_40_16.mp3,,audio/mpeg,audio/sgy_40_16.mp3,,34480
598369bdb1cc5e57e960f25b3175926e,prn_40_20.wav,,audio/x-wav,audio/prn_40_20.wav,,119188
5f674ff524ca70f2d65229a82bc28e72,prn_40_20.mp3,,audio/mpeg,audio/prn_40_20.mp3,,29256
839d425a2bfc4008375d1f23822038fb,bkk_40_26.wav,,audio/x-wav,audio/bkk_40_26.wav,,101048
ba2fc6b07e1f2c982eb2ff133f473dc9,bkk_40_26.mp3,,audio/mpeg,audio/bkk_40_26.mp3,,25076
7cb38e4f1afc84c865573957d1700f98,kas_p_40_21.wav,,audio/x-wav,audio/kas_p_40_21.wav,,144432
7c9c0be212e9fc57f242d265d9720b70,kas_p_40_21.mp3,,audio/mpeg,audio/kas_p_40_21.mp3,,35525
9b84ecc3a095bfb367a56b00cab55fcb,bsh_w_40_40.wav,,audio/x-wav,audio/bsh_w_40_40.wav,,96232
2ec278ee7152bb642fb843641848484f,bsh_w_40_40.mp3,,audio/mpeg,audio/bsh_w_40_40.mp3,,24031
9a2c056fdf0f17dba2bb6f4298786db6,trw_40_33.wav,,audio/x-wav,audio/trw_40_33.wav,,109216
99a33d2932e0946d68c29f8d81e2c58e,trw_40_33.mp3,,audio/mpeg,audio/trw_40_33.mp3,,27166
a8e4af20633e09556ed68870b2bda95c,hno_40_12.wav,,audio/x-wav,audio/hno_40_12.wav,,137920
23e7817630b013d12cf76f0ec7c02031,hno_40_12.mp3,,audio/mpeg,audio/hno_40_12.mp3,,33435
3f1921b838467897ab8cf59fd7dbcff9,lbj_40_40.wav,,audio/x-wav,audio/lbj_40_40.wav,,118252
db9cc079a32d20de7cbdf78ad0b53357,lbj_40_40.mp3,,audio/mpeg,audio/lbj_40_40.mp3,,29256
fa1756b1f9dd8f832a8901f4e325efac,gju_p_40_38.wav,,audio/x-wav,audio/gju_p_40_38.wav,,120920
3b35dde8b73ee36a626af9177ac4d639,gju_p_40_38.mp3,,audio/mpeg,audio/gju_p_40_38.mp3,,30301
a1125e5abd1003214d0a68a676a0f407,aae_at_40_26.wav,,audio/x-wav,audio/aae_at_40_26.wav,,72848
7efd32431cb63d3a0a41461d179257cf,aae_at_40_26.mp3,,audio/mpeg,audio/aae_at_40_26.mp3,,18807
137178efa5748404c2bffb5ee4e926b6,isk_40_34.wav,,audio/x-wav,audio/isk_40_34.wav,,145708
214e5036f3e520fb5718147402f7bbe4,isk_40_34.mp3,,audio/mpeg,audio/isk_40_34.mp3,,35525
6db22ffc402578b0315fde7f5718fcc1,phr_40_14.wav,,audio/x-wav,audio/phr_40_14.wav,,114008
9a4f6f8f16734738424d2e199e496183,phr_40_14.mp3,,audio/mpeg,audio/phr_40_14.mp3,,28211
ef5bc91583857a5c479975a761f62772,ush_40_07.wav,,audio/x-wav,audio/ush_40_07.wav,,118568
6cdb3f736ccd905680dca3fd9c879ec1,ush_40_07.mp3,,audio/mpeg,audio/ush_40_07.mp3,,29256
8ddcf761e728f95732a16ffe365a1ebd,bsk_h_40_23.wav,,audio/x-wav,audio/bsk_h_40_23.wav,,99112
c24a3a48818b7797ece0d900d1e7c3e5,bsk_h_40_23.mp3,,audio/mpeg,audio/bsk_h_40_23.mp3,,25076
bacf9703a7c14ab87666403f5d3a9873,kas_i_40_25.wav,,audio/x-wav,audio/kas_i_40_25.wav,,114544
b7481458641b6c196945ffe9f0c35164,kas_i_40_25.mp3,,audio/mpeg,audio/kas_i_40_25.mp3,,28211
9b556e45a19ccec2f1e5d74d05ffb01d,uzs_40_10.wav,,audio/x-wav,audio/uzs_40_10.wav,,101288
623ccf035e2843a5aab02b6dc071a095,uzs_40_10.mp3,,audio/mpeg,audio/uzs_40_10.mp3,,25076
4c1710fafe5bbc6a518b29136d4165c2,gwt_a_40_16.wav,,audio/x-wav,audio/gwt_a_40_16.wav,,83200
ac0845754621d5f1b2500b19c9f50b5c,gwt_a_40_16.mp3,,audio/mpeg,audio/gwt_a_40_16.mp3,,21942
acf0b342ef57bbd88026bc04ba2a1897,pbu_i_40_22.wav,,audio/x-wav,audio/pbu_i_40_22.wav,,98876
927acdcf365a436a12e480c78ae01f1f,pbu_i_40_22.mp3,,audio/mpeg,audio/pbu_i_40_22.mp3,,25076
c65f41e8ac4bfa130a617da45196219f,bft_40_20.wav,,audio/x-wav,audio/bft_40_20.wav,,113628
6e678d1d783bb3536f07e9ec495e036c,bft_40_20.mp3,,audio/mpeg,audio/bft_40_20.mp3,,28211
cf7d5e9b188c8b260f2e0f3007477494,mvy_40_24.wav,,audio/x-wav,audio/mvy_40_24.wav,,128740
9ed7d5da936cd89c467e9fa84327a2f6,mvy_40_24.mp3,,audio/mpeg,audio/mvy_40_24.mp3,,31346
4b112a5a5a6990692a159d7b4970512c,phl_40_28.wav,,audio/x-wav,audio/phl_40_28.wav,,148784
b5906ad8fd026595a45b4e5be640dc80,phl_40_28.mp3,,audio/mpeg,audio/phl_40_28.mp3,,36570
7f317aa89ea3f7138c6b99028e95e6fc,psi_am_40_30.wav,,audio/x-wav,audio/psi_am_40_30.wav,,116264
cd2794f833bcd7fda981667e0f822a54,psi_am_40_30.mp3,,audio/mpeg,audio/psi_am_40_30.mp3,,29256
a44336301336fe6d006ba8a9a88036a3,kas_i_40_27.wav,,audio/x-wav,audio/kas_i_40_27.wav,,97332
5d78a398fb0f7444001412fd6299d3d0,kas_i_40_27.mp3,,audio/mpeg,audio/kas_i_40_27.mp3,,25076
c3bca2ff3c3c6f8b2f60b4c9b731e7b2,prc_40_01.wav,,audio/x-wav,audio/prc_40_01.wav,,96344
1163433e0aaf406b1b1ca73622a8db9e,prc_40_01.mp3,,audio/mpeg,audio/prc_40_01.mp3,,24031
fd84f91b51e0f475cde224f4786c2df2,bsh_e_40_08.wav,,audio/x-wav,audio/bsh_e_40_08.wav,,112096
57af12d9b387d0d7f6bf92264b9d3289,bsh_e_40_08.mp3,,audio/mpeg,audio/bsh_e_40_08.mp3,,28211
4c962901e6ca1748e31fab09dcc205ea,mnj_40_12.wav,,audio/x-wav,audio/mnj_40_12.wav,,168564
8a9998551a7f4edf9ac83333174ce31c,mnj_40_12.mp3,,audio/mpeg,audio/mnj_40_12.mp3,,40750
c3192043f22a8471a43df25308d0f18a,ask_40_16.wav,,audio/x-wav,audio/ask_40_16.wav,,93788
ca4ba3c462b28aecd99ed61f12ef241b,ask_40_16.mp3,,audio/mpeg,audio/ask_40_16.mp3,,24031
b688aa1efaeb00b142cbdcf1cac6f0e4,bsk_h_40_18.wav,,audio/x-wav,audio/bsk_h_40_18.wav,,56412
d141533fc6fa6f90c39ef4f18b087df7,bsk_h_40_18.mp3,,audio/mpeg,audio/bsk_h_40_18.mp3,,15672
da6f3dac8aa64365bfaba53b18aac8df,shd_40_39.wav,,audio/x-wav,audio/shd_40_39.wav,,129392
22d7c1bde3aab584bbc67d0cdcd8eb80,shd_40_39.mp3,,audio/mpeg,audio/shd_40_39.mp3,,32391
b06fea6bbf510f64cd9409fea074166c,lbj_40_34.wav,,audio/x-wav,audio/lbj_40_34.wav,,112464
7ccc9324f4895829da79c94e010bedd4,lbj_40_34.mp3,,audio/mpeg,audio/lbj_40_34.mp3,,28211
760095e6e1f2ab719d0f7dc312729569,shd_40_30.wav,,audio/x-wav,audio/shd_40_30.wav,,183400
98f45dd2fc91b4db13462a325fc2b820,shd_40_30.mp3,,audio/mpeg,audio/shd_40_30.mp3,,43884
49ee98610e1a0246ec8332218473b628,hno_40_19.wav,,audio/x-wav,audio/hno_40_19.wav,,133540
1a7702b57079e74fe29fbd0914848a11,hno_40_19.mp3,,audio/mpeg,audio/hno_40_19.mp3,,32391
81ef5274c268ffb9827a1ab8777fa95f,gwt_p_40_02.wav,,audio/x-wav,audio/gwt_p_40_02.wav,,109180
d75ad365662e1aad32767bd4e5b3a994,gwt_p_40_02.mp3,,audio/mpeg,audio/gwt_p_40_02.mp3,,27166
1ae0ba9865ef5638b12089007193567a,scl_p_40_12.wav,,audio/x-wav,audio/scl_p_40_12.wav,,152684
1638fb41343879dcacb94bd314098900,scl_p_40_12.mp3,,audio/mpeg,audio/scl_p_40_12.mp3,,37615
8af61305cd3051c17bbe50a9242e8f39,pbu_i_40_32.wav,,audio/x-wav,audio/pbu_i_40_32.wav,,72188
1bb995548629706b89a65ac5fed8675f,pbu_i_40_32.mp3,,audio/mpeg,audio/pbu_i_40_32.mp3,,18807
c26d5281780601148b63a56728e8357f,sdg_40_23.wav,,audio/x-wav,audio/sdg_40_23.wav,,136740
6131103891cf483a2708674cc7e284ab,sdg_40_23.mp3,,audio/mpeg,audio/sdg_40_23.mp3,,33435
65a16f391dc3e9616a5d28730f430252,aee_ch_40_30.wav,,audio/x-wav,audio/aee_ch_40_30.wav,,77872
f74a5ea88a1d1bbe5bf3649a78d8bd5c,aee_ch_40_30.mp3,,audio/mpeg,audio/aee_ch_40_30.mp3,,19852
a187feb878f8ad2c52b7ae29d053f449,uzs_40_12.wav,,audio/x-wav,audio/uzs_40_12.wav,,118036
1a9444c6bb3298ceff10031d4372e4c6,uzs_40_12.mp3,,audio/mpeg,audio/uzs_40_12.mp3,,29256
f7a81a437d9b700d126ba57339d32516,bkk_40_03.wav,,audio/x-wav,audio/bkk_40_03.wav,,131348
ecd6a5e184998fc6394b8d4d3f4a146f,bkk_40_03.mp3,,audio/mpeg,audio/bkk_40_03.mp3,,32391
913684c6e6b5c11ab7abf4775ff0d213,gwt_p_40_30.wav,,audio/x-wav,audio/gwt_p_40_30.wav,,115004
738e9dba79399cb8254130739d7a7675,gwt_p_40_30.mp3,,audio/mpeg,audio/gwt_p_40_30.mp3,,28211
b3542c7a4705edb35686a4a808073105,gwt_a_40_21.wav,,audio/x-wav,audio/gwt_a_40_21.wav,,79660
77d718688e761bdd5486d2e2f1ca4d9c,gwt_a_40_21.mp3,,audio/mpeg,audio/gwt_a_40_21.mp3,,20897
64adbec9cfebad87440d261797bfab08,phr_40_34.wav,,audio/x-wav,audio/phr_40_34.wav,,153764
166dd2ae831895dc89c72f3817e0ee7a,phr_40_34.mp3,,audio/mpeg,audio/phr_40_34.mp3,,37615
dcc773eb88867cde5f92b10b31602652,aee_ch_40_15.wav,,audio/x-wav,audio/aee_ch_40_15.wav,,123264
9a702b13a10c773388c984afdd49a991,aee_ch_40_15.mp3,,audio/mpeg,audio/aee_ch_40_15.mp3,,30301
9d09af8779e55f57381774dc6066c0d7,trw_40_26.wav,,audio/x-wav,audio/trw_40_26.wav,,88240
3554fbd1d6bc54970145793d692f7e34,trw_40_26.mp3,,audio/mpeg,audio/trw_40_26.mp3,,22986
2bd2855ce2df82ed40aa08ef283aa0cb,sgy_40_18.wav,,audio/x-wav,audio/sgy_40_18.wav,,124680
4807cd65129f1f4b5f010bb7b4c612a5,sgy_40_18.mp3,,audio/mpeg,audio/sgy_40_18.mp3,,31346
8990f1f600c628d0d01ecf6ca30c78e0,ush_40_18.wav,,audio/x-wav,audio/ush_40_18.wav,,86800
938e8ab6b9f5e18164faaea55ed0c713,ush_40_18.mp3,,audio/mpeg,audio/ush_40_18.mp3,,21942
bfb797e5997806ff0ecbed11d3efd393,khw_40_04.wav,,audio/x-wav,audio/khw_40_04.wav,,92564
4d9710433fd31a317c116079c24efe81,khw_40_04.mp3,,audio/mpeg,audio/khw_40_04.mp3,,24031
63b13d3b989a4a1a696cd2781a7ab1b9,mnj_40_26.wav,,audio/x-wav,audio/mnj_40_26.wav,,129296
28e7dcbd6c327daff56ca575b737192e,mnj_40_26.mp3,,audio/mpeg,audio/mnj_40_26.mp3,,32391
539542b82b7af0dfa83ecfe230f4c8ab,pbu_a_40_31.wav,,audio/x-wav,audio/pbu_a_40_31.wav,,157640
cca20c006f94b2ec0e07dcff0045729d,pbu_a_40_31.mp3,,audio/mpeg,audio/pbu_a_40_31.mp3,,38660
e41a8614369c8b5dbd2cc673c0cd1292,scl_i_40_10.wav,,audio/x-wav,audio/scl_i_40_10.wav,,104196
031ef0d7b9c771b1fac470300a47d27b,scl_i_40_10.mp3,,audio/mpeg,audio/scl_i_40_10.mp3,,26121
736a2777e4597d6f1285cc93591bbb17,kls_40_35.wav,,audio/x-wav,audio/kls_40_35.wav,,181740
17e1d2f27bfd91ed5e28669032156b37,kls_40_35.mp3,,audio/mpeg,audio/kls_40_35.mp3,,43884
334e2e4c50afd40753ce8a6b481d73ac,scl_p_40_39.wav,,audio/x-wav,audio/scl_p_40_39.wav,,151588
0f55eb997b3371d89f838297dc66deae,scl_p_40_39.mp3,,audio/mpeg,audio/scl_p_40_39.mp3,,36570
d604648c0b165157f5f426037169f986,ask_40_13.wav,,audio/x-wav,audio/ask_40_13.wav,,110432
30dd66740a67e6aa3b5930c639d52f32,ask_40_13.mp3,,audio/mpeg,audio/ask_40_13.mp3,,27166
2a7371bd0878ac67cfa3f9989f4957a5,plk_40_16.wav,,audio/x-wav,audio/plk_40_16.wav,,120504
2ad255ea8703b32bf59c23806d26b5f0,plk_40_16.mp3,,audio/mpeg,audio/plk_40_16.mp3,,30301
689bf77c5f2e354fd95019d99d933b0b,bsh_w_40_23.wav,,audio/x-wav,audio/bsh_w_40_23.wav,,130548
4cead3e6942795e3e2adb6bf1491ac6b,bsh_w_40_23.mp3,,audio/mpeg,audio/bsh_w_40_23.mp3,,32391
cc1c7f4bd14188f1e6ef506afeb96900,pbu_a_40_28.wav,,audio/x-wav,audio/pbu_a_40_28.wav,,136936
44ca7cdb59c234f798831aa007c69a22,pbu_a_40_28.mp3,,audio/mpeg,audio/pbu_a_40_28.mp3,,33435
d9bea7939c722a828a288f5727d79337,sgh_a_40_12.wav,,audio/x-wav,audio/sgh_a_40_12.wav,,129952
98965df8238c55cce6251760c0ac9603,sgh_a_40_12.mp3,,audio/mpeg,audio/sgh_a_40_12.mp3,,32391
f93fea2f5223ed69dccc0c785d71342f,pbu_p_40_30.wav,,audio/x-wav,audio/pbu_p_40_30.wav,,150724
430741c8c58bba90dad7f1c7be382476,pbu_p_40_30.mp3,,audio/mpeg,audio/pbu_p_40_30.mp3,,36570
098759e51530ef714b19a4f0e8fdd58f,khw_40_16.wav,,audio/x-wav,audio/khw_40_16.wav,,102408
bc7bd4ac0a010b5519bab6aebfd5d66f,khw_40_16.mp3,,audio/mpeg,audio/khw_40_16.mp3,,26121
d42ad65371d0e0c0f01082dedaca3d18,glh_sn_40_02.wav,,audio/x-wav,audio/glh_sn_40_02.wav,,152208
8ebb28e12583b744b22888a5344d088e,glh_sn_40_02.mp3,,audio/mpeg,audio/glh_sn_40_02.mp3,,37615
19dec87e8c3d2ae6c945225bc3b60a6d,shd_40_38.wav,,audio/x-wav,audio/shd_40_38.wav,,165960
96db3cba7927d9c68984a873c03255c9,shd_40_38.mp3,,audio/mpeg,audio/shd_40_38.mp3,,40750
8ce8a28969fa8255625891de30a5d635,phl_40_19.wav,,audio/x-wav,audio/phl_40_19.wav,,143688
b8e3888461edfac8bd37be3079b7bc01,phl_40_19.mp3,,audio/mpeg,audio/phl_40_19.mp3,,35525
b72c6ed22c413149526c54b130a1df3d,phr_40_20.wav,,audio/x-wav,audio/phr_40_20.wav,,164364
69462cfa002058c7b852d0f83e95f2e2,phr_40_20.mp3,,audio/mpeg,audio/phr_40_20.mp3,,39705
ce0fb02ce93d59d90844ffa807f148ba,wbk_40_18.wav,,audio/x-wav,audio/wbk_40_18.wav,,73564
d3a4ad1ab2f9f7fa118d08fa8a8c69bd,wbk_40_18.mp3,,audio/mpeg,audio/wbk_40_18.mp3,,18807
e4aacb1efcd8003f126358e5ad8808cb,prn_40_30.wav,,audio/x-wav,audio/prn_40_30.wav,,89400
3b68a9ca6cdffa65cb30d21d146c8cfd,prn_40_30.mp3,,audio/mpeg,audio/prn_40_30.mp3,,22986
a3e11cd408d56f531df4af11ff759fd8,wbl_a_40_19.wav,,audio/x-wav,audio/wbl_a_40_19.wav,,143448
acabaa8d77832f6edb504f5a1a25fff9,wbl_a_40_19.mp3,,audio/mpeg,audio/wbl_a_40_19.mp3,,35525
d0f3f97709de2427918c7f21bf7bd544,lbj_40_27.wav,,audio/x-wav,audio/lbj_40_27.wav,,96760
47ff5e5c204e3818f1599886797fed5b,lbj_40_27.mp3,,audio/mpeg,audio/lbj_40_27.mp3,,24031
0564c68d94fc9bc202c6669754245acd,gju_p_40_20.wav,,audio/x-wav,audio/gju_p_40_20.wav,,133212
612ef41d3814ab48482ae15718fd9751,gju_p_40_20.mp3,,audio/mpeg,audio/gju_p_40_20.mp3,,32391
7fe179783ce2e71d0dc0be8bcc5070ad,gwc_40_05.wav,,audio/x-wav,audio/gwc_40_05.wav,,89928
8ab80a054c26246a517156ea5dfac307,gwc_40_05.mp3,,audio/mpeg,audio/gwc_40_05.mp3,,22986
fd8e6e6ad71898635e65703b9fdba03f,plk_40_09.wav,,audio/x-wav,audio/plk_40_09.wav,,151604
2608bab79fb4338f745d251a1a848b51,plk_40_09.mp3,,audio/mpeg,audio/plk_40_09.mp3,,36570
f7b9520668e23c45fccdbd3e82990a39,sdg_40_27.wav,,audio/x-wav,audio/sdg_40_27.wav,,233720
e850f0a1be4df80d7591967cdf692e1e,sdg_40_27.mp3,,audio/mpeg,audio/sdg_40_27.mp3,,55378
b9a9bec172b26470b19717057d774c2a,prn_40_25.wav,,audio/x-wav,audio/prn_40_25.wav,,116556
af51ac00e1ad567c6de90e9c2fbfb232,prn_40_25.mp3,,audio/mpeg,audio/prn_40_25.mp3,,29256
ef20634935a47a5b348050daec0af020,isk_40_12b.wav,,audio/x-wav,audio/isk_40_12b.wav,,115384
baa779bf76524b499604e4132fdd2343,isk_40_12b.mp3,,audio/mpeg,audio/isk_40_12b.mp3,,29256
f346936895c3c028dbd0dbd4d20c1f62,isk_40_14.wav,,audio/x-wav,audio/isk_40_14.wav,,116572
360cf7f75d00d76130dab679b94dbc91,isk_40_14.mp3,,audio/mpeg,audio/isk_40_14.mp3,,29256
cba6865ab9c4fa9d3370a5b3be34515d,mvy_40_12.wav,,audio/x-wav,audio/mvy_40_12.wav,,171060
9c58311733788f739677d3fd6179633b,mvy_40_12.mp3,,audio/mpeg,audio/mvy_40_12.mp3,,41795
e97e64d1d9cc222f7154bb87e40aa3d3,pbu_i_40_36.wav,,audio/x-wav,audio/pbu_i_40_36.wav,,93828
e36db904f28794bf46a816c1f5f538c4,pbu_i_40_36.mp3,,audio/mpeg,audio/pbu_i_40_36.mp3,,24031
3e14d62f56da1a8da4e7253dabc6b0af,prc_40_12.wav,,audio/x-wav,audio/prc_40_12.wav,,122492
3146c767b411fd8b2fcc4c584787bedd,prc_40_12.mp3,,audio/mpeg,audio/prc_40_12.mp3,,30301
0e8330b3cbf1809471182293c2cf8c97,phl_40_03.wav,,audio/x-wav,audio/phl_40_03.wav,,94388
2c7810065617a8ea985206bee6cd869b,phl_40_03.mp3,,audio/mpeg,audio/phl_40_03.mp3,,24031
e40d3630ea7ec1b2c55bfca92d4361eb,plk_40_02.wav,,audio/x-wav,audio/plk_40_02.wav,,111744
ac30bc05cfa7f10dc6a394d3bc251044,plk_40_02.mp3,,audio/mpeg,audio/plk_40_02.mp3,,28211
f7cf10fb7e15c6784adb0af02950308e,bsh_e_40_39.wav,,audio/x-wav,audio/bsh_e_40_39.wav,,103096
6d4ef9837db1e179975791c819e5a11e,bsh_e_40_39.mp3,,audio/mpeg,audio/bsh_e_40_39.mp3,,26121
6ee8961e40d36a44f051b909b6758b0f,shd_40_30b.wav,,audio/x-wav,audio/shd_40_30b.wav,,139420
85a3964694a7d7bc37dd98fc8f412d2d,shd_40_30b.mp3,,audio/mpeg,audio/shd_40_30b.mp3,,34480
9b4029ce12cc27e504c9b935b60c5368,shd_40_35.wav,,audio/x-wav,audio/shd_40_35.wav,,173252
37b3ff6f8271b60708d5794321fa7cc8,shd_40_35.mp3,,audio/mpeg,audio/shd_40_35.mp3,,41795
eb0f500ef001117dee4d10a7b0efb2ec,kas_p_40_17.wav,,audio/x-wav,audio/kas_p_40_17.wav,,150776
e17d9e4dad97737b82499a5aba6f66df,kas_p_40_17.mp3,,audio/mpeg,audio/kas_p_40_17.mp3,,36570
e3dcc5ed4611c2b2e8043330c1d55151,uzs_40_40.wav,,audio/x-wav,audio/uzs_40_40.wav,,169044
d2053fbc6ac92941ec7bb666a5c87d93,uzs_40_40.mp3,,audio/mpeg,audio/uzs_40_40.mp3,,40750
2afc59e234e2e3e81d6b87ebe13b89a4,dml_40_32.wav,,audio/x-wav,audio/dml_40_32.wav,,133092
337492c186bd8d5bbc513b51a97c7610,dml_40_32.mp3,,audio/mpeg,audio/dml_40_32.mp3,,32391
86dd082eb81d6445af3f6001aae139d6,isk_40_18.wav,,audio/x-wav,audio/isk_40_18.wav,,105872
9f2765f439f41c45afb5a18c783d6d24,isk_40_18.mp3,,audio/mpeg,audio/isk_40_18.mp3,,26121
a3b121fed1f5ee58073230f8f560f86f,uzs_40_33.wav,,audio/x-wav,audio/uzs_40_33.wav,,179700
23d95eb47fc5c7a991e5c828bf0c009d,uzs_40_33.mp3,,audio/mpeg,audio/uzs_40_33.mp3,,42840
92dbe443acfd07141e5f73a2ae6504db,trw_40_24.wav,,audio/x-wav,audio/trw_40_24.wav,,117284
a7236f6bb2e91679b98d6fc4d7b1bc94,trw_40_24.mp3,,audio/mpeg,audio/trw_40_24.mp3,,29256
16f3da31d8490fd79e494c8cc87f22e5,dml_40_17.wav,,audio/x-wav,audio/dml_40_17.wav,,123712
44188465c9c47dcb8912abd07a5922cf,dml_40_17.mp3,,audio/mpeg,audio/dml_40_17.mp3,,30301
bff60368f462bde1063895cb45424c23,glh_ag_40_03.wav,,audio/x-wav,audio/glh_ag_40_03.wav,,117616
bd412e81108a22c8f805054d03a93fbb,glh_ag_40_03.mp3,,audio/mpeg,audio/glh_ag_40_03.mp3,,29256
aba233d9fbf88d8e5d2b744bb0592d35,dml_40_40.wav,,audio/x-wav,audio/dml_40_40.wav,,83860
09e0864f0548241b0e917e5e58ec4153,dml_40_40.mp3,,audio/mpeg,audio/dml_40_40.mp3,,21942
16a8053c7256450418c08abb4fc33b35,gwc_40_01.wav,,audio/x-wav,audio/gwc_40_01.wav,,83076
00b63fc3b45e83440233c0b35ab550b3,gwc_40_01.mp3,,audio/mpeg,audio/gwc_40_01.mp3,,21942
ae70ddfbca9e96238b09bc82e79ee6df,aee_sh_40_03.wav,,audio/x-wav,audio/aee_sh_40_03.wav,,118756
0f3ee919820d4c60d56402425430ea02,aee_sh_40_03.mp3,,audio/mpeg,audio/aee_sh_40_03.mp3,,29256
328f01a9e0d0c5389ab146e1e6a113bc,lbj_40_24.wav,,audio/x-wav,audio/lbj_40_24.wav,,87668
bc7fe68c48da65a8b97fe2275442e3b9,lbj_40_24.mp3,,audio/mpeg,audio/lbj_40_24.mp3,,22986
d5d1fb92eb47d8ad0b8a8a8728db6ffe,mnj_40_03b.wav,,audio/x-wav,audio/mnj_40_03b.wav,,169380
93f383bf2e1845b5c7a8e5c624b72259,mnj_40_03b.mp3,,audio/mpeg,audio/mnj_40_03b.mp3,,40750
07016d9c9f15caa6e10f1206e36531ce,scl_p_40_32.wav,,audio/x-wav,audio/scl_p_40_32.wav,,142288
787086a73c23b4a6141762aae7e37817,scl_p_40_32.mp3,,audio/mpeg,audio/scl_p_40_32.mp3,,34480
0732f35ec76d120ffbed6425bb8cdc19,prn_40_39.wav,,audio/x-wav,audio/prn_40_39.wav,,127944
102f7e718bb5e83411afd1e5ff65461a,prn_40_39.mp3,,audio/mpeg,audio/prn_40_39.mp3,,31346
e7633e2d590c4464253c076fb9ce7a00,gwc_40_12.wav,,audio/x-wav,audio/gwc_40_12.wav,,131064
a33b41633f0e159e53d44b82038aec90,gwc_40_12.mp3,,audio/mpeg,audio/gwc_40_12.mp3,,32391
105b714dcc435b4d9ebb3cce3237c4c9,glh_sn_40_28.wav,,audio/x-wav,audio/glh_sn_40_28.wav,,113120
f1c4a1ea9f8664e2cdff7101d444a404,glh_sn_40_28.mp3,,audio/mpeg,audio/glh_sn_40_28.mp3,,28211
c09f81ea9d44848459bff51429a46436,kas_p_40_29.wav,,audio/x-wav,audio/kas_p_40_29.wav,,150776
889607034a62d9e1953cb0050a2db834,kas_p_40_29.mp3,,audio/mpeg,audio/kas_p_40_29.mp3,,36570
10d830dba8f2df2f822b51c9fc94566b,psh_ai_40_01.wav,,audio/x-wav,audio/psh_ai_40_01.wav,,114304
8385a6d285f5a8bcdb7b1b3f5edbdece,psh_ai_40_01.mp3,,audio/mpeg,audio/psh_ai_40_01.mp3,,28211
4370b5ee9dca0f7efa12b4e85ef347f1,bsk_h_40_05.wav,,audio/x-wav,audio/bsk_h_40_05.wav,,143096
3f9a684f6dbb6ba219769720f998ee9d,bsk_h_40_05.mp3,,audio/mpeg,audio/bsk_h_40_05.mp3,,35525
55e83f417cf1fc05749ae42a881f7882,kas_p_40_35.wav,,audio/x-wav,audio/kas_p_40_35.wav,,156628
fd145cc564f05141b193d54604020c9b,kas_p_40_35.mp3,,audio/mpeg,audio/kas_p_40_35.mp3,,37615
8b2152751ee5f1c925cdd66a17f55686,bsk_n_40_18.wav,,audio/x-wav,audio/bsk_n_40_18.wav,,114592
0b74d908c1f6baf5582f9711a67d4c21,bsk_n_40_18.mp3,,audio/mpeg,audio/bsk_n_40_18.mp3,,28211
645fbb8a99f905956e361b9549284c5a,plk_40_29.wav,,audio/x-wav,audio/plk_40_29.wav,,190152
e499492f9dfc37a2a3f823d831ba91b0,plk_40_29.mp3,,audio/mpeg,audio/plk_40_29.mp3,,45974
55faa45cd97ba321d396b26e0eb7d45f,pbu_a_40_37.wav,,audio/x-wav,audio/pbu_a_40_37.wav,,106888
414e990576cedd2477a59ce11bc83823,pbu_a_40_37.mp3,,audio/mpeg,audio/pbu_a_40_37.mp3,,27166
6412f12e0cce30bb14db33ac7b34e71b,mvy_40_40.wav,,audio/x-wav,audio/mvy_40_40.wav,,124380
0acbd5846ab342ad73af2caa7d278263,mvy_40_40.mp3,,audio/mpeg,audio/mvy_40_40.mp3,,30301
4ca489c9eaab810220143a55d81319f7,sgy_40_03.wav,,audio/x-wav,audio/sgy_40_03.wav,,177460
af6f87a14c1337b6c15188dbbcee4006,sgy_40_03.mp3,,audio/mpeg,audio/sgy_40_03.mp3,,42840
ff3448d63af46601e74d62969f3859f2,scl_i_40_39.wav,,audio/x-wav,audio/scl_i_40_39.wav,,100476
0ce4151415dc7c09d647ef08678535bb,scl_i_40_39.mp3,,audio/mpeg,audio/scl_i_40_39.mp3,,25076
853da7ec9cfd023ad6477f8bb142f22c,aae_at_40_25.wav,,audio/x-wav,audio/aae_at_40_25.wav,,87036
607421e346ef8c3b286b8c7d68a795e6,aae_at_40_25.mp3,,audio/mpeg,audio/aae_at_40_25.mp3,,21942
8190cd4d64a7b79809f07f02c4307e01,pbu_p_40_26.wav,,audio/x-wav,audio/pbu_p_40_26.wav,,115316
4454e2d719acf7a837f8b9a5621ee2b8,pbu_p_40_26.mp3,,audio/mpeg,audio/pbu_p_40_26.mp3,,29256
c697b8e1c83d22753917f24b6d6f10d0,xka_40_37.mp3,,audio/mpeg,audio/xka_40_37.mp3,,30301
340ad7065b07eb4d722367ef8a614cda,xka_40_37.wav,,audio/x-wav,audio/xka_40_37.wav,,122140
9d830d512f5f77a60dd7ebc71ab13fbb,gwc_40_08.wav,,audio/x-wav,audio/gwc_40_08.wav,,81552
3d3aabe61d589b3ac1df76fb801cdbc5,gwc_40_08.mp3,,audio/mpeg,audio/gwc_40_08.mp3,,20897
4fb620d661f4055d97fc0cfcaa151200,kas_i_40_02.wav,,audio/x-wav,audio/kas_i_40_02.wav,,116788
479cdb154dc543b9ef779e8b5dfd90bc,kas_i_40_02.mp3,,audio/mpeg,audio/kas_i_40_02.mp3,,29256
9f573a2d3f086d31b0d331374c2d54dd,prn_40_03.wav,,audio/x-wav,audio/prn_40_03.wav,,151596
02b2fff485a7c5dddf5bf25ae6fbce19,prn_40_03.mp3,,audio/mpeg,audio/prn_40_03.mp3,,36570
9516edc0789098c81dd1e6566ee83761,khw_40_12.wav,,audio/x-wav,audio/khw_40_12.wav,,78296
ee51b0cf7b39134fa58600d821cb2d41,khw_40_12.mp3,,audio/mpeg,audio/khw_40_12.mp3,,19852
c8461c1f384b8d6fa0d9df7e4ca26b23,plk_40_07.wav,,audio/x-wav,audio/plk_40_07.wav,,157300
fafa15cf507543d559bcbbfb0a265583,plk_40_07.mp3,,audio/mpeg,audio/plk_40_07.mp3,,38660
77a005fb9ae2ce559695851ef7fb5e00,gwt_p_40_29.wav,,audio/x-wav,audio/gwt_p_40_29.wav,,170296
c204f86b3da323f2faecd7c9b5a628fc,gwt_p_40_29.mp3,,audio/mpeg,audio/gwt_p_40_29.mp3,,40750
e276bf4e8a481ce8346c65f60c288b12,glh_sn_40_23.wav,,audio/x-wav,audio/glh_sn_40_23.wav,,115912
a2dd6c290a9e49b2283b27bc630d621b,glh_sn_40_23.mp3,,audio/mpeg,audio/glh_sn_40_23.mp3,,29256
bce3ce38a7203e3eee7b765add470f7c,btv_40_20.wav,,audio/x-wav,audio/btv_40_20.wav,,149732
fa811a7730e7abe15abd29fc93161c6f,btv_40_20.mp3,,audio/mpeg,audio/btv_40_20.mp3,,36570
facd2d84f5cd2efda162b4293bc4dc67,scl_i_40_01.wav,,audio/x-wav,audio/scl_i_40_01.wav,,137672
411f6c33dea12be5cb8317a12584d047,scl_i_40_01.mp3,,audio/mpeg,audio/scl_i_40_01.mp3,,33435
1d100b2bf9a0f61b89c50bfcd13c93a2,glh_sn_40_38.wav,,audio/x-wav,audio/glh_sn_40_38.wav,,123588
9c97eb9588e650dd23596df1de3398a5,glh_sn_40_38.mp3,,audio/mpeg,audio/glh_sn_40_38.mp3,,30301
df66e3c489f9f379783e232f6cc6e9a0,trw_40_16.wav,,audio/x-wav,audio/trw_40_16.wav,,89320
a64c600b1ffe6d2dc618769cd40af33d,trw_40_16.mp3,,audio/mpeg,audio/trw_40_16.mp3,,22986
9ef7eaf0769ee3131f8bd303c0463ea6,xvi_40_25.mp3,,audio/mpeg,audio/xvi_40_25.mp3,,38660
42f1d186b5fe6b7c96dc545193f1aaf7,xvi_40_25.wav,,audio/x-wav,audio/xvi_40_25.wav,,158232
7cb925e7e2255afe7c6d3a0d5c826f62,uzs_40_22.wav,,audio/x-wav,audio/uzs_40_22.wav,,100532
58f80aa83591b4c939cdca31e879b8e1,uzs_40_22.mp3,,audio/mpeg,audio/uzs_40_22.mp3,,25076
16ab4246642389cb26da5eedf95758e7,pbu_a_40_20.wav,,audio/x-wav,audio/pbu_a_40_20.wav,,104884
cc672fc5dd3ead9fa1e9e00a73383b17,pbu_a_40_20.mp3,,audio/mpeg,audio/pbu_a_40_20.mp3,,26121
64a5f03a4591097bde7738c1eb222f57,sdg_40_28.wav,,audio/x-wav,audio/sdg_40_28.wav,,157060
3cf531270435eff83e22b5b57c0acd7a,sdg_40_28.mp3,,audio/mpeg,audio/sdg_40_28.mp3,,38660
5c0ae778b62a0e7f425eb9ecd383ceb9,xvi_40_40.mp3,,audio/mpeg,audio/xvi_40_40.mp3,,26121
3cca857e6b83065ada4d52e757b6fd98,xvi_40_40.wav,,audio/x-wav,audio/xvi_40_40.wav,,105768
fd7654dbf40a0a3cfc1f614d4c3e749f,gju_a_40_07.wav,,audio/x-wav,audio/gju_a_40_07.wav,,129140
7ecc508b6a8790e24052c3d9cb054186,gju_a_40_07.mp3,,audio/mpeg,audio/gju_a_40_07.mp3,,32391
b513c86295946ef26da7819a63dc37f1,sgh_r_40_17.wav,,audio/x-wav,audio/sgh_r_40_17.wav,,121992
5f1c236a74e80c25ebee8bba8f306385,sgh_r_40_17.mp3,,audio/mpeg,audio/sgh_r_40_17.mp3,,30301
6722a65783b58d9c9ffe9bc7c735b936,kir_40_22.wav,,audio/x-wav,audio/kir_40_22.wav,,139604
004395d4d860277355fe1d1d13d5e0c2,kir_40_22.mp3,,audio/mpeg,audio/kir_40_22.mp3,,34480
ce33aabfae2d3da9231c32235ebfcb23,aee_kg_40_10.wav,,audio/x-wav,audio/aee_kg_40_10.wav,,122892
6d8654c5d4f6625c58047d2dd2ddd92b,aee_kg_40_10.mp3,,audio/mpeg,audio/aee_kg_40_10.mp3,,30301
9c6be47efcb7114e00c908f9dd5bf59a,ydg_40_38.mp3,,audio/mpeg,audio/ydg_40_38.mp3,,29256
f07f0deac57b86ac9f61f65495df569e,ydg_40_38.wav,,audio/x-wav,audio/ydg_40_38.wav,,117208
15ff9575c4bc93008b8c6174aab0de03,xka_40_14.mp3,,audio/mpeg,audio/xka_40_14.mp3,,33435
c9652b1b079930f2f0b10ced74d2322f,xka_40_14.wav,,audio/x-wav,audio/xka_40_14.wav,,136112
51bb3bed0ec64d3de55ff19f33f60c65,uzs_40_23.wav,,audio/x-wav,audio/uzs_40_23.wav,,161428
2a7aa2d1597e87480c1f16e8a3bebc71,uzs_40_23.mp3,,audio/mpeg,audio/uzs_40_23.mp3,,39705
e658e2320d522756fac7d30d640ea99b,scl_p_40_05.wav,,audio/x-wav,audio/scl_p_40_05.wav,,194260
646269b8f00ea163b63798b01bf82b63,scl_p_40_05.mp3,,audio/mpeg,audio/scl_p_40_05.mp3,,47019
9d12455cb0b44a93c39aeddc4e5998e5,aee_kg_40_12.wav,,audio/x-wav,audio/aee_kg_40_12.wav,,108076
2e8875d36fb1f8d26789a93920408ee0,aee_kg_40_12.mp3,,audio/mpeg,audio/aee_kg_40_12.mp3,,27166
98fb604a2f16e3d1817ff660b39ed6ec,aee_kg_40_17.wav,,audio/x-wav,audio/aee_kg_40_17.wav,,107204
3c1f86da0ba7ba4120227a816c7386a1,aee_kg_40_17.mp3,,audio/mpeg,audio/aee_kg_40_17.mp3,,27166
cd65ba9dcde8f7804bf120a305317a33,kir_40_07.wav,,audio/x-wav,audio/kir_40_07.wav,,151000
602838b53c1e94fb99b9e0aaf4d181c6,kir_40_07.mp3,,audio/mpeg,audio/kir_40_07.mp3,,36570
26f096eb8569f3e927584686ffd81d77,aae_at_40_07.wav,,audio/x-wav,audio/aae_at_40_07.wav,,80868
a9b17e7ec7bb97755c95c6effe30fa2d,aae_at_40_07.mp3,,audio/mpeg,audio/aae_at_40_07.mp3,,20897
8764b7f3aa05190885d45159de878c15,gwc_40_32.wav,,audio/x-wav,audio/gwc_40_32.wav,,102496
4922e8bda709fad6f0f54b956e496189,gwc_40_32.mp3,,audio/mpeg,audio/gwc_40_32.mp3,,26121
a9d3746339f9f8d2548f1ab28657d205,kas_i_40_11.wav,,audio/x-wav,audio/kas_i_40_11.wav,,146724
057d76842137f9b68796ae5ac53e6165,kas_i_40_11.mp3,,audio/mpeg,audio/kas_i_40_11.mp3,,35525
93f3c33f8f57342e2f86a06b34aeb646,glh_ag_40_33.wav,,audio/x-wav,audio/glh_ag_40_33.wav,,105904
45dbb803ceb6de2dc7ebc033ed19232f,glh_ag_40_33.mp3,,audio/mpeg,audio/glh_ag_40_33.mp3,,26121
5bd0afdbe64e340759b1ff67cee38d78,mnj_40_25.wav,,audio/x-wav,audio/mnj_40_25.wav,,149748
b5112263b342464b44429559402c898a,mnj_40_25.mp3,,audio/mpeg,audio/mnj_40_25.mp3,,36570
c1e31bb9f13b34cad91914997c2e215a,gwt_p_40_38.wav,,audio/x-wav,audio/gwt_p_40_38.wav,,105784
2f818c5f79e72a5fc42050c0df6f6ffb,gwt_p_40_38.mp3,,audio/mpeg,audio/gwt_p_40_38.mp3,,26121
9958a25d7044d798b0b2e23f7a6e28ce,plk_40_06.wav,,audio/x-wav,audio/plk_40_06.wav,,131456
9d6c34c4408f43e184a5db96685cf69f,plk_40_06.mp3,,audio/mpeg,audio/plk_40_06.mp3,,32391
4c2d165f1fceadefa19695ca4f5da6cc,psi_ar_40_15.wav,,audio/x-wav,audio/psi_ar_40_15.wav,,107144
14bcd20d3841d1ecdc123fd6ebbad374,psi_ar_40_15.mp3,,audio/mpeg,audio/psi_ar_40_15.mp3,,27166
9c3008065b56e8e7602f8741f93c41ac,gju_a_40_28.wav,,audio/x-wav,audio/gju_a_40_28.wav,,132992
236954804189b5a380fede8926f139d8,gju_a_40_28.mp3,,audio/mpeg,audio/gju_a_40_28.mp3,,32391
1164603e761a201638178c45d3b0bca6,gju_p_40_06.wav,,audio/x-wav,audio/gju_p_40_06.wav,,133216
e4c2f1ca5ed95a1116ec12ea1e644d30,gju_p_40_06.mp3,,audio/mpeg,audio/gju_p_40_06.mp3,,32391
c92a030ea01e3370e537118063823402,psh_ai_40_15.wav,,audio/x-wav,audio/psh_ai_40_15.wav,,122396
04200571ac2f821837113f26ff611960,psh_ai_40_15.mp3,,audio/mpeg,audio/psh_ai_40_15.mp3,,30301
5f5e51c5d387b264ce68f27255e1d27b,bkk_40_14.wav,,audio/x-wav,audio/bkk_40_14.wav,,151548
9ec4682cda6ae2df73fd9373b03685ae,bkk_40_14.mp3,,audio/mpeg,audio/bkk_40_14.mp3,,36570
5e6c1ad050b1e9bfb3f9eb6c334f93f1,xvi_40_12.mp3,,audio/mpeg,audio/xvi_40_12.mp3,,30301
49afd64e24efd59cd409e049525d54e7,xvi_40_12.wav,,audio/x-wav,audio/xvi_40_12.wav,,121664
506644e11af5f2dee2adac96e451c762,trw_40_19.wav,,audio/x-wav,audio/trw_40_19.wav,,134488
d824f21d7ee0fe4494798ab59e9db298,trw_40_19.mp3,,audio/mpeg,audio/trw_40_19.mp3,,33435
74b07c6d1d51976f7fde8553ff0bb997,ask_40_14.wav,,audio/x-wav,audio/ask_40_14.wav,,137592
70f1daf7d056d5a4fa483ce55d16006c,ask_40_14.mp3,,audio/mpeg,audio/ask_40_14.mp3,,33435
186943e893abd587d21a49a3e28938e4,xvi_40_36.mp3,,audio/mpeg,audio/xvi_40_36.mp3,,32391
6955713e5e10a38db66fc735ddc82119,xvi_40_36.wav,,audio/x-wav,audio/xvi_40_36.wav,,129616
d914d658daa55f98de20dee340544450,phr_40_12.wav,,audio/x-wav,audio/phr_40_12.wav,,178500
f35ee81a10043a6394633bd2e63bb02d,phr_40_12.mp3,,audio/mpeg,audio/phr_40_12.mp3,,42840
2c334c87898cc2f227ec4ce78bece1d5,dml_40_06.wav,,audio/x-wav,audio/dml_40_06.wav,,122540
dfdbf1aaea4b4ad371504204c37aa9ca,dml_40_06.mp3,,audio/mpeg,audio/dml_40_06.mp3,,30301
70eb6c8150edfe22366dd80c245fbff6,trw_40_13.wav,,audio/x-wav,audio/trw_40_13.wav,,118356
5a68d17bb6c42f2185e041b2893d7b4a,trw_40_13.mp3,,audio/mpeg,audio/trw_40_13.mp3,,29256
b620f25926714ece2f070cdb1e7d0cc4,pbu_p_40_23.wav,,audio/x-wav,audio/pbu_p_40_23.wav,,140844
7b522344ccc070eb9f980b841956df1f,pbu_p_40_23.mp3,,audio/mpeg,audio/pbu_p_40_23.mp3,,34480
9ee585fce11e5047a41cdbe213c2c7b8,dml_40_01.wav,,audio/x-wav,audio/dml_40_01.wav,,133092
a89c691e75c40fd740781cb74427e186,dml_40_01.mp3,,audio/mpeg,audio/dml_40_01.mp3,,32391
e065ac331c0e1ec7f32ddb31c53a7f57,gju_p_40_01.wav,,audio/x-wav,audio/gju_p_40_01.wav,,168044
2440331c061bc0757774bb21990bb983,gju_p_40_01.mp3,,audio/mpeg,audio/gju_p_40_01.mp3,,40750
3ecb4b14607fffe87aef5aa950f3496b,plk_40_15.wav,,audio/x-wav,audio/plk_40_15.wav,,135836
7da603636ae9b0708f53521f424023e6,plk_40_15.mp3,,audio/mpeg,audio/plk_40_15.mp3,,33435
a4b93cd1ae1ce5824a28d459e4a8ea3f,aee_kg_40_13.wav,,audio/x-wav,audio/aee_kg_40_13.wav,,78456
02743502dae4910059a436e326b99a9e,aee_kg_40_13.mp3,,audio/mpeg,audio/aee_kg_40_13.mp3,,20897
d79f91a00d5dee122393a8edd81871a6,sgh_r_40_08.wav,,audio/x-wav,audio/sgh_r_40_08.wav,,105172
0fc226d43226f64dbcf8d912a9257f74,sgh_r_40_08.mp3,,audio/mpeg,audio/sgh_r_40_08.mp3,,26121
ae8ebec79885da2d8959a1a359812fb4,glh_sn_40_06.wav,,audio/x-wav,audio/glh_sn_40_06.wav,,131264
92f605e36955c27c8e19562dbbef7e31,glh_sn_40_06.mp3,,audio/mpeg,audio/glh_sn_40_06.mp3,,32391
e184a86194c5a2e99bcaaaae53cb632a,prx_40_32.wav,,audio/x-wav,audio/prx_40_32.wav,,98024
6465ffda0147af282e4ac96b460f5a24,prx_40_32.mp3,,audio/mpeg,audio/prx_40_32.mp3,,25076
73fd8b2b0418736d3962512df4691b16,kas_i_40_37.wav,,audio/x-wav,audio/kas_i_40_37.wav,,142980
95dec4b9746fa25282bc526c72ef57bb,kas_i_40_37.mp3,,audio/mpeg,audio/kas_i_40_37.mp3,,35525
ba0da67608eb34f80e832566fea41714,kls_40_40b.wav,,audio/x-wav,audio/kls_40_40b.wav,,114944
39afcf2935fb5cb7e25e352dc1fd3ecd,kls_40_40b.mp3,,audio/mpeg,audio/kls_40_40b.mp3,,28211
a856f9d89ded787842c0455ae9156ce8,mnj_40_06.wav,,audio/x-wav,audio/mnj_40_06.wav,,128476
3000386e82e6a50a7d04ef15b5bea72d,mnj_40_06.mp3,,audio/mpeg,audio/mnj_40_06.mp3,,31346
2114f5d3d688b80d205eeb01440a2627,bsk_h_40_10.wav,,audio/x-wav,audio/bsk_h_40_10.wav,,94840
72a59684b9e17b8bc34fc3bb6f28ef73,bsk_h_40_10.mp3,,audio/mpeg,audio/bsk_h_40_10.mp3,,24031
68ea1f82ad32b4cde004cf7a7c376e87,gju_a_40_10.wav,,audio/x-wav,audio/gju_a_40_10.wav,,112444
daff3e3ab115fc68c9cf30f24a4737c6,gju_a_40_10.mp3,,audio/mpeg,audio/gju_a_40_10.mp3,,28211
0479dd80ed086758443a0a97bce38c3c,bkk_40_20.wav,,audio/x-wav,audio/bkk_40_20.wav,,130844
5068e4032b82e5baee59bc3845610877,bkk_40_20.mp3,,audio/mpeg,audio/bkk_40_20.mp3,,32391
2058d3050b4fd049102e1ac9e65c50d1,kir_40_28.wav,,audio/x-wav,audio/kir_40_28.wav,,155744
fc6804ea1bb115d5d104a22b19e082d1,kir_40_28.mp3,,audio/mpeg,audio/kir_40_28.mp3,,37615
eb98b9b864a7010e9ab763183825bfcd,bsk_h_40_27.wav,,audio/x-wav,audio/bsk_h_40_27.wav,,111924
ee53f3b598487ed49f5f2c43d3ef5d64,bsk_h_40_27.mp3,,audio/mpeg,audio/bsk_h_40_27.mp3,,28211
fbaa2c34ecd89698cdb82c3aacfb747c,kas_p_40_22.wav,,audio/x-wav,audio/kas_p_40_22.wav,,172724
58eb5783ab7817d02e1ce226c5881679,kas_p_40_22.mp3,,audio/mpeg,audio/kas_p_40_22.mp3,,41795
28de120ab514ab9613e242105ea1c0b9,btv_40_04.wav,,audio/x-wav,audio/btv_40_04.wav,,107468
85809a1f6d7d9cedbdf84583360f59e8,btv_40_04.mp3,,audio/mpeg,audio/btv_40_04.mp3,,27166
6b6f6f26f5f6789dfca656a87e1ab09c,dml_40_18.wav,,audio/x-wav,audio/dml_40_18.wav,,104956
e1397c59a3497b513673be6488528ab3,dml_40_18.mp3,,audio/mpeg,audio/dml_40_18.mp3,,26121
a4b75691b424a19b3ab6ea553eea2dd6,psi_ar_40_07.wav,,audio/x-wav,audio/psi_ar_40_07.wav,,127408
0ccf5fa5fc27b15ed68d5e9f4f496d51,psi_ar_40_07.mp3,,audio/mpeg,audio/psi_ar_40_07.mp3,,31346
071aeeb2f1bd4656942057a4cc1fba10,kir_40_27.wav,,audio/x-wav,audio/kir_40_27.wav,,180428
313c548dab0b68ca85ec7a16d45b7093,kir_40_27.mp3,,audio/mpeg,audio/kir_40_27.mp3,,43884
9ae2fecb873b62caaeecead8231a768e,btv_40_11.wav,,audio/x-wav,audio/btv_40_11.wav,,123316
7be1d89612683b70d5175b79f0dd1518,btv_40_11.mp3,,audio/mpeg,audio/btv_40_11.mp3,,30301
51f8499c4838087a40736dbd70530e0e,sgh_r_40_28b.wav,,audio/x-wav,audio/sgh_r_40_28b.wav,,137612
34df4df9762aba3c49a36fe4e37e4e0b,sgh_r_40_28b.mp3,,audio/mpeg,audio/sgh_r_40_28b.mp3,,33435
326fcb9db71fd48f045609c87cb77bbd,kas_i_40_24.wav,,audio/x-wav,audio/kas_i_40_24.wav,,139240
572a53bb58e323c204a4cb6346d8aa7d,kas_i_40_24.mp3,,audio/mpeg,audio/kas_i_40_24.mp3,,34480
646f4d975ac79a3b4b435ebc0ec24c1f,dml_40_05.wav,,audio/x-wav,audio/dml_40_05.wav,,111404
674a92573cac6700ada293c878459bf3,dml_40_05.mp3,,audio/mpeg,audio/dml_40_05.mp3,,28211
46f65a3d786ae720d137d5b716a3ee73,phr_40_27.wav,,audio/x-wav,audio/phr_40_27.wav,,151112
663f8ca5e41c962a7db1541fa19c2988,phr_40_27.mp3,,audio/mpeg,audio/phr_40_27.mp3,,36570
6eca24ecd8f72e2cd790a655d68b4d67,phr_40_38.wav,,audio/x-wav,audio/phr_40_38.wav,,159948
2b01edfbcd46bfa8a044ee9b44b5ef4b,phr_40_38.mp3,,audio/mpeg,audio/phr_40_38.mp3,,38660
f51440e8eafc6a02f8ae022e48c5ed0c,aee_kg_40_24.wav,,audio/x-wav,audio/aee_kg_40_24.wav,,86296
20727bdf26f12679388d5aa7572aae20,aee_kg_40_24.mp3,,audio/mpeg,audio/aee_kg_40_24.mp3,,21942
ccc9d21d8e0bd02cd4ae2b3503509608,mvy_40_02.wav,,audio/x-wav,audio/mvy_40_02.wav,,126560
f1bdf637c9b29d17cadd9970cb0a6018,mvy_40_02.mp3,,audio/mpeg,audio/mvy_40_02.mp3,,31346
19eefa8fb8fadc26d2beb25b5fad9bd0,kls_40_26.wav,,audio/x-wav,audio/kls_40_26.wav,,90004
cbd9e9e3712d7fde023ac85af42cb680,kls_40_26.mp3,,audio/mpeg,audio/kls_40_26.mp3,,22986
0e1430c138713d1bffc83c64de030446,ush_40_23.wav,,audio/x-wav,audio/ush_40_23.wav,,119180
382ec60ce92c0064f631d3b1a636fff3,ush_40_23.mp3,,audio/mpeg,audio/ush_40_23.mp3,,29256
aabecbe5c1714c33211dd5aa8bdee781,mvy_40_11.wav,,audio/x-wav,audio/mvy_40_11.wav,,156224
1e27d2b2d7bc22eb9f8ebd51c30e96e6,mvy_40_11.mp3,,audio/mpeg,audio/mvy_40_11.mp3,,37615
25e5156c75a733f38dcfae553be98bbb,aae_at_40_36.wav,,audio/x-wav,audio/aae_at_40_36.wav,,77784
3f9ee825806f2949e9559ce889b895c0,aae_at_40_36.mp3,,audio/mpeg,audio/aae_at_40_36.mp3,,19852
baa569a60427dc551e3f3c831e63b890,psi_ar_40_35.wav,,audio/x-wav,audio/psi_ar_40_35.wav,,129336
010b2afdda77b5c490d134ffdf580343,psi_ar_40_35.mp3,,audio/mpeg,audio/psi_ar_40_35.mp3,,32391
c73e7c9f7446ce3cc42df74a2d2e68b7,bsh_e_40_03.wav,,audio/x-wav,audio/bsh_e_40_03.wav,,91088
d4a0d42fb0df3134cbe201c610410c53,bsh_e_40_03.mp3,,audio/mpeg,audio/bsh_e_40_03.mp3,,22986
2da0b55e34a4925950fb9c6efecffc00,ask_40_38.wav,,audio/x-wav,audio/ask_40_38.wav,,116568
f154bc4540d7fe5cc104a2292c7770d8,ask_40_38.mp3,,audio/mpeg,audio/ask_40_38.mp3,,29256
a7d2e41388388af504a7066cc5f6d509,prx_40_26.wav,,audio/x-wav,audio/prx_40_26.wav,,64972
fe3e33016665e3a9e447fa3314423f4f,prx_40_26.mp3,,audio/mpeg,audio/prx_40_26.mp3,,17762
2ef4e3b7a149b784d25df80a19b7c648,isk_40_16.wav,,audio/x-wav,audio/isk_40_16.wav,,108844
e6a6f83a52d157480b53760f3f9ba93c,isk_40_16.mp3,,audio/mpeg,audio/isk_40_16.mp3,,27166
14a14a1e3b81ad27955ca8d5cc515c6c,shd_40_06.wav,,audio/x-wav,audio/shd_40_06.wav,,146188
c82f08def09755f057cc3fefc7d735f1,shd_40_06.mp3,,audio/mpeg,audio/shd_40_06.mp3,,35525
4ad3f404f850e795cc9a78faf1df2785,glh_ag_40_05b.wav,,audio/x-wav,audio/glh_ag_40_05b.wav,,118520
f75d3621d5215141ed996ab940b4c429,glh_ag_40_05b.mp3,,audio/mpeg,audio/glh_ag_40_05b.mp3,,29256
9737fc358761d632bd0f56163584f562,xvi_40_27.mp3,,audio/mpeg,audio/xvi_40_27.mp3,,25076
c8e50c7e4bdb26ef34197811e4a0ad7e,xvi_40_27.wav,,audio/x-wav,audio/xvi_40_27.wav,,100204
0f190ad89370e5f058c2d0854ad16014,pbu_a_40_16.wav,,audio/x-wav,audio/pbu_a_40_16.wav,,81512
4fc8fe59c44f5f7a6d78ac4b3ecbc276,pbu_a_40_16.mp3,,audio/mpeg,audio/pbu_a_40_16.mp3,,20897
d275322ff4ffaf2c717da78be6fd5f0e,ask_40_39.wav,,audio/x-wav,audio/ask_40_39.wav,,96416
56b27999ca90d1d7598af63e682d2296,ask_40_39.mp3,,audio/mpeg,audio/ask_40_39.mp3,,24031
38fa3a1bfa08d063e50d725f6a80f608,bkk_40_23.wav,,audio/x-wav,audio/bkk_40_23.wav,,111148
2f28d1f009ed4a02993f7b1606a328a6,bkk_40_23.mp3,,audio/mpeg,audio/bkk_40_23.mp3,,28211
be1e27e6bd47cce3b4998872f409e8f3,psi_ar_40_27b.wav,,audio/x-wav,audio/psi_ar_40_27b.wav,,206528
3ac2d4f4a4a781cfe8303537cd7f5937,psi_ar_40_27b.mp3,,audio/mpeg,audio/psi_ar_40_27b.mp3,,49109
a4ea26225be5ddee246bc9b169ad457f,gju_p_40_15.wav,,audio/x-wav,audio/gju_p_40_15.wav,,126384
8ff99ee3fdfd319a98b609de76847876,gju_p_40_15.mp3,,audio/mpeg,audio/gju_p_40_15.mp3,,31346
97a332911a275218c4c2bce278551fed,psi_am_40_05.wav,,audio/x-wav,audio/psi_am_40_05.wav,,137160
3f24c37f36481b001730d790861eafa3,psi_am_40_05.mp3,,audio/mpeg,audio/psi_am_40_05.mp3,,33435
609ad8ece46d21a7078b3839e671e950,pbu_p_40_37.wav,,audio/x-wav,audio/pbu_p_40_37.wav,,116140
55333247ffd504d1b5d3f4c2a29747d8,pbu_p_40_37.mp3,,audio/mpeg,audio/pbu_p_40_37.mp3,,29256
013c47228f51343f926b90ade75e6a71,mvy_40_35.wav,,audio/x-wav,audio/mvy_40_35.wav,,150556
c976df8470df8204ec57c9f3a7447da6,mvy_40_35.mp3,,audio/mpeg,audio/mvy_40_35.mp3,,36570
ed6783aa5c2ebb8056d81cd8e2e18872,khw_40_06.wav,,audio/x-wav,audio/khw_40_06.wav,,101424
56e9ec83b6985eb7ad59b89f0d0d5fbc,khw_40_06.mp3,,audio/mpeg,audio/khw_40_06.mp3,,26121
7b664fc277ef0c83b1b9b9f83b07ef07,wbk_40_20.wav,,audio/x-wav,audio/wbk_40_20.wav,,86972
c3cefbccba836a3b42150df16cab43ae,wbk_40_20.mp3,,audio/mpeg,audio/wbk_40_20.mp3,,21942
a9c179f36a5fcf12acc670d460ae34f8,prc_40_34.wav,,audio/x-wav,audio/prc_40_34.wav,,109624
9aad43f66fbb6d102f17c846df536ec4,prc_40_34.mp3,,audio/mpeg,audio/prc_40_34.mp3,,27166
3e82e0f165d6edbfea63d3d197150c7f,isk_40_40a.wav,,audio/x-wav,audio/isk_40_40a.wav,,93388
aebfbe4995c97388858494b3f9fc2d56,isk_40_40a.mp3,,audio/mpeg,audio/isk_40_40a.mp3,,24031
3c82dabdb9ecd4b2becbefa97a8a8abb,bsh_w_40_12.wav,,audio/x-wav,audio/bsh_w_40_12.wav,,132000
daa65f426d25d9f6efeabd7ca5fba6ec,bsh_w_40_12.mp3,,audio/mpeg,audio/bsh_w_40_12.mp3,,32391
04b7dc8786a738b2767e8656e9c80031,shd_40_25.wav,,audio/x-wav,audio/shd_40_25.wav,,151604
b313431f72ceccc2401b3e917e95800d,shd_40_25.mp3,,audio/mpeg,audio/shd_40_25.mp3,,36570
db1c05e29ae44e6ea6091bdbb4cf3938,gwc_40_26.wav,,audio/x-wav,audio/gwc_40_26.wav,,90692
c8f80df865984ffba8d55f5007b3e94b,gwc_40_26.mp3,,audio/mpeg,audio/gwc_40_26.mp3,,22986
7437b3c78b5b5402842c395d91fe6a9c,gwt_p_40_18.wav,,audio/x-wav,audio/gwt_p_40_18.wav,,118396
605fb77ed8844de90a745fff6f0309bb,gwt_p_40_18.mp3,,audio/mpeg,audio/gwt_p_40_18.mp3,,29256
4ed01829b52cdad136de75cc412f0533,wbl_p_40_03.wav,,audio/x-wav,audio/wbl_p_40_03.wav,,126452
6feaf1d3e612236d2ead089d071d8a02,wbl_p_40_03.mp3,,audio/mpeg,audio/wbl_p_40_03.mp3,,31346
e850e7e20c15492f2505f989e46072de,pbu_a_40_04.wav,,audio/x-wav,audio/pbu_a_40_04.wav,,124920
b83c1cdd1cee11b5f02b6cecdec53e41,pbu_a_40_04.mp3,,audio/mpeg,audio/pbu_a_40_04.mp3,,31346
2c0c72bb9ce785835dc58752ce337d4a,gwc_40_30.wav,,audio/x-wav,audio/gwc_40_30.wav,,91452
3e8d8483f00a407b96b3f0d1231a6bcd,gwc_40_30.mp3,,audio/mpeg,audio/gwc_40_30.mp3,,22986
b2a1ddf10474668703bd66e3c07ee1fa,shd_40_12.wav,,audio/x-wav,audio/shd_40_12.wav,,155664
6f63b5f10c476ce56d91c9d9d9a30a6a,shd_40_12.mp3,,audio/mpeg,audio/shd_40_12.mp3,,37615
4b8f802bbd3dffb5440e5003e8e7c2a3,khw_40_32.wav,,audio/x-wav,audio/khw_40_32.wav,,95520
8351c1a9da57edbdf1fa73b48007a434,khw_40_32.mp3,,audio/mpeg,audio/khw_40_32.mp3,,24031
f43ed97078e7322d973bc28781eebb7c,dml_40_29.wav,,audio/x-wav,audio/dml_40_29.wav,,150672
3cdb8e8a14c0b9969af4b26a1dcfbce6,dml_40_29.mp3,,audio/mpeg,audio/dml_40_29.mp3,,36570
7d095e20f492194e2a1adf908333fd7b,bsk_n_40_10.wav,,audio/x-wav,audio/bsk_n_40_10.wav,,116232
2d2b8522b0448e81b9d942f6c8bc6c35,bsk_n_40_10.mp3,,audio/mpeg,audio/bsk_n_40_10.mp3,,29256
c511975c03aaa72742af5e9ca9406abb,kas_i_40_33.wav,,audio/x-wav,audio/kas_i_40_33.wav,,162436
6c45c46b60eadb618774d4b90a6c8dc7,kas_i_40_33.mp3,,audio/mpeg,audio/kas_i_40_33.mp3,,39705
ba176a958f57c9941670f8e708beb822,lbj_40_16.wav,,audio/x-wav,audio/lbj_40_16.wav,,106676
8edf7d7050da0843a657771ca6f5cf52,lbj_40_16.mp3,,audio/mpeg,audio/lbj_40_16.mp3,,27166
fc160bb14e93ac18f078c8f15f71d677,sgy_40_12.wav,,audio/x-wav,audio/sgy_40_12.wav,,136760
e6a1caed6b4bee17655f45a4e6570a5b,sgy_40_12.mp3,,audio/mpeg,audio/sgy_40_12.mp3,,33435
5a42b237245af7f7f322540219ef52e6,gwt_a_40_13.wav,,audio/x-wav,audio/gwt_a_40_13.wav,,92488
b924a726f550db65ace7ab870584a744,gwt_a_40_13.mp3,,audio/mpeg,audio/gwt_a_40_13.mp3,,24031
5b0d9740eb572ff41f0e2dee7dcfe027,mnj_40_10.wav,,audio/x-wav,audio/mnj_40_10.wav,,153020
2fcefb9e8a3d34989a545bf69e22eb7a,mnj_40_10.mp3,,audio/mpeg,audio/mnj_40_10.mp3,,37615
51739ab907f246eeb098fe8d4ea3fd8a,glh_sn_40_09.wav,,audio/x-wav,audio/glh_sn_40_09.wav,,113120
80ff3b49696bcfd151974535e61b6d03,glh_sn_40_09.mp3,,audio/mpeg,audio/glh_sn_40_09.mp3,,28211
dd6fe8c1b0a596c1842383b8186927ed,phl_40_20.wav,,audio/x-wav,audio/phl_40_20.wav,,119888
a8df9db78b39b8da8371b07c9d81f823,phl_40_20.mp3,,audio/mpeg,audio/phl_40_20.mp3,,30301
beb27d0ae25ac04b44c51df7d77b4016,aae_at_40_16.wav,,audio/x-wav,audio/aae_at_40_16.wav,,87656
584677ec38cd8f2b6cbef7a2a9bcffe8,aae_at_40_16.mp3,,audio/mpeg,audio/aae_at_40_16.mp3,,22986
09e78c5eb0ec15134c33d41fddee5772,glh_ag_40_06.wav,,audio/x-wav,audio/glh_ag_40_06.wav,,98696
65befc0f2e65f9185054a7a0887e6e25,glh_ag_40_06.mp3,,audio/mpeg,audio/glh_ag_40_06.mp3,,25076
b9805ce8aedc8332a3954464b4faa528,aee_ch_40_20.wav,,audio/x-wav,audio/aee_ch_40_20.wav,,99684
c56527dd47d46aaa5a02bdfc35cfd316,aee_ch_40_20.mp3,,audio/mpeg,audio/aee_ch_40_20.mp3,,25076
90a5f21fa7b5030d503e27f4c67b7bde,scl_p_40_27.wav,,audio/x-wav,audio/scl_p_40_27.wav,,124780
12afb63e01c913bd9a70f7b93fbe058f,scl_p_40_27.mp3,,audio/mpeg,audio/scl_p_40_27.mp3,,31346
a6786d542b3b4b41b2a0a1e68acac41a,gju_p_40_26.wav,,audio/x-wav,audio/gju_p_40_26.wav,,117508
03420bb3b1f30ee5ba25778ac63e1fd6,gju_p_40_26.mp3,,audio/mpeg,audio/gju_p_40_26.mp3,,29256
f842445c5f42a11cf7d03926c1ca62f1,ush_40_28b.wav,,audio/x-wav,audio/ush_40_28b.wav,,134452
bc721a080787c170cd858dc7c0b35a28,ush_40_28b.mp3,,audio/mpeg,audio/ush_40_28b.mp3,,33435
1bd8aecea15cb3f4617d3459e4493f4a,ydg_40_39.mp3,,audio/mpeg,audio/ydg_40_39.mp3,,25076
35c269106f71c7f89e10909f625b0ffe,ydg_40_39.wav,,audio/x-wav,audio/ydg_40_39.wav,,99756
24e8448a3dae74145793704d1a773281,gju_p_40_33.wav,,audio/x-wav,audio/gju_p_40_33.wav,,104532
7eaa6e0572da2878455414674684aa51,gju_p_40_33.mp3,,audio/mpeg,audio/gju_p_40_33.mp3,,26121
b930c2df9a1fb086baeae966f19141b7,prx_40_14.wav,,audio/x-wav,audio/prx_40_14.wav,,129308
b4deb959b3a4980c6a26219b54dc2af5,prx_40_14.mp3,,audio/mpeg,audio/prx_40_14.mp3,,32391
ae9a5a980740a81e01597e129a11634b,glh_sn_40_39.wav,,audio/x-wav,audio/glh_sn_40_39.wav,,111724
a9879f467013d54608387e50de47ae06,glh_sn_40_39.mp3,,audio/mpeg,audio/glh_sn_40_39.mp3,,28211
09291477284bc7e090c393ae86cbdbde,mvy_40_23.wav,,audio/x-wav,audio/mvy_40_23.wav,,156660
0c7680d4df2141a12abaecd296f70004,mvy_40_23.mp3,,audio/mpeg,audio/mvy_40_23.mp3,,37615
39b616a9e8ab2155bac32697cd31ea7d,sgh_r_40_40.wav,,audio/x-wav,audio/sgh_r_40_40.wav,,79940
4c9c1eea6115dc4a94fdc6bf510c28f9,sgh_r_40_40.mp3,,audio/mpeg,audio/sgh_r_40_40.mp3,,20897
187b5e369698d7341a4c50679d30be33,prc_40_11.wav,,audio/x-wav,audio/prc_40_11.wav,,154872
eb0f03894fdda68efe8fccfaef8f565e,prc_40_11.mp3,,audio/mpeg,audio/prc_40_11.mp3,,37615
c348c6c3cb23e9bda1b7e686f4df3255,trw_40_25.wav,,audio/x-wav,audio/trw_40_25.wav,,148472
6fb30b1dada6c98d57f0b9523a26ec1a,trw_40_25.mp3,,audio/mpeg,audio/trw_40_25.mp3,,36570
fdf0bfd924f4e7ed80fcfa4b9c9137bd,dml_40_35.wav,,audio/x-wav,audio/dml_40_35.wav,,123128
4ceaf7751976582687d409923a97643d,dml_40_35.mp3,,audio/mpeg,audio/dml_40_35.mp3,,30301
9d3c8fe32da8f8ecd3a17d973071e7b8,gwt_p_40_04.wav,,audio/x-wav,audio/gwt_p_40_04.wav,,104328
5b109a4f5b24838f63cce0ba9beb9f4a,gwt_p_40_04.mp3,,audio/mpeg,audio/gwt_p_40_04.mp3,,26121
8e544e9f2a413d2309fcc9829c76ce38,prs_d_40_26.wav,,audio/x-wav,audio/prs_d_40_26.wav,,124904
67ed9fcee2d732c99f14ebde300ca42c,prs_d_40_26.mp3,,audio/mpeg,audio/prs_d_40_26.mp3,,31346
fb44be8ec2887eb35252b9fb69735ae9,prx_40_36.wav,,audio/x-wav,audio/prx_40_36.wav,,125176
2e40102ad55e9f4e64301a2921b71add,prx_40_36.mp3,,audio/mpeg,audio/prx_40_36.mp3,,31346
1595892f78bd536b2849680e4da6441d,xvi_40_23.mp3,,audio/mpeg,audio/xvi_40_23.mp3,,33435
47913a9ee81203baf6e27207bcb80330,xvi_40_23.wav,,audio/x-wav,audio/xvi_40_23.wav,,135972
077aa2d27723026bdf735c28044cba67,kls_40_22.wav,,audio/x-wav,audio/kls_40_22.wav,,146116
06ac59371fdccc7d4ceb38af1e8ff571,kls_40_22.mp3,,audio/mpeg,audio/kls_40_22.mp3,,35525
d9a3fa21ce0238fd4337a0d4f27c3a8b,scl_i_40_09.wav,,audio/x-wav,audio/scl_i_40_09.wav,,134884
987ac6b4c56f049fa60474759f2f3761,scl_i_40_09.mp3,,audio/mpeg,audio/scl_i_40_09.mp3,,33435
2cd35f49276d51f0d8e8aa3bc29bb7a2,mnj_40_01.wav,,audio/x-wav,audio/mnj_40_01.wav,,137476
18018ba2f962cdc54bf4cbafb27550e0,mnj_40_01.mp3,,audio/mpeg,audio/mnj_40_01.mp3,,33435
cb4b04dbb6c2b18157654b2d11075104,xka_40_04.mp3,,audio/mpeg,audio/xka_40_04.mp3,,36570
b78e62381cf5de828164313919700464,xka_40_04.wav,,audio/x-wav,audio/xka_40_04.wav,,147884
6c114341a12318723e713b25b8d7eefb,hno_40_13.wav,,audio/x-wav,audio/hno_40_13.wav,,108376
518c3d5dea6ab8f00caa36a46a072935,hno_40_13.mp3,,audio/mpeg,audio/hno_40_13.mp3,,27166
57d00ef1f075a909da5f927842d637ee,sgh_a_40_07.wav,,audio/x-wav,audio/sgh_a_40_07.wav,,188272
49289620b13c691060ed6782bb58d1f3,sgh_a_40_07.mp3,,audio/mpeg,audio/sgh_a_40_07.mp3,,44929
9d79f4513492c4c729fe50c0cc22dac9,glh_ag_40_27.wav,,audio/x-wav,audio/glh_ag_40_27.wav,,111760
4fd55aa7b2d51e7df204dcf93a7ed506,glh_ag_40_27.mp3,,audio/mpeg,audio/glh_ag_40_27.mp3,,28211
0e4156cbc384b83282034e6dd53dd9e6,pbu_i_40_02.wav,,audio/x-wav,audio/pbu_i_40_02.wav,,127736
483be1e46adf626653da241eef0504c1,pbu_i_40_02.mp3,,audio/mpeg,audio/pbu_i_40_02.mp3,,31346
b9b69331da45f66bd8b4b44d900abf27,aee_kg_40_38.wav,,audio/x-wav,audio/aee_kg_40_38.wav,,116792
8e706beedb62aa3531ae01fdbc139439,aee_kg_40_38.mp3,,audio/mpeg,audio/aee_kg_40_38.mp3,,29256
7376952a9e9fc46ca650e975ebd0af6c,mvy_40_34.wav,,audio/x-wav,audio/mvy_40_34.wav,,170620
4ce0ee9813febca94410ec9bcc7f10a1,mvy_40_34.mp3,,audio/mpeg,audio/mvy_40_34.mp3,,41795
d27fab28f3ce521161960ea0551eae60,scl_i_40_29.wav,,audio/x-wav,audio/scl_i_40_29.wav,,153480
9e8e94db05d70551607f6a594b0cb49b,scl_i_40_29.mp3,,audio/mpeg,audio/scl_i_40_29.mp3,,37615
6e6bae9ce267cfa4ac21baa01d716d33,btv_40_19.wav,,audio/x-wav,audio/btv_40_19.wav,,120232
631d3675da36495d31462475f48bf999,btv_40_19.mp3,,audio/mpeg,audio/btv_40_19.mp3,,30301
6a3cb696669865d4c9796d7b8bfbe4a5,prs_d_40_31.wav,,audio/x-wav,audio/prs_d_40_31.wav,,154256
96176cce5e89c2c641027f9163ab4a8c,prs_d_40_31.mp3,,audio/mpeg,audio/prs_d_40_31.mp3,,37615
67fb450157089281b12ad527893f0fc7,gju_p_40_12.wav,,audio/x-wav,audio/gju_p_40_12.wav,,181704
614171fb9cac64f8bed43b6ad43df5a2,gju_p_40_12.mp3,,audio/mpeg,audio/gju_p_40_12.mp3,,43884
7460c57f9cb0884d5924a429fae36b75,phl_40_14.wav,,audio/x-wav,audio/phl_40_14.wav,,164084
3cb26b0f66cf806668e96595292d4d3e,phl_40_14.mp3,,audio/mpeg,audio/phl_40_14.mp3,,39705
a20cc21e1975d8e9916c90299fea9db3,ask_40_15.wav,,audio/x-wav,audio/ask_40_15.wav,,125332
822f98b758f2862a89a5c5ee94b25816,ask_40_15.mp3,,audio/mpeg,audio/ask_40_15.mp3,,31346
aff54b6920457fbceb579a8621ae6efd,sgh_a_40_29.wav,,audio/x-wav,audio/sgh_a_40_29.wav,,195340
beaa23418f94cbc75449fba0098712c0,sgh_a_40_29.mp3,,audio/mpeg,audio/sgh_a_40_29.mp3,,47019
1a464375175acaa6538f70bf756bb73c,khw_40_29.wav,,audio/x-wav,audio/khw_40_29.wav,,115204
0a06ae9f504d97465d65d7565eed660c,khw_40_29.mp3,,audio/mpeg,audio/khw_40_29.mp3,,28211
a2d72f44bd460494f59d832046f93d5e,pbu_a_40_02.wav,,audio/x-wav,audio/pbu_a_40_02.wav,,110896
93e0dde28aa42433443b984c44e7305e,pbu_a_40_02.mp3,,audio/mpeg,audio/pbu_a_40_02.mp3,,28211
bf0176751f78525a1dc915a316d19b41,scl_i_40_16.wav,,audio/x-wav,audio/scl_i_40_16.wav,,80948
bb470d196e555c6d35c173daf8fe2d68,scl_i_40_16.mp3,,audio/mpeg,audio/scl_i_40_16.mp3,,20897
c43cbcc0d679db8be13cb72e2a8d4759,hno_40_01.wav,,audio/x-wav,audio/hno_40_01.wav,,141200
ac877c5e3a37ca2662743f153226e886,hno_40_01.mp3,,audio/mpeg,audio/hno_40_01.mp3,,34480
69e4475a48eddc35cd345c692fe5f372,glh_sn_40_30.wav,,audio/x-wav,audio/glh_sn_40_30.wav,,141740
d9885c6b2b7d2b50d97e2045a921fe40,glh_sn_40_30.mp3,,audio/mpeg,audio/glh_sn_40_30.mp3,,34480
a1e1523a2eafd17bc0d2ec814d99014c,kls_40_07.wav,,audio/x-wav,audio/kls_40_07.wav,,148788
4061ebdee1fed8af29b46873827e7233,kls_40_07.mp3,,audio/mpeg,audio/kls_40_07.mp3,,36570
0574572371901547801f51610bedb0c7,bkk_40_21.wav,,audio/x-wav,audio/bkk_40_21.wav,,116704
08b5a44afc5079192ce4664815d30954,bkk_40_21.mp3,,audio/mpeg,audio/bkk_40_21.mp3,,29256
55b01b3799199808d418f60dd4cd62ef,pbu_p_40_25.wav,,audio/x-wav,audio/pbu_p_40_25.wav,,128496
454269b083f0cf157eac435f258ee674,pbu_p_40_25.mp3,,audio/mpeg,audio/pbu_p_40_25.mp3,,31346
2a64b9c4f11d9e8fc5c02c184fe83989,dml_40_27.wav,,audio/x-wav,audio/dml_40_27.wav,,113164
ff636a175879b8f01ddb937b5f229e9c,dml_40_27.mp3,,audio/mpeg,audio/dml_40_27.mp3,,28211
ba29fc4f50ddc92d716eaa1c468974ef,psh_ai_40_05.wav,,audio/x-wav,audio/psh_ai_40_05.wav,,127448
f26899f4b0e7bfd7659e286514032e6c,psh_ai_40_05.mp3,,audio/mpeg,audio/psh_ai_40_05.mp3,,31346
75eb4d6759f37a123a1f7834844cbb46,bsh_e_40_09.wav,,audio/x-wav,audio/bsh_e_40_09.wav,,124104
52390461a9c696f18c2272832081d5cb,bsh_e_40_09.mp3,,audio/mpeg,audio/bsh_e_40_09.mp3,,30301
3a6346f739d177e61e58c361dba6e0b8,bsh_e_40_07.wav,,audio/x-wav,audio/bsh_e_40_07.wav,,152116
c87aead87f45ec74106bfe9671b1af65,bsh_e_40_07.mp3,,audio/mpeg,audio/bsh_e_40_07.mp3,,37615
428c978d0e2597b3f50b5e6b6ccdcc41,lbj_40_01.wav,,audio/x-wav,audio/lbj_40_01.wav,,95932
7e88918f95e12fa35719b5e2d4ca3e2f,lbj_40_01.mp3,,audio/mpeg,audio/lbj_40_01.mp3,,24031
cbb39327ca20d986a3854fd8394b3c93,sgy_40_02.wav,,audio/x-wav,audio/sgy_40_02.wav,,180004
b58d9a4ea701ce1d4cae4fc32169c341,sgy_40_02.mp3,,audio/mpeg,audio/sgy_40_02.mp3,,43884
7a7452e79dc58b5a28f71cad423cebeb,pbu_i_40_10.wav,,audio/x-wav,audio/pbu_i_40_10.wav,,85892
266db48cfe35b678e6ebcfca038289f1,pbu_i_40_10.mp3,,audio/mpeg,audio/pbu_i_40_10.mp3,,21942
0aef9d8bb68e5dd541ad98ddbe6dda1e,wbl_p_40_19.wav,,audio/x-wav,audio/wbl_p_40_19.wav,,150044
0ba034eba5680b80f7cf05559f61f22e,wbl_p_40_19.mp3,,audio/mpeg,audio/wbl_p_40_19.mp3,,36570
bab15b793866bc34809ca4f85e0ed7f0,xka_40_36.mp3,,audio/mpeg,audio/xka_40_36.mp3,,31346
7a96b791f6b6f764d86117dc40a29c4f,xka_40_36.wav,,audio/x-wav,audio/xka_40_36.wav,,128760
16662c13f08eb9a855b24cc1cd0b57a2,bsh_w_40_26.wav,,audio/x-wav,audio/bsh_w_40_26.wav,,104448
1ccf876127e74b9f907d2605cebacd0e,bsh_w_40_26.mp3,,audio/mpeg,audio/bsh_w_40_26.mp3,,26121
c3b8b09fb3388bf30d2284c06d6339ad,kas_i_40_01.wav,,audio/x-wav,audio/kas_i_40_01.wav,,134000
2737bf40f360a5f66831ec46eb3085a6,kas_i_40_01.mp3,,audio/mpeg,audio/kas_i_40_01.mp3,,33435
5730a22908374249a125ae7d157f67b6,kas_p_40_25.wav,,audio/x-wav,audio/kas_p_40_25.wav,,146872
26418749e552e81dd38829fc8dc068f3,kas_p_40_25.mp3,,audio/mpeg,audio/kas_p_40_25.mp3,,35525
ceb2259cfe74107582c71a611bb85e9a,sdg_40_11.wav,,audio/x-wav,audio/sdg_40_11.wav,,151516
d5de98ba39278280b337b3c1c7e997ab,sdg_40_11.mp3,,audio/mpeg,audio/sdg_40_11.mp3,,36570
e960105cd265058a2873fbb2c77a72f0,prn_40_10.wav,,audio/x-wav,audio/prn_40_10.wav,,106044
c50683cbba501de2c9b98c2c4b62af72,prn_40_10.mp3,,audio/mpeg,audio/prn_40_10.mp3,,27166
3b57f36da0c59048920b94fd686f0547,kas_p_40_31.wav,,audio/x-wav,audio/kas_p_40_31.wav,,127364
a20c3e533ce06f51adf95c3e68d276ba,kas_p_40_31.mp3,,audio/mpeg,audio/kas_p_40_31.mp3,,31346
8e77111f1577db47ffbf1021f5414c5b,hno_40_40a.wav,,audio/x-wav,audio/hno_40_40a.wav,,122600
d43be5336eccc0f71340fa91cc001370,hno_40_40a.mp3,,audio/mpeg,audio/hno_40_40a.mp3,,30301
f4e4b46bb6ba6191126e1e8d0bbd9744,wbl_p_40_32.wav,,audio/x-wav,audio/wbl_p_40_32.wav,,119704
aec3d6357273bd4fb0467095cd9fa95a,wbl_p_40_32.mp3,,audio/mpeg,audio/wbl_p_40_32.mp3,,29256
20119fa6fa78d5d7d1db56a9d28c4017,ydg_40_26.mp3,,audio/mpeg,audio/ydg_40_26.mp3,,28211
89f150f04a33b5471ce30ebcf52119f4,ydg_40_26.wav,,audio/x-wav,audio/ydg_40_26.wav,,113884
15096f46ca2bd8c87e7c657053044883,phl_40_09.wav,,audio/x-wav,audio/phl_40_09.wav,,121588
5bb630997c3fd7c90bcc4a52eb3fcf30,phl_40_09.mp3,,audio/mpeg,audio/phl_40_09.mp3,,30301
cc27e8739f212b1d6b962c6898006562,ask_40_34.wav,,audio/x-wav,audio/ask_40_34.wav,,134088
6ded2676ece0e7b75630ef324b191521,ask_40_34.mp3,,audio/mpeg,audio/ask_40_34.mp3,,33435
5f146e8fb4372b7d64eb17f5710b07d6,glh_ag_40_23.wav,,audio/x-wav,audio/glh_ag_40_23.wav,,118516
0551009afc95a911a947ff0205ae2121,glh_ag_40_23.mp3,,audio/mpeg,audio/glh_ag_40_23.mp3,,29256
f25ac5a28850dca125e10589c43ae6a4,psi_am_40_22.wav,,audio/x-wav,audio/psi_am_40_22.wav,,131932
4a9a2b0db084f478edb4c512d263a410,psi_am_40_22.mp3,,audio/mpeg,audio/psi_am_40_22.mp3,,32391
537a0e2a88d82044ee85e4929432aeb6,psi_ar_40_29.wav,,audio/x-wav,audio/psi_ar_40_29.wav,,119688
c03caf4a4518c744b281c06484c53da8,psi_ar_40_29.mp3,,audio/mpeg,audio/psi_ar_40_29.mp3,,29256
fd71048354dbad7b52ba8a6fc512c179,kls_40_20.wav,,audio/x-wav,audio/kls_40_20.wav,,138992
dec8bb5c58cebc00cbd2d1ead2239dad,kls_40_20.mp3,,audio/mpeg,audio/kls_40_20.mp3,,34480
3ec157b0db589d88ee70ba66d3ee64a0,sgh_a_40_31.wav,,audio/x-wav,audio/sgh_a_40_31.wav,,187388
22b4308e8b575b59f71d3436b72cf0f9,sgh_a_40_31.mp3,,audio/mpeg,audio/sgh_a_40_31.mp3,,44929
e28626f71159feca4f882abb2203e502,aee_sh_40_04.wav,,audio/x-wav,audio/aee_sh_40_04.wav,,98844
4443cd10273da085c2479899256ef911,aee_sh_40_04.mp3,,audio/mpeg,audio/aee_sh_40_04.mp3,,25076
778642d02a0f039b5254ca62915d5ad1,aee_ch_40_07.wav,,audio/x-wav,audio/aee_ch_40_07.wav,,86712
17a84cb72b6c13366e682a9e4f94ddb4,aee_ch_40_07.mp3,,audio/mpeg,audio/aee_ch_40_07.mp3,,21942
23ba8868ba9d8f9fc2391e2928685f02,sdg_40_39.wav,,audio/x-wav,audio/sdg_40_39.wav,,104412
411110f4ed96908f85a585ea780e4301,sdg_40_39.mp3,,audio/mpeg,audio/sdg_40_39.mp3,,26121
757d374089c8bc0ea398d68a5d61641d,kls_40_09.wav,,audio/x-wav,audio/kls_40_09.wav,,136316
e8ebdf637bd1d68a00e78e494585f78e,kls_40_09.mp3,,audio/mpeg,audio/kls_40_09.mp3,,33435
50fb54d00ece18ea3eedbcc55fa8f1d3,gwt_p_40_26.wav,,audio/x-wav,audio/gwt_p_40_26.wav,,107240
1765a1f1f12927eede1fe254670312b4,gwt_p_40_26.mp3,,audio/mpeg,audio/gwt_p_40_26.mp3,,27166
817eec6972b2a3a6058708c0ed5a4828,sdg_40_25.wav,,audio/x-wav,audio/sdg_40_25.wav,,165372
df244cefd6bb87ec96af78d1a5ca950e,sdg_40_25.mp3,,audio/mpeg,audio/sdg_40_25.mp3,,39705
2ce745925678c0df400e492b5f36e079,aee_kg_40_14.wav,,audio/x-wav,audio/aee_kg_40_14.wav,,108076
693a2d45893f5351b27eb8319d714871,aee_kg_40_14.mp3,,audio/mpeg,audio/aee_kg_40_14.mp3,,27166
f8073b7de7ce20ff0bdfc2e6dfe8e8d1,gju_a_40_17.wav,,audio/x-wav,audio/gju_a_40_17.wav,,145196
2010551422d464100c5d96490c8248b0,gju_a_40_17.mp3,,audio/mpeg,audio/gju_a_40_17.mp3,,35525
8c61324f61dc1e816b5d0926dcca4c4e,psh_ai_40_35.wav,,audio/x-wav,audio/psh_ai_40_35.wav,,111272
692da3351856f98fc40f19fafcc3d67f,psh_ai_40_35.mp3,,audio/mpeg,audio/psh_ai_40_35.mp3,,28211
b3fbe2d8c1485e8500f9785942a4a411,sgh_r_40_32.wav,,audio/x-wav,audio/sgh_r_40_32.wav,,124396
cc3e5cf73dda3fa63801138b19bf9a3a,sgh_r_40_32.mp3,,audio/mpeg,audio/sgh_r_40_32.mp3,,30301
8aaf76bb3465f00821684d0f23c4416e,psi_ar_40_38b.wav,,audio/x-wav,audio/psi_ar_40_38b.wav,,135128
628f95bac753aee15a06384b505a2134,psi_ar_40_38b.mp3,,audio/mpeg,audio/psi_ar_40_38b.mp3,,33435
8bda75101566597c1f79c5cd9f181e85,btv_40_29.wav,,audio/x-wav,audio/btv_40_29.wav,,160300
b73f903cf16a0e3fa219e4fdccc7df65,btv_40_29.mp3,,audio/mpeg,audio/btv_40_29.mp3,,38660
950f4f4cc74a4cf06f5210435990376b,bkk_40_30a.wav,,audio/x-wav,audio/bkk_40_30a.wav,,120240
72bf761f52b96a578b704f8805219284,bkk_40_30a.mp3,,audio/mpeg,audio/bkk_40_30a.mp3,,30301
97ba0256e8f5b20de2d18063304117ba,trw_40_05.wav,,audio/x-wav,audio/trw_40_05.wav,,94692
1785d8eaa0419ec61eb8a3eaf3d9a354,trw_40_05.mp3,,audio/mpeg,audio/trw_40_05.mp3,,24031
946aefab10258b3bfac49621980d7686,gwt_a_40_28.wav,,audio/x-wav,audio/gwt_a_40_28.wav,,134948
6ba8514dc6a7b9e62093abb552f7f8c3,gwt_a_40_28.mp3,,audio/mpeg,audio/gwt_a_40_28.mp3,,33435
fc64a671d84e197784d3b2ec64d1af39,prx_40_33.wav,,audio/x-wav,audio/prx_40_33.wav,,107468
83cbc12527d4b352076fce2dfe5c26e7,prx_40_33.mp3,,audio/mpeg,audio/prx_40_33.mp3,,27166
87f29d66e60d1a2638bf0b562135d7bd,bsk_n_40_15b.wav,,audio/x-wav,audio/bsk_n_40_15b.wav,,150596
af0f624fa227e1cbd523b860d686f04a,bsk_n_40_15b.mp3,,audio/mpeg,audio/bsk_n_40_15b.mp3,,36570
c2324981c15d5b27595cedd517d007ff,psi_ar_40_27.wav,,audio/x-wav,audio/psi_ar_40_27.wav,,86884
3b6fcea4e1791031ab88778fece12b58,psi_ar_40_27.mp3,,audio/mpeg,audio/psi_ar_40_27.mp3,,21942
5d5b0853785e3eb1c13596c20064f0c3,bsk_n_40_23b.wav,,audio/x-wav,audio/bsk_n_40_23b.wav,,129324
677e61d94b6158048e64b29cded0dc43,bsk_n_40_23b.mp3,,audio/mpeg,audio/bsk_n_40_23b.mp3,,32391
0f501a5578d28e8e547ba1e16eb26e88,plk_40_08.wav,,audio/x-wav,audio/plk_40_08.wav,,126200
dfd317f6049570bce8aa27352da47639,plk_40_08.mp3,,audio/mpeg,audio/plk_40_08.mp3,,31346
5102e79060660e38461f3a65729e723f,mnj_40_29.wav,,audio/x-wav,audio/mnj_40_29.wav,,166108
fd53b48401298d08ffc2e1eabbf4e808,mnj_40_29.mp3,,audio/mpeg,audio/mnj_40_29.mp3,,40750
ae00deddc759ec03f622b58cb8c4494e,scl_p_40_31.wav,,audio/x-wav,audio/scl_p_40_31.wav,,136816
c3f1733e16fc89b1d9d923d59d540439,scl_p_40_31.mp3,,audio/mpeg,audio/scl_p_40_31.mp3,,33435
6d202c571793783b1c1d2c48d89b15d3,sdg_40_30.wav,,audio/x-wav,audio/sdg_40_30.wav,,130276
dff1200c2e51bd3c2b79b4b158b5e3e1,sdg_40_30.mp3,,audio/mpeg,audio/sdg_40_30.mp3,,32391
29a98a393be1462718a8eee215b14082,xvi_40_06.mp3,,audio/mpeg,audio/xvi_40_06.mp3,,32391
7c53a23498ecabb86336ed26ee24b297,xvi_40_06.wav,,audio/x-wav,audio/xvi_40_06.wav,,133588
8a50030eafd27aedf091faecef740b4d,gwt_p_40_24.wav,,audio/x-wav,audio/gwt_p_40_24.wav,,107240
a62dae9662c12999549e7d16fbdb590c,gwt_p_40_24.mp3,,audio/mpeg,audio/gwt_p_40_24.mp3,,27166
818cc991cad2f172e6c6edb91a999966,sgh_a_40_28.wav,,audio/x-wav,audio/sgh_a_40_28.wav,,148508
e64b8cc1d6c99849b6b19d9597f531fb,sgh_a_40_28.mp3,,audio/mpeg,audio/sgh_a_40_28.mp3,,36570
be72cd56fd02f07aa4b9ac0382214e47,dml_40_39.wav,,audio/x-wav,audio/dml_40_39.wav,,101148
82aa27262be0deaa80e60014af9eb541,dml_40_39.mp3,,audio/mpeg,audio/dml_40_39.mp3,,25076
ddef5df46d3acc4c673df6b8fed1b7e6,sgh_r_40_03b.wav,,audio/x-wav,audio/sgh_r_40_03b.wav,,101568
8a2a39eadca588fa510d9f0ff8d87353,sgh_r_40_03b.mp3,,audio/mpeg,audio/sgh_r_40_03b.mp3,,26121
3434b0d08ddaecd74f51e272f1675008,kas_p_40_37.wav,,audio/x-wav,audio/kas_p_40_37.wav,,165896
38fc211ecb14ff87c7c5b03c7177523c,kas_p_40_37.mp3,,audio/mpeg,audio/kas_p_40_37.mp3,,39705
6a4ce3633b9317f50634ad3548a08521,psi_am_40_34.wav,,audio/x-wav,audio/psi_am_40_34.wav,,103208
186ccf8ffd9e3faf1fcfa3ca8aa00bd2,psi_am_40_34.mp3,,audio/mpeg,audio/psi_am_40_34.mp3,,26121
2e02341c156f4d449c7003349918144c,ush_40_14.wav,,audio/x-wav,audio/ush_40_14.wav,,154004
36dde75101a9df2012fc85dc7af9f7c5,ush_40_14.mp3,,audio/mpeg,audio/ush_40_14.mp3,,37615
9f6a67de3be03c9148ac7846bfafd30d,bsh_e_40_25.wav,,audio/x-wav,audio/bsh_e_40_25.wav,,96092
bf1c54ad7ef49e7f5522883e2ac74f6f,bsh_e_40_25.mp3,,audio/mpeg,audio/bsh_e_40_25.mp3,,24031
f8f710bba3c2aedfa6bd02c5223b3c92,ask_40_25.wav,,audio/x-wav,audio/ask_40_25.wav,,123576
5addb7dd5311717e6c6ba2fdeb6ac3b3,ask_40_25.mp3,,audio/mpeg,audio/ask_40_25.mp3,,30301
a2c005c2d4b7e2a419e2f71e923aa688,gwt_a_40_18.wav,,audio/x-wav,audio/gwt_a_40_18.wav,,91160
e1453998648c15560bc3ea677241b465,gwt_a_40_18.mp3,,audio/mpeg,audio/gwt_a_40_18.mp3,,22986
0da421d8f276f7dd20ea98a587e3778f,bsk_h_40_22.wav,,audio/x-wav,audio/bsk_h_40_22.wav,,75628
c5d77c14338161f59ddc50d761b09472,bsk_h_40_22.mp3,,audio/mpeg,audio/bsk_h_40_22.mp3,,19852
f013bf0163cabb77d09aec5872b58d45,aee_kg_40_15.wav,,audio/x-wav,audio/aee_kg_40_15.wav,,89780
2e0ec06e150ad77f59491a0f111ca66a,aee_kg_40_15.mp3,,audio/mpeg,audio/aee_kg_40_15.mp3,,22986
f79601e5953670c1e1e968f961c56c54,kir_40_24.wav,,audio/x-wav,audio/kir_40_24.wav,,139604
99b966f15c103b9164ac10d078d2351f,kir_40_24.mp3,,audio/mpeg,audio/kir_40_24.mp3,,34480
c7787c4d90b33810737dd68292cd19a3,xka_40_23.mp3,,audio/mpeg,audio/xka_40_23.mp3,,29256
954ae18ab005b879a83d6d76865d36d7,xka_40_23.wav,,audio/x-wav,audio/xka_40_23.wav,,116988
eafef7ee1fa9302bcbb1e338a2fa3beb,aee_ch_40_24.wav,,audio/x-wav,audio/aee_ch_40_24.wav,,90248
6e54b014ff73f21998842c8314d36a67,aee_ch_40_24.mp3,,audio/mpeg,audio/aee_ch_40_24.mp3,,22986
97e308aa0ef83159e151cb19237872ee,btv_40_39.wav,,audio/x-wav,audio/btv_40_39.wav,,91620
7638952985082ad34e3d3d2a345395a3,btv_40_39.mp3,,audio/mpeg,audio/btv_40_39.mp3,,22986
9acd2f6f21d10e77a02f62fdab3a6acc,wbl_p_40_35.wav,,audio/x-wav,audio/wbl_p_40_35.wav,,150888
0a171c9f522d590f02f44134ba760342,wbl_p_40_35.mp3,,audio/mpeg,audio/wbl_p_40_35.mp3,,36570
8b7bd7d70a23b76fb4e533b3d1f070a0,kir_40_37.wav,,audio/x-wav,audio/kir_40_37.wav,,150996
21f776597751dc97a6e4b377d0793ff0,kir_40_37.mp3,,audio/mpeg,audio/kir_40_37.mp3,,36570
b020add7b730f7458a233bdb69a56d07,bsh_w_40_20.wav,,audio/x-wav,audio/bsh_w_40_20.wav,,105900
380f2a7db65f3180e0fbc6a58d9f4d93,bsh_w_40_20.mp3,,audio/mpeg,audio/bsh_w_40_20.mp3,,26121
86590d63be6ddd6b8717cad69c166e31,wbk_40_01.wav,,audio/x-wav,audio/wbk_40_01.wav,,82812
3b85675dc49184de41ba76935b764f5a,wbk_40_01.mp3,,audio/mpeg,audio/wbk_40_01.mp3,,20897
11a4271e4c61e609f2b9ed1d46037a98,sgh_a_40_32.wav,,audio/x-wav,audio/sgh_a_40_32.wav,,132600
d60a5ff28c5e429fd2204477b72db0eb,sgh_a_40_32.mp3,,audio/mpeg,audio/sgh_a_40_32.mp3,,32391
ef3bad48298fb2cac7d9c0089f7dea5d,trw_40_17.wav,,audio/x-wav,audio/trw_40_17.wav,,72108
1d5f9416f33ed848814ae1c9d7ee6dd4,trw_40_17.mp3,,audio/mpeg,audio/trw_40_17.mp3,,18807
2df494013e7f4084443627ceda3e38c7,psi_am_40_01.wav,,audio/x-wav,audio/psi_am_40_01.wav,,152832
c13cefe23250a227222ae89a1f659c25,psi_am_40_01.mp3,,audio/mpeg,audio/psi_am_40_01.mp3,,37615
c52c0ddd7b637f1f36ea7e54c9507701,khw_40_05.wav,,audio/x-wav,audio/khw_40_05.wav,,104376
11e9fe5fb92885ffdb0f0e48f254c406,khw_40_05.mp3,,audio/mpeg,audio/khw_40_05.mp3,,26121
e3b74a7e8fb5f8e81453d00f5b7c7250,dml_40_31.wav,,audio/x-wav,audio/dml_40_31.wav,,162984
8ed3d2e20178cb3e0d92aa0065d65e2b,dml_40_31.mp3,,audio/mpeg,audio/dml_40_31.mp3,,39705
d07625572d8d49b026ef511bdc270b19,aee_ch_40_14.wav,,audio/x-wav,audio/aee_ch_40_14.wav,,119136
fa5714c498067ed846b0e6cd88ae1f50,aee_ch_40_14.mp3,,audio/mpeg,audio/aee_ch_40_14.mp3,,29256
fe519cb11776bf593e57b2713aeb96ad,xvi_40_37.mp3,,audio/mpeg,audio/xvi_40_37.mp3,,31346
ccf493ddd2e1e661e39dbab4f533c4ea,xvi_40_37.wav,,audio/x-wav,audio/xvi_40_37.wav,,125640
87f5148349bc1db855d9a5da6c80ab9c,trw_40_36.wav,,audio/x-wav,audio/trw_40_36.wav,,103836
73bb909ed2fd49e4534ef39bb258c290,trw_40_36.mp3,,audio/mpeg,audio/trw_40_36.mp3,,26121
0f5c7ea7332039e2d5bb41e5ab550f73,gwc_40_28.wav,,audio/x-wav,audio/gwc_40_28.wav,,142488
fb2d397ea814019d7464552558121c79,gwc_40_28.mp3,,audio/mpeg,audio/gwc_40_28.mp3,,34480
b71245149fe115952e016938bbb1a073,xvi_40_04.mp3,,audio/mpeg,audio/xvi_40_04.mp3,,32391
264e4b6bc4d582e88fc522ad26c9f495,xvi_40_04.wav,,audio/x-wav,audio/xvi_40_04.wav,,132000
f1b565158df1e8c7f582b8eaf344c319,pbu_a_40_32.wav,,audio/x-wav,audio/pbu_a_40_32.wav,,82180
6513b43df9b1106698671584c4db23ff,pbu_a_40_32.mp3,,audio/mpeg,audio/pbu_a_40_32.mp3,,20897
173238723242bb6f18df680c94853ebb,pbu_i_40_26.wav,,audio/x-wav,audio/pbu_i_40_26.wav,,114032
ef2aa52e35a366d920a48b66ddb16570,pbu_i_40_26.mp3,,audio/mpeg,audio/pbu_i_40_26.mp3,,28211
1fa1c7256cfd92a34b9bd348df1555b0,scl_p_40_36.wav,,audio/x-wav,audio/scl_p_40_36.wav,,122044
a707d868cae8aff4e4f9a6dbdc24b848,scl_p_40_36.mp3,,audio/mpeg,audio/scl_p_40_36.mp3,,30301
6a7383922960cca8a28ac2a625bb6e64,kas_i_40_22.wav,,audio/x-wav,audio/kas_i_40_22.wav,,149716
13983278dd244da652c8d1324e114a26,kas_i_40_22.mp3,,audio/mpeg,audio/kas_i_40_22.mp3,,36570
1aa095db332f2888320023c4528d9632,scl_p_40_02.wav,,audio/x-wav,audio/scl_p_40_02.wav,,175112
624037df9d5f564cf6bb9860b82de2e5,scl_p_40_02.mp3,,audio/mpeg,audio/scl_p_40_02.mp3,,41795
e11d3106cd8ec3a90c660f7b931dbb12,bkk_40_24.wav,,audio/x-wav,audio/bkk_40_24.wav,,142960
e99c3734a8a693b50f7b38c49a6146e8,bkk_40_24.mp3,,audio/mpeg,audio/bkk_40_24.mp3,,35525
45a8fef7f3de812cd88ab2ea1e675491,mnj_40_34.wav,,audio/x-wav,audio/mnj_40_34.wav,,177564
65466db318d81391e96ca65051c13942,mnj_40_34.mp3,,audio/mpeg,audio/mnj_40_34.mp3,,42840
b6cd7c5504693d1cb43a72f8029d07c1,btv_40_16.wav,,audio/x-wav,audio/btv_40_16.wav,,98664
9575b6c019484c5bbff10774683921cf,btv_40_16.mp3,,audio/mpeg,audio/btv_40_16.mp3,,25076
b786a6888d37a6092770c109d4c7891b,mvy_40_39.wav,,audio/x-wav,audio/mvy_40_39.wav,,112164
2d9ce6b796cbd5e29ed759bc27f1aadd,mvy_40_39.mp3,,audio/mpeg,audio/mvy_40_39.mp3,,28211
b7964786cc2c21225df125505af99108,gwt_p_40_35.wav,,audio/x-wav,audio/gwt_p_40_35.wav,,112572
a72de6490c4d91003c681f793ec940ef,gwt_p_40_35.mp3,,audio/mpeg,audio/gwt_p_40_35.mp3,,28211
78a0df0c0a96604288c88daedc75cd4b,glh_sn_40_22.wav,,audio/x-wav,audio/glh_sn_40_22.wav,,87992
de90422ab19dead4346b75fab990368c,glh_sn_40_22.mp3,,audio/mpeg,audio/glh_sn_40_22.mp3,,22986
fd9465aa3f4a8ebc705302c75aa88443,prs_d_40_19.wav,,audio/x-wav,audio/prs_d_40_19.wav,,134688
b04487aeec15095c7c64ba27f0a145c9,prs_d_40_19.mp3,,audio/mpeg,audio/prs_d_40_19.mp3,,33435
5bcc1bd1fae5a599c16a2ef028cae6a7,psh_ai_40_40.wav,,audio/x-wav,audio/psh_ai_40_40.wav,,99140
3d11cd568aede4e4528d6c69b0557df1,psh_ai_40_40.mp3,,audio/mpeg,audio/psh_ai_40_40.mp3,,25076
1114c56a621228793464b655e608f824,pbu_i_40_04.wav,,audio/x-wav,audio/pbu_i_40_04.wav,,117636
0e0074a64ae7651fd3eb4f2e59af3f7a,pbu_i_40_04.mp3,,audio/mpeg,audio/pbu_i_40_04.mp3,,29256
120d973c27904c905eef7f7ff0ede1f0,bkk_40_18.wav,,audio/x-wav,audio/bkk_40_18.wav,,130844
4c696d35d06182f495d45140ba829824,bkk_40_18.mp3,,audio/mpeg,audio/bkk_40_18.mp3,,32391
40e32497ff0959e76f4ca7ad18fd25b4,xvi_40_32.mp3,,audio/mpeg,audio/xvi_40_32.mp3,,27166
62a073ad13c2a68c497b621102e56185,xvi_40_32.wav,,audio/x-wav,audio/xvi_40_32.wav,,108948
1bcf7c365e4c2924ccf984e70c137dc2,scl_i_40_25.wav,,audio/x-wav,audio/scl_i_40_25.wav,,110708
629e713d3b8abd285cb440d8f086fafa,scl_i_40_25.mp3,,audio/mpeg,audio/scl_i_40_25.mp3,,28211
5f1c50d1920999efdbb19d35f07d1a81,ush_40_29.wav,,audio/x-wav,audio/ush_40_29.wav,,139344
0aa762af39e9d633442ba01c54a30109,ush_40_29.mp3,,audio/mpeg,audio/ush_40_29.mp3,,34480
a2da3ab5e1492f9a74bc65bd7fe185b1,bsh_w_40_11.wav,,audio/x-wav,audio/bsh_w_40_11.wav,,138764
ae171f3251b81c4d2fc465ba6d5077db,bsh_w_40_11.mp3,,audio/mpeg,audio/bsh_w_40_11.mp3,,34480
baddb57daa6980eacacbc1388dd6e7d1,trw_40_15.wav,,audio/x-wav,audio/trw_40_15.wav,,124808
018bb5b9a46e528a2ef2f1d7c8b4b1a3,trw_40_15.mp3,,audio/mpeg,audio/trw_40_15.mp3,,31346
868c21f74e3cae7b546203999a82525b,scl_p_40_30.wav,,audio/x-wav,audio/scl_p_40_30.wav,,144476
4375ac81c210c88ca05b03d32f6b6959,scl_p_40_30.mp3,,audio/mpeg,audio/scl_p_40_30.mp3,,35525
ab79d68a79a3e94fbedccf47558c097d,xvi_40_20.mp3,,audio/mpeg,audio/xvi_40_20.mp3,,31346
8b2f6c636e0f88fbe146e7cb1d32781f,xvi_40_20.wav,,audio/x-wav,audio/xvi_40_20.wav,,124848
b37de2fecb408288e3671bf9d56ce545,bsk_n_40_12.wav,,audio/x-wav,audio/bsk_n_40_12.wav,,124412
8573d96ca3ef0535dd3fcc269e44dafb,bsk_n_40_12.mp3,,audio/mpeg,audio/bsk_n_40_12.mp3,,30301
48481f57242bc0d83d2c8b1629061f25,sgy_40_38.wav,,audio/x-wav,audio/sgy_40_38.wav,,136124
7f331fc2e7e7943a24524c7c7a31264b,sgy_40_38.mp3,,audio/mpeg,audio/sgy_40_38.mp3,,33435
8d4db9eb1711ebd9032b589886b8f5f2,trw_40_12.wav,,audio/x-wav,audio/trw_40_12.wav,,90392
fbaef3bb52aebecc79eccada9eef3141,trw_40_12.mp3,,audio/mpeg,audio/trw_40_12.mp3,,22986
ca9bbfdb98df5203743c39b3ea090fbe,aee_sh_40_14.wav,,audio/x-wav,audio/aee_sh_40_14.wav,,106504
02b9dfbb76f63e52d78a23cb55b2cfde,aee_sh_40_14.mp3,,audio/mpeg,audio/aee_sh_40_14.mp3,,27166
8610755773ac4b59f14a4d2045f4b3b8,khw_40_30.wav,,audio/x-wav,audio/khw_40_30.wav,,102900
f3b1b14736ce0f68587395f14a374d2f,khw_40_30.mp3,,audio/mpeg,audio/khw_40_30.mp3,,26121
83eb9454574d6568d9eac6b051f993b7,sgy_40_23.wav,,audio/x-wav,audio/sgy_40_23.wav,,132312
05139cd60ad219e9abe577364057d238,sgy_40_23.mp3,,audio/mpeg,audio/sgy_40_23.mp3,,32391
1d91e178c782fad97cf605b7fe810e1b,pbu_a_40_23.wav,,audio/x-wav,audio/pbu_a_40_23.wav,,93532
57b75c9bf47ef2cf861f4cb281292d1f,pbu_a_40_23.mp3,,audio/mpeg,audio/pbu_a_40_23.mp3,,24031
5445510fefdd62d6e5edfd3ef0d1dfb0,ush_40_05.wav,,audio/x-wav,audio/ush_40_05.wav,,127124
c8c9af33fbd2a42a46c588e7a24429b5,ush_40_05.mp3,,audio/mpeg,audio/ush_40_05.mp3,,31346
29829568cc2858207a5dfb359d906c78,gwt_a_40_06.wav,,audio/x-wav,audio/gwt_a_40_06.wav,,107084
e8614db8cd48f5b4499230a4ca337720,gwt_a_40_06.mp3,,audio/mpeg,audio/gwt_a_40_06.mp3,,27166
d07627664b2c1c139274846687817ceb,bft_40_04.wav,,audio/x-wav,audio/bft_40_04.wav,,111048
5e13a5e0c1891a97a9c2d0f092ead4da,bft_40_04.mp3,,audio/mpeg,audio/bft_40_04.mp3,,28211
546813f4142ba1dcf69d6d0abe1081a4,trw_40_10.wav,,audio/x-wav,audio/trw_40_10.wav,,114056
916ea1bf07d638f398efe45ac1a3b64f,trw_40_10.mp3,,audio/mpeg,audio/trw_40_10.mp3,,28211
3cc3a120c8dd70cfd4f1f5ff91122065,bsk_h_40_29.wav,,audio/x-wav,audio/bsk_h_40_29.wav,,144804
4524a5bfe68ea948db4969d98103624f,bsk_h_40_29.mp3,,audio/mpeg,audio/bsk_h_40_29.mp3,,35525
5c40eb25c53ce44d49ad3dd819c676a3,psi_am_40_33.wav,,audio/x-wav,audio/psi_am_40_33.wav,,97984
ea356f18422533583227a0d852480ee9,psi_am_40_33.mp3,,audio/mpeg,audio/psi_am_40_33.mp3,,25076
4cb4d5edb658e4cad49c30875af63b44,bkk_40_27.wav,,audio/x-wav,audio/bkk_40_27.wav,,98520
ed442bd51e09020c39ebbbf568b593ef,bkk_40_27.mp3,,audio/mpeg,audio/bkk_40_27.mp3,,25076
8a22e7aecf950c1a444d98ebb02def22,wbl_p_40_15.wav,,audio/x-wav,audio/wbl_p_40_15.wav,,107908
97c39eb5f7bd71a3db33420bcb265078,wbl_p_40_15.mp3,,audio/mpeg,audio/wbl_p_40_15.mp3,,27166
08e25b420b3fea1d90d2075db5532d3e,prn_40_33.wav,,audio/x-wav,audio/prn_40_33.wav,,127068
f9c39f1b473c88bfbe35aac0f97db689,prn_40_33.mp3,,audio/mpeg,audio/prn_40_33.mp3,,31346
8e1a730ac4f7b1976c9372a33d861c86,aee_kg_40_26.wav,,audio/x-wav,audio/aee_kg_40_26.wav,,99364
32c8b78a6829b1b898b922dbdfb2539b,aee_kg_40_26.mp3,,audio/mpeg,audio/aee_kg_40_26.mp3,,25076
d21d16a8224c37ef368e574d2818ceae,dml_40_26.wav,,audio/x-wav,audio/dml_40_26.wav,,97924
7fb76c5224eafe330397ec95eb8517ab,dml_40_26.mp3,,audio/mpeg,audio/dml_40_26.mp3,,25076
5550b98fb90912fb2087b2cdd9a7bf87,bsh_e_40_06.wav,,audio/x-wav,audio/bsh_e_40_06.wav,,101092
c0082f534dbdb69a94244a22d7bece75,bsh_e_40_06.mp3,,audio/mpeg,audio/bsh_e_40_06.mp3,,25076
3038500fa322a5518d65c73b4c786dfe,sgy_40_27.wav,,audio/x-wav,audio/sgy_40_27.wav,,110688
538009c95f3865043bc9bbdc4ca2fb0a,sgy_40_27.mp3,,audio/mpeg,audio/sgy_40_27.mp3,,28211
658a158a937453c4e577c828b921d85d,glh_ag_40_01b.wav,,audio/x-wav,audio/glh_ag_40_01b.wav,,97796
da0fbc298349c3a044a64c5faa505831,glh_ag_40_01b.mp3,,audio/mpeg,audio/glh_ag_40_01b.mp3,,25076
e6b89a27b1735d2b00897d5304dd9aa8,prc_40_38.wav,,audio/x-wav,audio/prc_40_38.wav,,85552
739458b5049227cc260b743d88346d8b,prc_40_38.mp3,,audio/mpeg,audio/prc_40_38.mp3,,21942
85695783b077c413655bf799394b946b,mvy_40_21.wav,,audio/x-wav,audio/mvy_40_21.wav,,141828
6efec8b389fd8c35778a719d3372a03b,mvy_40_21.mp3,,audio/mpeg,audio/mvy_40_21.mp3,,34480
fae16dd0dc3a845d0825083c5a518951,phr_40_15.wav,,audio/x-wav,audio/phr_40_15.wav,,116656
b7a2252e080b28ae805a2a03036fe763,phr_40_15.mp3,,audio/mpeg,audio/phr_40_15.mp3,,29256
49c7682aa7f59c1d24910703f2da54e9,hno_40_02.wav,,audio/x-wav,audio/hno_40_02.wav,,144488
888fd031136cc7a98723bba3f2577da0,hno_40_02.mp3,,audio/mpeg,audio/hno_40_02.mp3,,35525
c2fff6ffa87a7e4daa9d03ac88d71213,kir_40_04.wav,,audio/x-wav,audio/kir_40_04.wav,,153844
41a670bebe87ec362d607f1d90a9b6a8,kir_40_04.mp3,,audio/mpeg,audio/kir_40_04.mp3,,37615
ef415fc388807de50ef03f51a2e8d8de,phr_40_37.wav,,audio/x-wav,audio/phr_40_37.wav,,149348
41dce9a127f4228e91e5e4a32f46bad6,phr_40_37.mp3,,audio/mpeg,audio/phr_40_37.mp3,,36570
818ed3da1002e757a5a935f32da00009,gju_p_40_18.wav,,audio/x-wav,audio/gju_p_40_18.wav,,122972
c9b70c7e7307f36734989241d974a0d2,gju_p_40_18.mp3,,audio/mpeg,audio/gju_p_40_18.mp3,,30301
dc78903f9f92a2c7b90d2df5ef6d7b04,psi_ar_40_28c.wav,,audio/x-wav,audio/psi_ar_40_28c.wav,,99424
b91de85dbc0d943c525ccb00be5fde5c,psi_ar_40_28c.mp3,,audio/mpeg,audio/psi_ar_40_28c.mp3,,25076
90143bbf70f84d4bd667334058f237e4,psi_am_40_32.wav,,audio/x-wav,audio/psi_am_40_32.wav,,99288
fe638d1f32f17bda8848ab0ab6f584eb,psi_am_40_32.mp3,,audio/mpeg,audio/psi_am_40_32.mp3,,25076
08c18e6fa527ccc2f762d1681a8e2b45,btv_40_08.wav,,audio/x-wav,audio/btv_40_08.wav,,99984
fc04cf91a785119c1bfecd1c52dc8c2e,btv_40_08.mp3,,audio/mpeg,audio/btv_40_08.mp3,,25076
84fcbc58d47d18f82da116ce40566811,prn_40_32.wav,,audio/x-wav,audio/prn_40_32.wav,,102540
0ce7d08517633addd11e2bd4b799f9ff,prn_40_32.mp3,,audio/mpeg,audio/prn_40_32.mp3,,26121
d4440b3bd75b2f1657bbabe6e9cc8376,kls_40_33.wav,,audio/x-wav,audio/kls_40_33.wav,,196888
2a2b14d0642d33712e954927c4a77358,kls_40_33.mp3,,audio/mpeg,audio/kls_40_33.mp3,,47019
e9ad7e170406a4cab063f018f17d873f,prs_d_40_11.wav,,audio/x-wav,audio/prs_d_40_11.wav,,137816
3f334eb2e0ef98d858c95ba09d15955f,prs_d_40_11.mp3,,audio/mpeg,audio/prs_d_40_11.mp3,,33435
adfa7a41b4f172dc82d4ca9c28b01bd6,kas_p_40_13.wav,,audio/x-wav,audio/kas_p_40_13.wav,,122484
5688ee7ba0e270b40a5ac9f7d5bfbcde,kas_p_40_13.mp3,,audio/mpeg,audio/kas_p_40_13.mp3,,30301
b91662c6fb2f0523c7ce58335ef1db94,prx_40_09.wav,,audio/x-wav,audio/prx_40_09.wav,,92712
a4a604a7fce20b8cbf1606c5978c1d25,prx_40_09.mp3,,audio/mpeg,audio/prx_40_09.mp3,,24031
1d1534f17c433cd94fd2d5ad87a00bd3,psi_ar_40_29b.wav,,audio/x-wav,audio/psi_ar_40_29b.wav,,136092
6f7fc5dbd94386b71daf7032f610bd5a,psi_ar_40_29b.mp3,,audio/mpeg,audio/psi_ar_40_29b.mp3,,33435
4ab8a43b1d62d12e1129fe7ad2532fff,aee_ch_40_12.wav,,audio/x-wav,audio/aee_ch_40_12.wav,,115012
60e2f14267f380380be0efa2c7a012fc,aee_ch_40_12.mp3,,audio/mpeg,audio/aee_ch_40_12.mp3,,28211
f99efbda1a19325db79cd020d8e62ace,mvy_40_31.wav,,audio/x-wav,audio/mvy_40_31.wav,,127868
3954125192b53dece1f76a8577d78ca6,mvy_40_31.mp3,,audio/mpeg,audio/mvy_40_31.mp3,,31346
34e4a5e980a70984a54ef5ee41389877,kas_p_40_14.wav,,audio/x-wav,audio/kas_p_40_14.wav,,147360
89e935d24beb398a5fee299aee3307fb,kas_p_40_14.mp3,,audio/mpeg,audio/kas_p_40_14.mp3,,35525
135509924ad0743749c4e6e45cdacc6d,btv_40_34.wav,,audio/x-wav,audio/btv_40_34.wav,,124200
fd01898efbe6196becc8af84b4759725,btv_40_34.mp3,,audio/mpeg,audio/btv_40_34.mp3,,30301
b3a773111afb5f3b9133bc8818aacff0,aee_sh_40_28.wav,,audio/x-wav,audio/aee_sh_40_28.wav,,128708
94aadd1a259e3b7d102b52b4ce1d4014,aee_sh_40_28.mp3,,audio/mpeg,audio/aee_sh_40_28.mp3,,31346
51493294c25cf5dfc22bb6eea6a9e9e6,scl_i_40_18.wav,,audio/x-wav,audio/scl_i_40_18.wav,,98616
16de938c5f910595227d57137cc3d6b8,scl_i_40_18.mp3,,audio/mpeg,audio/scl_i_40_18.mp3,,25076
c9525d3f90c7145d18ddfa070f0ffe53,prc_40_19.wav,,audio/x-wav,audio/prc_40_19.wav,,136608
96f377373e6575a1a4ab1ed398512405,prc_40_19.mp3,,audio/mpeg,audio/prc_40_19.mp3,,33435
7ff16bb3a38e86dbca4251b21b675290,bsk_h_40_28.wav,,audio/x-wav,audio/bsk_h_40_28.wav,,103812
eaf31c65b1dffa172e9f35276ee19cd5,bsk_h_40_28.mp3,,audio/mpeg,audio/bsk_h_40_28.mp3,,26121
d7966add569fb23214c0b15ed59ecac8,bsh_w_40_32.wav,,audio/x-wav,audio/bsh_w_40_32.wav,,117980
bba3ada8a1e3b513959982e201ef4045,bsh_w_40_32.mp3,,audio/mpeg,audio/bsh_w_40_32.mp3,,29256
f0872e639c5f31310fb4d7cbd044d369,bsh_w_40_30.wav,,audio/x-wav,audio/bsh_w_40_30.wav,,127164
e8afd0b80b040b021f8f90a3b2e75bf0,bsh_w_40_30.mp3,,audio/mpeg,audio/bsh_w_40_30.mp3,,31346
2bda2cb6463f88de968e205b69510d81,kir_40_33.wav,,audio/x-wav,audio/kir_40_33.wav,,123468
a78d74f568e0466b70bba3599a41c60c,kir_40_33.mp3,,audio/mpeg,audio/kir_40_33.mp3,,30301
45b87e031b05dfdf11f612a1eeed8473,ask_40_12.wav,,audio/x-wav,audio/ask_40_12.wav,,118320
9a48e677dd8ef3cd0a17a60f1829d5ae,ask_40_12.mp3,,audio/mpeg,audio/ask_40_12.mp3,,29256
66b56715f6bf083a436ae828d403d242,kls_40_04.wav,,audio/x-wav,audio/kls_40_04.wav,,123848
402e02d7f62e830dff8d3f6a85f5db1f,kls_40_04.mp3,,audio/mpeg,audio/kls_40_04.mp3,,30301
93e81468e9095288bc7f34e8c0192b55,wbk_40_22.wav,,audio/x-wav,audio/wbk_40_22.wav,,83736
0f58b7812ca0df383bc2b1dd55a7f97e,wbk_40_22.mp3,,audio/mpeg,audio/wbk_40_22.mp3,,21942
88f09a152ebbeac74c44db57ae54a0e5,bsh_e_40_13.wav,,audio/x-wav,audio/bsh_e_40_13.wav,,114100
4bdeee17bbf2a04c21d14dd517aa3688,bsh_e_40_13.mp3,,audio/mpeg,audio/bsh_e_40_13.mp3,,28211
21b0ba3146c31adc745b1764c02f1304,isk_40_23.wav,,audio/x-wav,audio/isk_40_23.wav,,112412
981092fc9134c0cd856e362388aac234,isk_40_23.mp3,,audio/mpeg,audio/isk_40_23.mp3,,28211
